签单日期,销售合同号,客户,物料名称,规格型号,物料编码,"销售
单位","销售
数量",单价,价税合计,价税合计（本位币）,销售员,备注
2023/1/3,XR43M2301001,福建圣农食品（浦城）有限公司,SRMTEC冷冻油,S019 208L/桶,600677,升,2080,46,95680,95680,张孝闽,
2023/1/4,XR43W2301003,福建圣农发展股份有限公司,氨气主机（深圳）,MIC-2000-32,10990230,台,3,5000,15000,15000,张孝闽,
2023/1/4,XR43W2301003,福建圣农发展股份有限公司,探头（深圳）,MIC-300-NH3,10990231,台,6,3500,21000,21000,张孝闽,
2023/1/4,XR43W2301002,福建圣农发展股份有限公司,氨气主机（深圳）,MIC-2000-32,10990230,台,3,5000,15000,15000,张孝闽,
2023/1/4,XR43W2301002,福建圣农发展股份有限公司,探头（深圳）,MIC-300-NH3,10990231,台,6,3500,21000,21000,张孝闽,
2023/1/4,XR43W2301001,福建圣农发展股份有限公司,氨气主机（深圳）,MIC-2000-32,10990230,台,3,5000,15000,15000,张孝闽,
2023/1/4,XR43W2301001,福建圣农发展股份有限公司,探头（深圳）,MIC-300-NH3,10990231,台,6,3500,21000,21000,张孝闽,
2023/1/4,XR43M2301002,福建圣农发展（浦城）有限公司,油过滤器滤芯,GTY4161-NJ-XR,01160080,件,10,800,8000,8000,张孝闽,
2023/1/9,XR43W2301006,福建圣农食品（浦城）有限公司,电缆线,YZ3×2.5+1×1.5(棕+黑+灰+黄绿),03240847,米,60,11.5,690,690,张孝闽,
2023/1/9,XR43M2301003,福建圣农食品有限公司,液位控制器,LB3 R717 40",01190046,件,1,13500,13500,13500,张孝闽,
2023/1/10,XR43M2301004,福建圣农发展（浦城）有限公司,油分滤芯,XRCFET-650/810,01160013,件,2,2124,4248,4248,张孝闽,
2023/1/12,XR43W2301009,福建圣农食品有限公司,氨气主机（深圳）,MIC-2000-32,10990230,台,1,6250,6250,6250,张孝闽,
2023/1/12,XR43W2301009,福建圣农食品有限公司,浪管,LNE-PA-Z(AD-34.5),03260127,米,18,0,0,,张孝闽,
2023/1/12,XR43W2301009,福建圣农食品有限公司,金属软管(雷诺尔),LNE-JSB-25,03260164,米,18,0,0,,张孝闽,
2023/1/12,XR43W2301009,福建圣农食品有限公司,浪管,LNE-PA-Z(AD-21.2),03260148,米,30,0,0,,张孝闽,
2023/1/12,XR43W2301009,福建圣农食品有限公司,水平弯通(鑫马),50×50 镀锌+厚1.2,03190104,个,132,0,0,,张孝闽,
2023/1/12,XR43W2301009,福建圣农食品有限公司,槽式桥架(鑫马),50×50 镀锌+厚1.2,03190241,米,660,0,0,,张孝闽,
2023/1/12,XR43W2301009,福建圣农食品有限公司,防爆声光报警灯,BBJ-1，电压24V，红色，LED信号灯90分贝,0119031214,件,45,0,0,,张孝闽,
2023/1/12,XR43W2301009,福建圣农食品有限公司,接线盒(TAYEE),B03601,03210045,个,44,0,0,,张孝闽,
2023/1/12,XR43W2301009,福建圣农食品有限公司,浪管,LNE-PA-Z(AD-34.5),03260127,米,132,0,0,,张孝闽,
2023/1/12,XR43W2301009,福建圣农食品有限公司,通讯中继模块(江苏精创电器),RCW-2,03220174,个,3,0,0,,张孝闽,
2023/1/12,XR43W2301009,福建圣农食品有限公司,浪管,LNE-PA-Z(AD-21.2),03260148,米,220,0,0,,张孝闽,
2023/1/12,XR43W2301009,福建圣农食品有限公司,电缆线(闳联),TRVV3×2.5,03240702,米,5000,0,0,,张孝闽,
2023/1/12,XR43W2301009,福建圣农食品有限公司,金属软管(雷诺尔),LNE-JSB-25,03260164,米,132,0,0,,张孝闽,
2023/1/12,XR43W2301009,福建圣农食品有限公司,网线带电源一体线无氧铜网线 复合300米,4芯0.5无氧铜＋2芯1.0无氧铜,0119031213,捆,16,0,0,,张孝闽,
2023/1/12,XR43W2301009,福建圣农食品有限公司,气体预处理在线监测系统,TH1000,19061559,件,10,5500,55000,55000,张孝闽,
2023/1/12,XR43W2301009,福建圣农食品有限公司,探头（深圳）,MIC-300-NH3,10990231,台,10,3290,32900,32900,张孝闽,
2023/1/12,XR43W2301009,福建圣农食品有限公司,氨气主机（深圳）,MIC-2000-32,10990230,台,1,6250,6250,6250,张孝闽,
2023/1/12,XR43W2301009,福建圣农食品有限公司,电缆线(闳联),RVV18×1.0,03240074,米,300,30,9000,9000,张孝闽,
2023/1/12,XR43W2301009,福建圣农食品有限公司,气体预处理在线监测系统,TH1000,19061559,件,20,5500,110000,110000,张孝闽,
2023/1/12,XR43W2301009,福建圣农食品有限公司,探头（深圳）,MIC-300-NH3,10990231,台,20,3290,65800,65800,张孝闽,
2023/1/12,XR43W2301009,福建圣农食品有限公司,氨气主机（深圳）,MIC-2000-32,10990230,台,1,6250,6250,6250,张孝闽,
2023/1/12,XR43W2301009,福建圣农食品有限公司,电缆线(闳联),RVV18×1.0,03240074,米,300,30,9000,9000,张孝闽,
2023/1/12,XR43W2301009,福建圣农食品有限公司,气体预处理在线监测系统,TH1000,19061559,件,14,5500,77000,77000,张孝闽,
2023/1/12,XR43W2301009,福建圣农食品有限公司,探头（深圳）,MIC-300-NH3,10990231,台,14,3290,46060,46060,张孝闽,
2023/1/30,XR43M2301005,圣农食品（政和）有限公司,SRMTEC冷冻油,S019 208L/桶,600677,升,208,46,9568,9568,张孝闽,
2023/1/31,XR43M2301006,福建圣农食品有限公司,油分滤芯,XRCFET-650/810,01160013,件,2,2124,4248,4248,张孝闽,
2023/1/31,XR43M2301006,福建圣农食品有限公司,丁晴橡胶管,140×180×8,05990289,件,4,330,1320,1320,张孝闽,
2023/1/31,XR43W2301008,圣农食品（政和）有限公司,电磁阀线圈,018F6701,01140086,件,0,#DIV/0!,0,,张孝闽,
2023/1/31,XR43W2301008,圣农食品（政和）有限公司,电磁阀,ICF 20-2-121,01140396,件,0,#DIV/0!,0,,张孝闽,
2023/1/31,XR43W2301008,圣农食品（政和）有限公司,电磁导阀,EVM(NC),01310016,件,0,#DIV/0!,0,,张孝闽,
2023/1/31,XR43W2301008,圣农食品（政和）有限公司,直通式过滤器（AMG）-耗存,FIA40-Y-D-STR 100,01150422,个,0,#DIV/0!,0,,张孝闽,
2023/1/31,XR43W2301008,圣农食品（政和）有限公司,截止阀,STC 40 M STR-handwheel,01270231,件,0,#DIV/0!,0,,张孝闽,
2023/1/31,XR43W2301008,圣农食品（政和）有限公司,截止阀,STC 65 M STR-handwheel,01270220,件,0,#DIV/0!,0,,张孝闽,
2023/1/31,XR43W2301008,圣农食品（政和）有限公司,电缆线,YJV3×4.0+1×2.5(黄+绿+红+黄绿),03320064,米,0,#DIV/0!,0,,张孝闽,
2023/1/31,XR43W2301008,圣农食品（政和）有限公司,电磁阀线圈,018F6701,01140086,件,0,#DIV/0!,0,,张孝闽,
2023/1/31,XR43W2301008,圣农食品（政和）有限公司,伺服主阀整阀,ICS 1 65-65D,01310068,个,0,#DIV/0!,0,,张孝闽,
2023/1/31,XR43W2301008,圣农食品（政和）有限公司,直角式过滤器,FIA65-T-100目,01150265,件,0,#DIV/0!,0,,张孝闽,
2023/1/31,XR43W2301008,圣农食品（政和）有限公司,直通式过滤器,FIA65-Y-100目,01150150,件,0,#DIV/0!,0,,张孝闽,
2023/1/31,XR43W2301008,圣农食品（政和）有限公司,截止阀,STC 65 M STR-handwheel,01270220,件,0,#DIV/0!,0,,张孝闽,
2023/1/31,XR43W2301008,圣农食品（政和）有限公司,电缆线,"RVV3×1.5,2+PE(红+黑+黄绿)",03241101,米,0,#DIV/0!,0,,张孝闽,
2023/1/31,XR43W2301008,圣农食品（政和）有限公司,电缆线,YJV3×2.5+1×1.5（黄+绿+红+黄绿）,03320058,米,0,#DIV/0!,0,,张孝闽,
2023/2/1,XR43W2301007,福建圣农食品（浦城）有限公司,电磁阀线圈,018F6701,01140086,件,2,540,1080,1080,张孝闽,
2023/2/1,XR43W2301007,福建圣农食品（浦城）有限公司,电磁阀,ICF 20-2-121,01140396,件,2,500,1000,1000,张孝闽,
2023/2/1,XR43W2301007,福建圣农食品（浦城）有限公司,电磁导阀,EVM(NC),01310016,件,2,1000,2000,2000,张孝闽,
2023/2/1,XR43W2301007,福建圣农食品（浦城）有限公司,伺服主阀整阀,ICS 1 40-40D,01310063,件,2,4250,8500,8500,张孝闽,
2023/2/1,XR43W2301007,福建圣农食品（浦城）有限公司,直通式过滤器（AMG）-耗存,FIA40-Y-D-STR 100,01150422,个,1,1000,1000,1000,张孝闽,
2023/2/1,XR43W2301007,福建圣农食品（浦城）有限公司,截止阀,STC 40 M STR-handwheel,01270231,件,1,800,800,800,张孝闽,
2023/2/1,XR43W2301007,福建圣农食品（浦城）有限公司,截止阀,STC 65 M ANG-cap,01270653,件,0,#DIV/0!,0,,张孝闽,
2023/2/1,XR43W2301007,福建圣农食品（浦城）有限公司,截止阀,STC 65 M ANG-cap,01270653,件,1,1380,1380,1380,张孝闽,
2023/2/1,XR43W2301007,福建圣农食品（浦城）有限公司,电缆线,YJV3×4.0+1×2.5(黄+绿+红+黄绿),03320064,米,60,13.33333333,800,800,张孝闽,
2023/2/1,XR43W2301007,福建圣农食品（浦城）有限公司,电磁阀线圈,018F6701,01140086,件,2,300,600,600,张孝闽,
2023/2/1,XR43W2301007,福建圣农食品（浦城）有限公司,伺服主阀整阀,ICS 1 65-65D,01310068,个,0,#DIV/0!,0,,张孝闽,
2023/2/1,XR43W2301007,福建圣农食品（浦城）有限公司,直角式过滤器,FIA65-T-100目,01150265,件,1,1014.75,1014.75,1014.75,张孝闽,
2023/2/1,XR43W2301007,福建圣农食品（浦城）有限公司,直通式过滤器,FIA65-Y-100目,01150150,件,1,913.5,913.5,913.5,张孝闽,
2023/2/1,XR43W2301007,福建圣农食品（浦城）有限公司,电缆线,"RVV3×1.5,2+PE(红+黑+黄绿)",03241101,米,80,6,480,480,张孝闽,
2023/2/9,XR43M2302007,福建圣农发展股份有限公司,#7风机叶轮,配南通冰源1.5T速冻机风机风叶,0119031113,套,1,2700,2700,2700,张孝闽,
2023/2/9,XR43M2302007,福建圣农发展股份有限公司,#7风机支架,配南通冰源1.5T速冻机风机支架,0119031114,套,1,800,800,800,张孝闽,
2023/2/21,XR43M2302008,江西圣农食品有限公司,压缩机(Copeland),ZB114KQ-TFD-551,01010448,台,1,12000,12000,12000,张孝闽,
2023/2/23,XR43M2302010,江西圣农食品有限公司,油泵机械密封（VIKING）,AK4195    2-477-019-999-00,19022590,个,1,1500,1500,1500,张孝闽,
2023/2/23,XR43M2302009,福建圣农食品有限公司,油泵机械密封（VIKING）,AK4195    2-477-019-999-00,19022590,个,4,1500,6000,6000,张孝闽,
2023/2/23,XR43M2302011,圣农食品（政和）有限公司,油过滤器滤芯,GTY4161-NJ-XR,01160080,件,7,800,5600,5600,张孝闽,
2023/2/23,XR43M2302011,圣农食品（政和）有限公司,油过滤器滤芯,GTY4162-NJ-XR,01160081,件,8,800,6400,6400,张孝闽,
2023/2/24,XR43M2302012,福建圣农发展（浦城）有限公司,油分滤芯,XRCFET-650/810,01160013,件,5,2124,10620,10620,张孝闽,
2023/2/24,XR43M2302012,福建圣农发展（浦城）有限公司,容量位移传感器,SN-LDS-330-Cap-R(325),680514,个,2,5278.27,10556.54,10556.54,张孝闽,
2023/2/24,XR43M2302012,福建圣农发展（浦城）有限公司,容量位移传感器,280,680502,个,2,4726.06,9452.12,9452.12,张孝闽,
2023/2/24,XR43M2302012,福建圣农发展（浦城）有限公司,容量位移传感器,SN-LDS-280-Cap-R(275),680507,个,2,6435.67,12871.34,12871.34,张孝闽,
2023/2/28,XR43M2302013,福建圣农食品（浦城）有限公司,油过滤器滤芯,GTY4161-NJ-XR,01160080,件,10,800,8000,8000,张孝闽,
2023/3/6,XR43M2303014,福建圣农食品有限公司,油过滤器滤芯,GTY4161-NJ-XR,01160080,件,2,800,1600,1600,张孝闽,
2023/3/6,XR43M2303016,福建圣农食品有限公司,库板自喷漆,SN-BH-ZP （400ML/瓶） 白灰/牙白,0114010021,罐,48,63,3024,3024,张孝闽,
2023/3/6,XR43M2303015,福建圣农食品有限公司,SRMTEC冷冻油,S019 208L/桶,600677,升,1040,46,47840,47840,张孝闽,
2023/3/6,XR43M2303015,福建圣农食品有限公司,液位控制器（HANSEN）,LB3 R717 60",01190047,个,1,12000,12000,12000,张孝闽,
2023/3/10,XR43M2303017,福建圣农食品有限公司,油泵,GR20-80M-4,01020853,件,1,11700,11700,11700,张孝闽,
2023/3/10,XR43M2303018,福建圣农发展（浦城）有限公司,O形圈,174.3*3.1,692111,件,2,86.7,173.4,173.4,张孝闽,
2023/3/10,XR43M2303018,福建圣农发展（浦城）有限公司,O形圈,117.07*3.53,692772,件,1,11.48,11.48,11.48,张孝闽,
2023/3/10,XR43M2303018,福建圣农发展（浦城）有限公司,O形圈,98.02*3.53,692106,件,2,6.46,12.92,12.92,张孝闽,
2023/3/10,XR43M2303018,福建圣农发展（浦城）有限公司,O形圈,134.4*3.1,692032,个,2,20.4,40.8,40.8,张孝闽,
2023/3/10,XR43M2303018,福建圣农发展（浦城）有限公司,O形圈,94.84*3.53,692770,件,1,11.48,11.48,11.48,张孝闽,
2023/3/10,XR43M2303018,福建圣农发展（浦城）有限公司,轴封,LY-0125046,600501EB,件,1,19683.45,19683.45,19683.45,张孝闽,
2023/3/10,XR43M2303018,福建圣农发展（浦城）有限公司,轴封,LY-0126077,600502EB,件,1,22950,22950,22950,张孝闽,
2023/3/10,XR43M2303018,福建圣农发展（浦城）有限公司,骨架油封,BA_100*120*12,692034,个,1,308.55,308.55,308.55,张孝闽,
2023/3/10,XR43M2303018,福建圣农发展（浦城）有限公司,O形圈,75.79*3.53,692768,件,1,7.65,7.65,7.65,张孝闽,
2023/3/10,XR43M2303018,福建圣农发展（浦城）有限公司,O形圈,75.87*2.62,692033,个,1,5.1,5.1,5.1,张孝闽,
2023/3/16,XR43M2303019,福建圣农食品有限公司,液位控制器（HANSEN）,LB3 R717 60",01190047,个,1,12000,12000,12000,张孝闽,
2023/3/20,XR43W2302009,福建圣农食品有限公司,压缩机组,SAA2016LS-HALA,3200001434,台,1,267000,267000,267000,张孝闽,
2023/3/20,XR43W2302009,福建圣农食品有限公司,压缩机组,SAA2016LS-HDLA,3200001450,台,1,237000,237000,237000,张孝闽,
2023/3/21,XR43W2303009,江西圣农食品有限公司,O形圈,75.87*2.62,692033,个,1,0,0,,张孝闽,
2023/3/21,XR43W2303009,江西圣农食品有限公司,双三角密封环,PDD301250,692018,个,2,0,0,,张孝闽,
2023/3/21,XR43W2303009,江西圣农食品有限公司,密封垫,80*120*1.5,290021,个,2,0,0,,张孝闽,
2023/3/21,XR43W2303009,江西圣农食品有限公司,角接触球轴承,7311 BECBM 55*120*29,615001,个,11,0,0,,张孝闽,
2023/3/21,XR43W2303009,江西圣农食品有限公司,骨架油封,BA_100*120*12,692034,个,1,0,0,,张孝闽,
2023/3/21,XR43W2303009,江西圣农食品有限公司,密封垫,169*203*1.5,290010,个,1,0,0,,张孝闽,
2023/3/21,XR43W2303009,江西圣农食品有限公司,O形圈,419.3*5.7,692035,个,2,0,0,,张孝闽,
2023/3/21,XR43W2303009,江西圣农食品有限公司,O形圈,119.4*3.1,692056,个,3,0,0,,张孝闽,
2023/3/21,XR43W2303009,江西圣农食品有限公司,O形圈,113.66*5.33,692057,个,2,0,0,,张孝闽,
2023/3/21,XR43W2303009,江西圣农食品有限公司,O形圈,109.4*3.1,692067,个,1,0,0,,张孝闽,
2023/3/21,XR43W2303009,江西圣农食品有限公司,60°密封管螺纹内六角螺塞 NPT1/8",,615011,个,4,0,0,,张孝闽,
2023/3/21,XR43W2303009,江西圣农食品有限公司,油管接头,,210025,个,1,0,0,,张孝闽,
2023/3/21,XR43W2303009,江西圣农食品有限公司,圆柱滚子轴承,NU2212 ECML 60*110*28,615002,个,2,0,0,,张孝闽,
2023/3/21,XR43W2303009,江西圣农食品有限公司,密封垫,200*300*1.5,290022,个,2,0,0,,张孝闽,
2023/3/21,XR43W2303009,江西圣农食品有限公司,O形圈,259.3*5.7,692054,个,1,0,0,,张孝闽,
2023/3/21,XR43W2303009,江西圣农食品有限公司,O形圈,104.4*3.1,692051,个,2,0,0,,张孝闽,
2023/3/21,XR43W2303009,江西圣农食品有限公司,O形圈,56.82*2.62,692052,个,1,0,0,,张孝闽,
2023/3/21,XR43W2303009,江西圣农食品有限公司,O形圈,199.3*5.7,692081,件,1,0,0,,张孝闽,
2023/3/21,XR43W2303009,江西圣农食品有限公司,O形圈,339.3*5.7,692053,个,1,0,0,,张孝闽,
2023/3/21,XR43W2303009,江西圣农食品有限公司,O形圈,319.3*5.7,692036,个,1,0,0,,张孝闽,
2023/3/21,XR43W2303009,江西圣农食品有限公司,O形圈,134.4*3.1,692032,个,3,0,0,,张孝闽,
2023/3/21,XR43W2303009,江西圣农食品有限公司,O形圈,11.5*1.5,692038,个,1,0,0,,张孝闽,
2023/3/21,XR43W2303009,江西圣农食品有限公司,O形圈,6.07*1.63,692049,个,1,0,0,,张孝闽,
2023/3/21,XR43W2303009,江西圣农食品有限公司,O形圈,184.3*3.1,692066,个,4,0,0,,张孝闽,
2023/3/21,XR43W2303009,江西圣农食品有限公司,O形圈,79.5*2,692055,个,8,0,0,,张孝闽,
2023/3/21,XR43W2303009,江西圣农食品有限公司,O形圈,12.37*2.62,692037,个,2,0,0,,张孝闽,
2023/3/21,XR43W2303009,江西圣农食品有限公司,60°密封管螺纹内六角螺塞 NPT1/4",,615018,个,2,0,0,,张孝闽,
2023/3/21,XR43W2303009,江西圣农食品有限公司,内六角圆柱头螺钉,M10*30,615006,个,2,0,0,,张孝闽,
2023/3/21,XR43W2303009,江西圣农食品有限公司,O形圈,56*2,692065,个,2,0,0,,张孝闽,
2023/3/21,XR43W2303009,江西圣农食品有限公司,圆柱滚子轴承,NU2311 ECML 55*120*43,615000,个,4,0,0,,张孝闽,
2023/3/21,XR43W2303009,江西圣农食品有限公司,密封垫,43*75*1.5,290020,个,2,0,0,,张孝闽,
2023/3/21,XR43W2303009,江西圣农食品有限公司,O形圈,44.04*3.53,692047,个,3,0,0,,张孝闽,
2023/3/21,XR43W2303009,江西圣农食品有限公司,O形圈,35*3,692044,个,2,0,0,,张孝闽,
2023/3/21,XR43W2303009,江西圣农食品有限公司,圆柱滚子轴承,NU2216 ECML 80*140*33,615049,个,2,0,0,,张孝闽,
2023/3/21,XR43W2303009,江西圣农食品有限公司,轴封,LY-0125046,600501EB,件,1,0,0,,张孝闽,
2023/3/21,XR43W2303009,江西圣农食品有限公司,杆密封环,RT0200400,692019,个,3,0,0,,张孝闽,
2023/3/21,XR43W2303009,江西圣农食品有限公司,O形圈,399.3*5.7,692068,个,1,0,0,,张孝闽,
2023/3/21,XR43W2303009,江西圣农食品有限公司,O形圈,99.4*3.1,692058,个,1,0,0,,张孝闽,
2023/3/22,XR43M2303020,甘肃圣越农牧发展有限公司,鸭嘴阀,HB780WX-DN200,0119031231,件,3,3650,10950,10950,张孝闽,
2023/3/24,XR43M2303021,江西圣农食品有限公司,油过滤器滤芯,GTY4161-NJ-XR,01160080,件,2,800,1600,1600,张孝闽,
2023/3/31,XR43M2303022,福建圣农食品有限公司,触摸屏（海泰克）,X2BASE10-ADP,0119031192,个,1,7547,7547,7547,张孝闽,
2023/3/31,XR43M2303022,福建圣农食品有限公司,冰库门(带门框),1770×840×75,3534000128,个,1,2847,2847,2847,张孝闽,
2023/4/3,XR43W2304010,福建圣农发展（浦城）有限公司,O形圈,6.07*1.63,692049,个,1,1.5,1.5,1.5,张孝闽,
2023/4/3,XR43W2304010,福建圣农发展（浦城）有限公司,叠片挠性联轴器,TD6-210-00E89,02080047,件,1,2000,2000,2000,张孝闽,
2023/4/3,XR43W2304010,福建圣农发展（浦城）有限公司,油管接头,,210025,个,1,163.5,163.5,163.5,张孝闽,
2023/4/3,XR43W2304010,福建圣农发展（浦城）有限公司,密封垫,141*175*1.5,290014,个,2,36,72,72,张孝闽,
2023/4/3,XR43W2304010,福建圣农发展（浦城）有限公司,密封垫,169*203*1.5,290010,个,2,49.5,99,99,张孝闽,
2023/4/3,XR43W2304010,福建圣农发展（浦城）有限公司,密封垫圈,6.7*10*1（爱之福）,692016,个,1,21,21,21,张孝闽,
2023/4/3,XR43W2304010,福建圣农发展（浦城）有限公司,杆密封环,RT0200400,692019,个,1,453,453,453,张孝闽,
2023/4/3,XR43W2304010,福建圣农发展（浦城）有限公司,双三角密封环,PDD301600,692046,个,1,2610,2610,2610,张孝闽,
2023/4/3,XR43W2304010,福建圣农发展（浦城）有限公司,活塞导向环,GP6901600,692042,个,1,357,357,357,张孝闽,
2023/4/3,XR43W2304010,福建圣农发展（浦城）有限公司,旋转格莱圈,TG4100350,692435,件,1,315,315,315,张孝闽,
2023/4/3,XR43W2304010,福建圣农发展（浦城）有限公司,活塞导向环,GP6900350,692050,个,1,84,84,84,张孝闽,
2023/4/3,XR43W2304010,福建圣农发展（浦城）有限公司,轴封,LY-0125046,600501EB,件,1,23157,23157,23157,张孝闽,
2023/4/3,XR43W2304010,福建圣农发展（浦城）有限公司,圆柱滚子轴承,NU2216 ECML 80*140*33,615049,个,2,2547,5094,5094,张孝闽,
2023/4/3,XR43W2304010,福建圣农发展（浦城）有限公司,角接触球轴承,7314 BECBM 70*150*35,615048,个,6,1729.5,10377,10377,张孝闽,
2023/4/3,XR43W2304010,福建圣农发展（浦城）有限公司,圆柱滚子轴承,NU2314 ECML 70*150*51,615047,个,2,4788,9576,9576,张孝闽,
2023/4/3,XR43W2304010,福建圣农发展（浦城）有限公司,骨架油封,BA_100*120*12,692034,个,1,363,363,363,张孝闽,
2023/4/3,XR43W2304010,福建圣农发展（浦城）有限公司,O形圈,6.07*1.63,692049,个,1,10.5,10.5,10.5,张孝闽,
2023/4/3,XR43W2304010,福建圣农发展（浦城）有限公司,O形圈,126.59*3.53,692048,个,1,21,21,21,张孝闽,
2023/4/3,XR43W2304010,福建圣农发展（浦城）有限公司,O形圈,44.04*3.53,692047,个,1,6,6,6,张孝闽,
2023/4/3,XR43W2304010,福建圣农发展（浦城）有限公司,O形圈,148.59*5.33,692045,个,1,25.5,25.5,25.5,张孝闽,
2023/4/3,XR43W2304010,福建圣农发展（浦城）有限公司,O形圈,35*3,692044,个,1,7.5,7.5,7.5,张孝闽,
2023/4/3,XR43W2304010,福建圣农发展（浦城）有限公司,O形圈,26.64*2.62,691238,件,1,4.5,4.5,4.5,张孝闽,
2023/4/3,XR43W2304010,福建圣农发展（浦城）有限公司,O形圈,154.3*3.1,692041,个,2,24,48,48,张孝闽,
2023/4/3,XR43W2304010,福建圣农发展（浦城）有限公司,O形圈,39.4*3.1,692040,个,1,7.5,7.5,7.5,张孝闽,
2023/4/3,XR43W2304010,福建圣农发展（浦城）有限公司,O形圈,94.5*2,692039,个,4,12,48,48,张孝闽,
2023/4/3,XR43W2304010,福建圣农发展（浦城）有限公司,O形圈,11.5*1.5,692038,个,1,12,12,12,张孝闽,
2023/4/3,XR43W2304010,福建圣农发展（浦城）有限公司,O形圈,12.37*2.62,692037,个,1,1.5,1.5,1.5,张孝闽,
2023/4/3,XR43W2304010,福建圣农发展（浦城）有限公司,O形圈,319.3*5.7,692036,个,1,177,177,177,张孝闽,
2023/4/3,XR43W2304010,福建圣农发展（浦城）有限公司,O形圈,419.3*5.7,692035,个,2,136.5,273,273,张孝闽,
2023/4/3,XR43W2304010,福建圣农发展（浦城）有限公司,O形圈,75.87*2.62,692033,个,1,6,6,6,张孝闽,
2023/4/3,XR43W2304010,福建圣农发展（浦城）有限公司,O形圈,134.4*3.1,692032,个,3,24,72,72,张孝闽,
2023/4/3,XR43W2304010,福建圣农发展（浦城）有限公司,O形圈,199.3*5.7,692081,件,1,52.5,52.5,52.5,张孝闽,
2023/4/3,XR43W2304010,福建圣农发展（浦城）有限公司,内六角圆柱头螺钉,M8*30,615015,个,3,137.5,412.5,412.5,张孝闽,
2023/4/3,XR43W2304010,福建圣农发展（浦城）有限公司,喷油嘴,7.9,210221,个,1,28235,28235,28235,张孝闽,
2023/4/3,XR43W2304010,福建圣农发展（浦城）有限公司,内六角圆柱头螺钉,M8*25,615016,个,2,36,72,72,张孝闽,
2023/4/3,XR43W2304010,福建圣农发展（浦城）有限公司,隔离套,,210225,个,1,171,171,171,张孝闽,
2023/4/3,XR43W2304010,福建圣农发展（浦城）有限公司,油管接头,,210025,个,1,213,213,213,张孝闽,
2023/4/3,XR43W2304010,福建圣农发展（浦城）有限公司,密封垫,141*175*1.5,290014,个,2,95,190,190,张孝闽,
2023/4/3,XR43W2304010,福建圣农发展（浦城）有限公司,密封垫,273*312*1.5,290015,件,2,15869.25,31738.5,31738.5,张孝闽,
2023/4/3,XR43W2304010,福建圣农发展（浦城）有限公司,密封垫,260*312*1.5,290019,个,2,495,990,990,张孝闽,
2023/4/3,XR43W2304010,福建圣农发展（浦城）有限公司,密封垫 77*109*1.5,77*109*1.5,290013,件,2,10.5,21,21,张孝闽,
2023/4/3,XR43W2304010,福建圣农发展（浦城）有限公司,轴封,LY-0126077,600502EB,件,1,1354.5,1354.5,1354.5,张孝闽,
2023/4/3,XR43W2304010,福建圣农发展（浦城）有限公司,骨架油封,BA_125*150*12,692103,个,1,10377,10377,10377,张孝闽,
2023/4/3,XR43W2304010,福建圣农发展（浦城）有限公司,密封垫圈,6.7*10*1（爱之福）,692016,个,1,5094,5094,5094,张孝闽,
2023/4/3,XR43W2304010,福建圣农发展（浦城）有限公司,杆密封环,RT0200400,692019,个,3,3192,9576,9576,张孝闽,
2023/4/3,XR43W2304010,福建圣农发展（浦城）有限公司,角接触球轴承,7314 BECBM 70*150*35,615048,个,6,1500,9000,9000,张孝闽,
2023/4/3,XR43W2304010,福建圣农发展（浦城）有限公司,圆柱滚子轴承,NU2216 ECML 80*140*33,615049,个,2,2665.5,5331,5331,张孝闽,
2023/4/3,XR43W2304010,福建圣农发展（浦城）有限公司,圆柱滚子轴承,NU2314 ECML 70*150*51,615047,个,2,4195.5,8391,8391,张孝闽,
2023/4/3,XR43W2304010,福建圣农发展（浦城）有限公司,角接触球轴承,7220 BECBM 100*180*34,615109,件,5,1044,5220,5220,张孝闽,
2023/4/3,XR43W2304010,福建圣农发展（浦城）有限公司,圆柱滚子轴承,NU220 ECML 100*180*34,615108,件,2,27,54,54,张孝闽,
2023/4/3,XR43W2304010,福建圣农发展（浦城）有限公司,圆柱滚子轴承,NU2220 ECML 100*180*46,615096,件,2,12.75,25.5,25.5,张孝闽,
2023/4/3,XR43W2304010,福建圣农发展（浦城）有限公司,双三角密封环,PDD301600,692046,个,2,136.5,273,273,张孝闽,
2023/4/3,XR43W2304010,福建圣农发展（浦城）有限公司,O形圈,468.76*6.98,692119,件,1,177,177,177,张孝闽,
2023/4/3,XR43W2304010,福建圣农发展（浦城）有限公司,O形圈,109.4*3.1,692067,个,1,6,6,6,张孝闽,
2023/4/3,XR43W2304010,福建圣农发展（浦城）有限公司,O形圈,419.3*5.7,692035,个,2,6,12,12,张孝闽,
2023/4/3,XR43W2304010,福建圣农发展（浦城）有限公司,O形圈,319.3*5.7,692036,个,1,231,231,231,张孝闽,
2023/4/3,XR43W2304010,福建圣农发展（浦城）有限公司,O形圈,75.87*2.62,692033,个,1,235.5,235.5,235.5,张孝闽,
2023/4/3,XR43W2304010,福建圣农发展（浦城）有限公司,O形圈,11.5*1.5,692038,个,1,0,0,,张孝闽,
2023/4/3,XR43W2304010,福建圣农发展（浦城）有限公司,O形圈,560*6,692113,件,1,480,480,480,张孝闽,
2023/4/3,XR43W2304010,福建圣农发展（浦城）有限公司,O形圈,575*6,692112,件,1,72,72,72,张孝闽,
2023/4/3,XR43W2304010,福建圣农发展（浦城）有限公司,O形圈,203*3,692118,件,4,12.75,51,51,张孝闽,
2023/4/3,XR43W2304010,福建圣农发展（浦城）有限公司,O形圈,174.3*3.1,692111,件,4,5.25,21,21,张孝闽,
2023/4/3,XR43W2304010,福建圣农发展（浦城）有限公司,O形圈,154.3*3.1,692041,个,3,48,144,144,张孝闽,
2023/4/3,XR43W2304010,福建圣农发展（浦城）有限公司,O形圈,148.59*5.33,692045,个,2,4.5,9,9,张孝闽,
2023/4/3,XR43W2304010,福建圣农发展（浦城）有限公司,O形圈,126.59*3.53,692048,个,1,63,63,63,张孝闽,
2023/4/3,XR43W2304010,福建圣农发展（浦城）有限公司,O形圈,124.4*3.1,692108,件,4,16.875,67.5,67.5,张孝闽,
2023/4/3,XR43W2304010,福建圣农发展（浦城）有限公司,O形圈,98.02*3.53,692106,件,1,15,15,15,张孝闽,
2023/4/3,XR43W2304010,福建圣农发展（浦城）有限公司,O形圈,94.5*2,692039,个,6,1,6,6,张孝闽,
2023/4/3,XR43W2304010,福建圣农发展（浦城）有限公司,O形圈,44.04*3.53,692047,个,3,1,3,3,张孝闽,
2023/4/3,XR43W2304010,福建圣农发展（浦城）有限公司,O形圈,35*3,692044,个,2,0.75,1.5,1.5,张孝闽,
2023/4/3,XR43W2304010,福建圣农发展（浦城）有限公司,O形圈,32*3,692109,件,1,6,6,6,张孝闽,
2023/4/3,XR43W2304010,福建圣农发展（浦城）有限公司,O形圈,12.37*2.62,692037,个,2,1.5,3,3,张孝闽,
2023/4/13,XR43M2304023,福建圣农发展股份有限公司,卧式氨泵（帝国）,R22-316H4BM-0506T1-E,0119030703,台,1,28000,28000,28000,张孝闽,
2023/4/13,XR43M2304024,福建圣农食品有限公司,SRMTEC冷冻油,S008 20L/桶,971146,升,100,60,6000,6000,张孝闽,
2023/4/14,XR43M2304025,圣农发展（政和）有限公司,油过滤器滤芯,XRO2-830AN,01160127,个,2,800,1600,1600,张孝闽,
2023/4/14,XR43W2304011,圣农食品（政和）有限公司,干燥滤芯,48-DC,01160036,件,3,100,300,300,张孝闽,
2023/4/14,XR43W2304011,圣农食品（政和）有限公司,油泵,,500950,个,1,1017,1017,1017,张孝闽,
2023/4/14,XR43W2304011,圣农食品（政和）有限公司,止推垫圈,D=48*62*1.7,550440,个,1,31,31,31,张孝闽,
2023/4/14,XR43W2304011,圣农食品（政和）有限公司,轴承衬套,D=45*48 (电机侧),550451,个,1,77,77,77,张孝闽,
2023/4/14,XR43W2304011,圣农食品（政和）有限公司,制冷剂,R507A,14020081,千克,50,45,2250,2250,张孝闽,
2023/4/14,XR43W2304011,圣农食品（政和）有限公司,吸气滤芯,FRE-48,01160001,件,2,100,200,200,张孝闽,
2023/4/14,XR43W2304011,圣农食品（政和）有限公司,油过滤器,HCYF 53,01150036,件,2,288,576,576,张孝闽,
2023/4/14,XR43W2304011,圣农食品（政和）有限公司,密封垫圈,φ108*0.8,590740,个,1,11,11,11,张孝闽,
2023/4/14,XR43W2304011,圣农食品（政和）有限公司,油泵支架,,533271,个,1,507,507,507,张孝闽,
2023/4/14,XR43W2304011,圣农食品（政和）有限公司,冷冻油,S009  5L/桶,970035,升,30,60,1800,1800,张孝闽,
2023/4/14,XR43W2304011,圣农食品（政和）有限公司,密封垫片,,592530,个,1,31,31,31,张孝闽,
2023/4/20,XR43M2304026,福建圣农发展股份有限公司,可编程控制器,TM218LDA24DRN,03010146,件,1,3534,3534,3534,张孝闽,
2023/4/20,XR43M2304026,福建圣农发展股份有限公司,模拟量扩展模块,TM2AMI4LT,03010195,件,1,1180.8,1180.8,1180.8,张孝闽,
2023/4/20,XR43M2304026,福建圣农发展股份有限公司,模拟量扩展模块,TM2AMI8HT,03010194,件,1,1749.76,1749.76,1749.76,张孝闽,
2023/4/20,XR43M2304026,福建圣农发展股份有限公司,接口模块扩展,TM2DOCKN,03010197,件,1,247,247,247,张孝闽,
2023/4/21,XR43W2304013,福建圣农发展（浦城）有限公司,磁浮子液位计,BFY03-D;0;2;Y;2000;0.6;0;-28;2.5;B,0119031271,件,3,5706.666667,17120,17120,张孝闽,
2023/4/21,XR43W2304013,福建圣农发展（浦城）有限公司,磁浮子液位计,BFY03-D;0;1;Y;500;0.6;0;28;2.5;B,0119031272,件,2,2400,4800,4800,张孝闽,
2023/4/21,XR43W2304013,福建圣农发展（浦城）有限公司,磁浮子液位计,BFY03-D;0;2;Y;1400;0.6;0;-28;2.5;B,0119031269,件,1,4333.33,4333.33,4333.33,张孝闽,
2023/4/21,XR43W2304013,福建圣农发展（浦城）有限公司,磁浮子液位计,BFY03-D;0;1;Y;800;0.6;0;28;2.5;B,0119031273,件,2,3066.665,6133.33,6133.33,张孝闽,
2023/4/21,XR43W2304013,福建圣农发展（浦城）有限公司,磁浮子液位计,BFY03-D;0;2;Y;1700;0.6;0;-28;2.5;B,0119031270,件,15,4933.333333,74000,74000,张孝闽,
2023/4/21,XR43W2304014,福建圣农发展（浦城）有限公司,磁浮子液位计,BFY03-D;0;2;Y;1100;0.6;0;-28;2.5;B,0119031267,件,2,3666.665,7333.33,7333.33,张孝闽,
2023/4/21,XR43W2304014,福建圣农发展（浦城）有限公司,磁浮子液位计,BFY03-D;0;2;Y;1400;0.6;0;-28;2.5;B,0119031269,件,20,5633.3335,112666.67,112666.67,张孝闽,
2023/4/21,XR43W2304014,福建圣农发展（浦城）有限公司,磁浮子液位计,BFY03-D;0;2;Y;2000;0.6;0;-28;2.5;B,0119031271,件,5,5706.666,28533.33,28533.33,张孝闽,
2023/4/21,XR43W2304014,福建圣农发展（浦城）有限公司,磁浮子液位计,BFY03-D;0;1;Y;1400;0.6;0;28;2.5;B,0119031274,件,4,1200,4800,4800,张孝闽,
2023/4/27,XR43M2304027,福建圣农食品有限公司,油过滤器滤芯,XRI2-830AN,01160081,件,3,800,2400,2400,张孝闽,
2023/4/27,XR43M2304027,福建圣农食品有限公司,油过滤器滤芯,XRI2-570AN,01160080,件,6,800,4800,4800,张孝闽,
2023/4/27,XR43W2304015,圣农食品（政和）有限公司,电缆线,"RVV3×1.5,2+PE(红+黑+黄绿)",03241101,米,115,10,1150,1150,张孝闽,
2023/4/27,XR43W2304015,圣农食品（政和）有限公司,电磁阀线圈,018F6701,01140086,件,8,450,3600,3600,张孝闽,
2023/4/27,XR43W2304015,圣农食品（政和）有限公司,直角式过滤器,FIA65-T-100目,01150265,件,1,1350,1350,1350,张孝闽,
2023/4/27,XR43W2304015,圣农食品（政和）有限公司,截止阀,STC 65 M STR-handwheel,01270220,件,3,1400,4200,4200,张孝闽,
2023/4/27,XR43W2304015,圣农食品（政和）有限公司,电缆线,YJV3×4.0+1×2.5(黄+绿+红+黄绿),03320064,米,100,12,1200,1200,张孝闽,
2023/4/27,XR43W2304015,圣农食品（政和）有限公司,电磁阀,ICF 20-2-121,01140396,件,4,800,3200,3200,张孝闽,
2023/4/27,XR43W2304015,圣农食品（政和）有限公司,电磁导阀,EVM(NC),01310016,件,4,700,2800,2800,张孝闽,
2023/4/27,XR43W2304015,圣农食品（政和）有限公司,直通式过滤器（AMG）-耗存,FIA40-Y-D-STR 100,01150422,个,1,1000,1000,1000,张孝闽,
2023/4/27,XR43W2304015,圣农食品（政和）有限公司,截止阀,STC 40 M STR-handwheel,01270231,件,1,500,500,500,张孝闽,
2023/4/27,XR43W2304015,圣农食品（政和）有限公司,伺服主阀整阀,ICS 1 65-65D,01310068,个,4,6500,26000,26000,张孝闽,
2023/4/27,XR43W2304015,圣农食品（政和）有限公司,直通式过滤器,FIA65-Y-100目,01150150,件,3,1000,3000,3000,张孝闽,
2023/5/12,XR43M2305028,福建圣农食品（浦城）有限公司,SRMTEC冷冻油,S019 208L/桶,600677,升,832,46,38272,38272,张孝闽,
2023/5/12,XR43M2305029,江西圣农食品有限公司,油分滤芯,XRCFET-650/810,01160013,件,4,2124,8496,8496,张孝闽,
2023/5/12,XR43M2305029,江西圣农食品有限公司,梅花减震圈（海能）,CR38：外80/内38/节距22/厚8/齿数8,0119030374,个,2,150,300,300,张孝闽,
2023/5/12,XR43M2305031,福建圣农食品有限公司,梅花减震圈（海能）,CR38：外80/内38/节距22/厚8/齿数8,0119030374,个,20,150,3000,3000,张孝闽,
2023/5/12,XR43M2305031,福建圣农食品有限公司,油过滤器滤芯,XRI2-570AN,01160080,件,5,800,4000,4000,张孝闽,
2023/5/12,XR43M2305031,福建圣农食品有限公司,联轴器,GR38A-28×45/20×35,02080083,个,2,1153,2306,2306,张孝闽,
2023/5/12,XR43M2305031,福建圣农食品有限公司,真空泵,VPA-1D,02030233,件,1,1558,1558,1558,张孝闽,
2023/5/12,XR43M2305032,福建圣农食品有限公司,SRMTEC冷冻油,S019 208L/桶,600677,升,208,46,9568,9568,张孝闽,
2023/5/15,XR43M2305030,福建圣农食品有限公司,侧轴承(1612普通型低段用),CS02700-1610C1,19032438,个,2,3200,6400,6400,张孝闽,
2023/5/15,XR43M2305030,福建圣农食品有限公司,垫环组(MYCOM配件),CS7119-DVD,0119031309,组,1,1180,1180,1180,张孝闽,
2023/5/15,XR43M2305030,福建圣农食品有限公司,低段M止推轴承(MYCOM配件),CS03800-1612CP,01020761,个,2,3580,7160,7160,张孝闽,
2023/5/15,XR43M2305030,福建圣农食品有限公司,橡环组 200机型用(MYCOM配件),WCS7115-1E,01020723,个,1,550,550,550,张孝闽,
2023/5/15,XR43M2305030,福建圣农食品有限公司,平衡活塞 2520机型用(MYCOM配件),CS03300-2520C,01020708,个,1,1950,1950,1950,张孝闽,
2023/5/15,XR43M2305030,福建圣农食品有限公司,侧轴承 200，2016低段用，2520高段用 (MYCOM配件),CS0289-200,01020700,个,2,4300,8600,8600,张孝闽,
2023/5/15,XR43M2305030,福建圣农食品有限公司,主轴承（低段F）(MYCOM配件),CS02800-1610C1,01020756,个,2,3380,6760,6760,张孝闽,
2023/5/15,XR43M2305030,福建圣农食品有限公司,主轴承 200，2016低段用，2520高段用(MYCOM配件),CS0279-200,01020699,个,2,3630,7260,7260,张孝闽,
2023/5/15,XR43M2305030,福建圣农食品有限公司,进卸载特氟龙,CS06600-160 CAP-1BE100,19022548,个,1,480,480,480,张孝闽,
2023/5/15,XR43M2305030,福建圣农食品有限公司,垫环组200机型用(MYCOM配件),WCS7109-1VE,01020724,个,1,1450,1450,1450,张孝闽,
2023/5/15,XR43M2305030,福建圣农食品有限公司,特氟龙环200，2520机型通用(MYCOM配件),CS06600-200,01020726,个,1,433,433,433,张孝闽,
2023/5/15,XR43M2305030,福建圣农食品有限公司,止推轴 200，2016低段用，2520高段用 (MYCOM配件),CS03800-200P,01020705,个,2,6400,12800,12800,张孝闽,
2023/5/15,XR43M2305030,福建圣农食品有限公司,平衡活塞套 2016机型用(MYCOM配件),CS03300-160,01020711,个,1,680,680,680,张孝闽,
2023/5/15,XR43M2305030,福建圣农食品有限公司,平衡活塞 2016机型用(MYCOM配件),CS03000-160,01020710,个,1,1080,1080,1080,张孝闽,
2023/5/15,XR43M2305030,福建圣农食品有限公司,平衡活塞套 2520机型用(MYCOM配件),CS03000-2520C,01020709,个,1,1133,1133,1133,张孝闽,
2023/5/15,XR43M2305030,福建圣农食品有限公司,橡环组(MYCOM配件),CS7109-DVL,0119031308,组,1,530,530,530,张孝闽,
2023/5/17,XR43W2305017,福建圣农食品（浦城）有限公司,联轴器保护罩,LZQBHZ-SRM20(BZ),3500070009,件,1,1200,1200,1200,张孝闽,
2023/5/17,XR43W2305017,福建圣农食品（浦城）有限公司,叠片挠性联轴器,TD6-370-00X88,02080116,件,1,3000,3000,3000,张孝闽,
2023/5/17,XR43W2305017,福建圣农食品（浦城）有限公司,电气辅料包（改造）,ELC_SAA2016LS-HALA,3400005894,套,1,15000,15000,15000,张孝闽,
2023/5/17,XR43W2305017,福建圣农食品（浦城）有限公司,电动阀套件,ICM 32-A-32D,01310192,件,2,15000,30000,30000,张孝闽,
2023/5/17,XR43W2305017,福建圣农食品（浦城）有限公司,变频电机,AEEVYY,02022505,台,1,76000,76000,76000,张孝闽,
2023/5/22,XR43M2305033,福建圣农发展（浦城）有限公司,彩钢瓦,厚度0.426*6米*1米,0119031313,片,19,300,5700,5700,张孝闽,
2023/5/22,XR43M2305033,福建圣农发展（浦城）有限公司,聚氨酯板,4500*960*100,0119031314,片,5,1060,5300,5300,张孝闽,
2023/6/2,XR43W2305016,福建圣农发展（浦城）有限公司,O形圈,6.07*1.63,692049,个,0,#DIV/0!,0,,张孝闽,
2023/6/2,XR43W2305016,福建圣农发展（浦城）有限公司,隔离套,,210229,个,0,#DIV/0!,0,,张孝闽,
2023/6/2,XR43W2305016,福建圣农发展（浦城）有限公司,隔离套,,210225,个,0,#DIV/0!,0,,张孝闽,
2023/6/2,XR43W2305016,福建圣农发展（浦城）有限公司,轴承预紧弹簧,3.5*11.5*7.9*35,210024,个,0,#DIV/0!,0,,张孝闽,
2023/6/2,XR43W2305016,福建圣农发展（浦城）有限公司,迷宫密封圈,,230194,个,0,#DIV/0!,0,,张孝闽,
2023/6/2,XR43W2305016,福建圣农发展（浦城）有限公司,迷宫密封圈,,230032,个,0,#DIV/0!,0,,张孝闽,
2023/6/2,XR43W2305016,福建圣农发展（浦城）有限公司,F弹簧固定器,,230028,个,0,#DIV/0!,0,,张孝闽,
2023/6/2,XR43W2305016,福建圣农发展（浦城）有限公司,M弹簧固定器,SRM-20,230024,个,0,#DIV/0!,0,,张孝闽,
2023/6/2,XR43W2305016,福建圣农发展（浦城）有限公司,F弹簧固定器垫圈,,210867,个,0,#DIV/0!,0,,张孝闽,
2023/6/2,XR43W2305016,福建圣农发展（浦城）有限公司,M弹簧固定器垫圈,,210866,个,0,#DIV/0!,0,,张孝闽,
2023/6/2,XR43W2305016,福建圣农发展（浦城）有限公司,内六角圆柱头螺钉,M10*35,615106,件,0,#DIV/0!,0,,张孝闽,
2023/6/2,XR43W2305016,福建圣农发展（浦城）有限公司,60°密封管螺纹内六角螺塞 NPT1/4",,615018,个,0,#DIV/0!,0,,张孝闽,
2023/6/2,XR43W2305016,福建圣农发展（浦城）有限公司,60°密封管螺纹内六角螺塞 NPT1/2",,615055,个,0,#DIV/0!,0,,张孝闽,
2023/6/2,XR43W2305016,福建圣农发展（浦城）有限公司,喷油嘴,4,210231,个,0,#DIV/0!,0,,张孝闽,
2023/6/2,XR43W2305016,福建圣农发展（浦城）有限公司,密封垫,141*175*1.5,290014,个,0,#DIV/0!,0,,张孝闽,
2023/6/2,XR43W2305016,福建圣农发展（浦城）有限公司,密封垫,273*312*1.5,290015,件,0,#DIV/0!,0,,张孝闽,
2023/6/2,XR43W2305016,福建圣农发展（浦城）有限公司,密封垫,260*312*1.5,290019,个,0,#DIV/0!,0,,张孝闽,
2023/6/2,XR43W2305016,福建圣农发展（浦城）有限公司,密封垫 77*109*1.5,77*109*1.5,290013,件,0,#DIV/0!,0,,张孝闽,
2023/6/2,XR43W2305016,福建圣农发展（浦城）有限公司,轴用弹性挡圈-A型,40,615090,件,0,#DIV/0!,0,,张孝闽,
2023/6/2,XR43W2305016,福建圣农发展（浦城）有限公司,调整环,,210227,个,0,#DIV/0!,0,,张孝闽,
2023/6/2,XR43W2305016,福建圣农发展（浦城）有限公司,喷油嘴,7.9,210221,个,0,#DIV/0!,0,,张孝闽,
2023/6/2,XR43W2305016,福建圣农发展（浦城）有限公司,内六角凹端紧定螺钉,M10*10,615304,个,0,#DIV/0!,0,,张孝闽,
2023/6/2,XR43W2305016,福建圣农发展（浦城）有限公司,内六角圆柱头螺钉,M10*35,615106,件,0,#DIV/0!,0,,张孝闽,
2023/6/2,XR43W2305016,福建圣农发展（浦城）有限公司,轴封,LY-0126077,600502EB,件,0,#DIV/0!,0,,张孝闽,
2023/6/2,XR43W2305016,福建圣农发展（浦城）有限公司,骨架油封,BA_125*150*12,692103,个,0,#DIV/0!,0,,张孝闽,
2023/6/2,XR43W2305016,福建圣农发展（浦城）有限公司,密封垫圈,6.7*10*1（爱之福）,692016,个,0,#DIV/0!,0,,张孝闽,
2023/6/2,XR43W2305016,福建圣农发展（浦城）有限公司,杆密封环,RT0200400,692019,个,0,#DIV/0!,0,,张孝闽,
2023/6/2,XR43W2305016,福建圣农发展（浦城）有限公司,角接触球轴承,7314 BECBM 70*150*35,615048,个,0,#DIV/0!,0,,张孝闽,
2023/6/2,XR43W2305016,福建圣农发展（浦城）有限公司,圆柱滚子轴承,NU2216 ECML 80*140*33,615049,个,0,#DIV/0!,0,,张孝闽,
2023/6/2,XR43W2305016,福建圣农发展（浦城）有限公司,圆柱滚子轴承,NU2314 ECML 70*150*51,615047,个,0,#DIV/0!,0,,张孝闽,
2023/6/2,XR43W2305016,福建圣农发展（浦城）有限公司,角接触球轴承,7220 BECBM 100*180*34,615109,件,0,#DIV/0!,0,,张孝闽,
2023/6/2,XR43W2305016,福建圣农发展（浦城）有限公司,圆柱滚子轴承,NU220 ECML 100*180*34,615108,件,0,#DIV/0!,0,,张孝闽,
2023/6/2,XR43W2305016,福建圣农发展（浦城）有限公司,圆柱滚子轴承,NU2220 ECML 100*180*46,615096,件,0,#DIV/0!,0,,张孝闽,
2023/6/2,XR43W2305016,福建圣农发展（浦城）有限公司,双三角密封环,PDD301600,692046,个,0,#DIV/0!,0,,张孝闽,
2023/6/2,XR43W2305016,福建圣农发展（浦城）有限公司,O形圈,468.76*6.98,692119,件,0,#DIV/0!,0,,张孝闽,
2023/6/2,XR43W2305016,福建圣农发展（浦城）有限公司,O形圈,109.4*3.1,692067,个,0,#DIV/0!,0,,张孝闽,
2023/6/2,XR43W2305016,福建圣农发展（浦城）有限公司,O形圈,419.3*5.7,692035,个,0,#DIV/0!,0,,张孝闽,
2023/6/2,XR43W2305016,福建圣农发展（浦城）有限公司,O形圈,319.3*5.7,692036,个,0,#DIV/0!,0,,张孝闽,
2023/6/2,XR43W2305016,福建圣农发展（浦城）有限公司,O形圈,75.87*2.62,692033,个,0,#DIV/0!,0,,张孝闽,
2023/6/2,XR43W2305016,福建圣农发展（浦城）有限公司,O形圈,11.5*1.5,692038,个,0,#DIV/0!,0,,张孝闽,
2023/6/2,XR43W2305016,福建圣农发展（浦城）有限公司,O形圈,560*6,692113,件,0,#DIV/0!,0,,张孝闽,
2023/6/2,XR43W2305016,福建圣农发展（浦城）有限公司,O形圈,575*6,692112,件,0,#DIV/0!,0,,张孝闽,
2023/6/2,XR43W2305016,福建圣农发展（浦城）有限公司,O形圈,203*3,692118,件,0,#DIV/0!,0,,张孝闽,
2023/6/2,XR43W2305016,福建圣农发展（浦城）有限公司,O形圈,174.3*3.1,692111,件,0,#DIV/0!,0,,张孝闽,
2023/6/2,XR43W2305016,福建圣农发展（浦城）有限公司,O形圈,154.3*3.1,692041,个,0,#DIV/0!,0,,张孝闽,
2023/6/2,XR43W2305016,福建圣农发展（浦城）有限公司,O形圈,148.59*5.33,692045,个,0,#DIV/0!,0,,张孝闽,
2023/6/2,XR43W2305016,福建圣农发展（浦城）有限公司,O形圈,126.59*3.53,692048,个,0,#DIV/0!,0,,张孝闽,
2023/6/2,XR43W2305016,福建圣农发展（浦城）有限公司,O形圈,124.4*3.1,692108,件,0,#DIV/0!,0,,张孝闽,
2023/6/2,XR43W2305016,福建圣农发展（浦城）有限公司,O形圈,98.02*3.53,692106,件,0,#DIV/0!,0,,张孝闽,
2023/6/2,XR43W2305016,福建圣农发展（浦城）有限公司,O形圈,94.5*2,692039,个,0,#DIV/0!,0,,张孝闽,
2023/6/2,XR43W2305016,福建圣农发展（浦城）有限公司,O形圈,44.04*3.53,692047,个,0,#DIV/0!,0,,张孝闽,
2023/6/2,XR43W2305016,福建圣农发展（浦城）有限公司,O形圈,35*3,692044,个,0,#DIV/0!,0,,张孝闽,
2023/6/2,XR43W2305016,福建圣农发展（浦城）有限公司,O形圈,32*3,692109,件,0,#DIV/0!,0,,张孝闽,
2023/6/2,XR43W2305016,福建圣农发展（浦城）有限公司,O形圈,12.37*2.62,692037,个,0,#DIV/0!,0,,张孝闽,
2023/6/6,XR43M2306034,江西圣农食品有限公司,油过滤器滤芯,XRI2-570AN,01160080,件,3,800,2400,2400,张孝闽,
2023/6/6,XR43M2306035,福建圣农食品有限公司,SRMTEC冷冻油,S019 208L/桶,600677,升,1040,46,47840,47840,张孝闽,
2023/6/6,XR43M2306035,福建圣农食品有限公司,止推轴 200，2016低段用，2520高段用 (MYCOM配件),CS03800-200P,01020705,个,1,6400,6400,6400,张孝闽,
2023/6/6,XR43M2306035,福建圣农食品有限公司,库板自喷漆,SN-BH-ZP （400ML/瓶） 白灰/牙白,0114010021,罐,80,63,5040,5040,张孝闽,
2023/6/6,XR43M2306035,福建圣农食品有限公司,低段M止推轴承(MYCOM配件),CS03800-1612CP,01020761,个,1,3580,3580,3580,张孝闽,
2023/6/6,XR43M2306035,福建圣农食品有限公司,丁晴橡胶管,140×180×8,05990289,件,4,330,1320,1320,张孝闽,
2023/6/6,XR43M2306035,福建圣农食品有限公司,平衡活塞套 2016机型用(MYCOM配件),CS03300-160,01020711,个,1,680,680,680,张孝闽,
2023/6/8,XR43M2306037,江西圣农食品有限公司,油泵机械密封（VIKING）,AK4195    2-477-019-999-00,19022590,个,2,1500,3000,3000,张孝闽,
2023/6/12,XR43W2306020,江西圣农食品有限公司,轴封,LY-0125046,600501EB,件,1,23157,23157,23157,张孝闽,
2023/6/12,XR43W2306020,江西圣农食品有限公司,O形圈,419.3*5.7,692035,个,2,136.5,273,273,张孝闽,
2023/6/12,XR43W2306020,江西圣农食品有限公司,O形圈,184.3*3.1,692066,个,4,34.5,138,138,张孝闽,
2023/6/12,XR43W2306020,江西圣农食品有限公司,O形圈,134.4*3.1,692032,个,3,24,72,72,张孝闽,
2023/6/12,XR43W2306020,江西圣农食品有限公司,O形圈,119.4*3.1,692056,个,3,31.5,94.5,94.5,张孝闽,
2023/6/12,XR43W2306020,江西圣农食品有限公司,O形圈,44.04*3.53,692047,个,3,7.5,22.5,22.5,张孝闽,
2023/6/12,XR43W2306020,江西圣农食品有限公司,内六角圆柱头螺钉,M10*30,615006,个,3,4.5,13.5,13.5,张孝闽,
2023/6/12,XR43W2306020,江西圣农食品有限公司,密封垫,80*120*1.5,290021,个,2,121.5,243,243,张孝闽,
2023/6/12,XR43W2306020,江西圣农食品有限公司,O形圈,339.3*5.7,692053,个,1,135,135,135,张孝闽,
2023/6/12,XR43W2306020,江西圣农食品有限公司,O形圈,56.82*2.62,692052,个,1,10.5,10.5,10.5,张孝闽,
2023/6/12,XR43W2306020,江西圣农食品有限公司,圆柱滚子轴承,NU2216 ECML 80*140*33,615049,个,2,2547,5094,5094,张孝闽,
2023/6/12,XR43W2306020,江西圣农食品有限公司,O形圈,75.87*2.62,692033,个,1,6,6,6,张孝闽,
2023/6/12,XR43W2306020,江西圣农食品有限公司,双三角密封环,PDD301250,692018,个,2,1750.5,3501,3501,张孝闽,
2023/6/12,XR43W2306020,江西圣农食品有限公司,O形圈,259.3*5.7,692054,个,1,231,231,231,张孝闽,
2023/6/12,XR43W2306020,江西圣农食品有限公司,O形圈,79.5*2,692055,个,8,46.5,372,372,张孝闽,
2023/6/12,XR43W2306020,江西圣农食品有限公司,O形圈,35*3,692044,个,2,7.5,15,15,张孝闽,
2023/6/12,XR43W2306020,江西圣农食品有限公司,密封垫,169*203*1.5,290010,个,1,49.5,49.5,49.5,张孝闽,
2023/6/12,XR43W2306020,江西圣农食品有限公司,O形圈,399.3*5.7,692068,个,1,213,213,213,张孝闽,
2023/6/12,XR43W2306020,江西圣农食品有限公司,O形圈,319.3*5.7,692036,个,1,177,177,177,张孝闽,
2023/6/12,XR43W2306020,江西圣农食品有限公司,O形圈,56*2,692065,个,2,12,24,24,张孝闽,
2023/6/12,XR43W2306020,江西圣农食品有限公司,O形圈,12.37*2.62,692037,个,2,1.5,3,3,张孝闽,
2023/6/12,XR43W2306020,江西圣农食品有限公司,内六角圆柱头螺钉,M16*30,615117,件,2,9,18,18,张孝闽,
2023/6/12,XR43W2306020,江西圣农食品有限公司,油管接头,,210025,个,1,163.5,163.5,163.5,张孝闽,
2023/6/12,XR43W2306020,江西圣农食品有限公司,圆柱滚子轴承,NU2311 ECML 55*120*43,615000,个,4,2665.5,10662,10662,张孝闽,
2023/6/12,XR43W2306020,江西圣农食品有限公司,杆密封环,RT0200400,692019,个,3,453,1359,1359,张孝闽,
2023/6/12,XR43W2306020,江西圣农食品有限公司,O形圈,199.3*5.7,692081,件,1,52.5,52.5,52.5,张孝闽,
2023/6/12,XR43W2306020,江西圣农食品有限公司,密封垫,200*300*1.5,290022,个,2,102,204,204,张孝闽,
2023/6/12,XR43W2306020,江西圣农食品有限公司,O形圈,109.4*3.1,692067,个,1,25.5,25.5,25.5,张孝闽,
2023/6/12,XR43W2306020,江西圣农食品有限公司,O形圈,99.4*3.1,692058,个,1,13.5,13.5,13.5,张孝闽,
2023/6/12,XR43W2306020,江西圣农食品有限公司,圆柱滚子轴承,NU2212 ECML 60*110*28,615002,个,2,2029.5,4059,4059,张孝闽,
2023/6/12,XR43W2306020,江西圣农食品有限公司,骨架油封,BA_100*120*12,692034,个,1,363,363,363,张孝闽,
2023/6/12,XR43W2306020,江西圣农食品有限公司,密封垫,43*75*1.5,290020,个,2,492,984,984,张孝闽,
2023/6/12,XR43W2306020,江西圣农食品有限公司,O形圈,113.66*5.33,692057,个,2,16.5,33,33,张孝闽,
2023/6/12,XR43W2306020,江西圣农食品有限公司,O形圈,104.4*3.1,692051,个,2,27,54,54,张孝闽,
2023/6/12,XR43W2306020,江西圣农食品有限公司,O形圈,11.5*1.5,692038,个,1,12,12,12,张孝闽,
2023/6/12,XR43W2306020,江西圣农食品有限公司,O形圈,6.07*1.63,692049,个,1,10.5,10.5,10.5,张孝闽,
2023/6/12,XR43W2306020,江西圣农食品有限公司,角接触球轴承,7311 BECBM 55*120*29,615001,个,11,1092,12012,12012,张孝闽,
2023/6/13,XR43W2306019,福建圣农发展股份有限公司,O形圈,75.87*2.62,692033,个,1,6,6,6,张孝闽,
2023/6/13,XR43W2306019,福建圣农发展股份有限公司,迷宫密封圈,,230032,个,2,2326.5,4653,4653,张孝闽,
2023/6/13,XR43W2306019,福建圣农发展股份有限公司,M弹簧固定器,SRM-20,230024,个,1,2133,2133,2133,张孝闽,
2023/6/13,XR43W2306019,福建圣农发展股份有限公司,双三角密封环,PDD301600,692046,个,2,2610,5220,5220,张孝闽,
2023/6/13,XR43W2306019,福建圣农发展股份有限公司,O形圈,11.5*1.5,692038,个,1,12,12,12,张孝闽,
2023/6/13,XR43W2306019,福建圣农发展股份有限公司,O形圈,98.02*3.53,692106,件,1,9,9,9,张孝闽,
2023/6/13,XR43W2306019,福建圣农发展股份有限公司,隔离套,,210229,个,1,597,597,597,张孝闽,
2023/6/13,XR43W2306019,福建圣农发展股份有限公司,F弹簧固定器垫圈,,210867,个,1,2194.5,2194.5,2194.5,张孝闽,
2023/6/13,XR43W2306019,福建圣农发展股份有限公司,骨架油封,BA_125*150*12,692103,个,1,990,990,990,张孝闽,
2023/6/13,XR43W2306019,福建圣农发展股份有限公司,圆柱滚子轴承,NU2314 ECML 70*150*51,615047,个,2,4788,9576,9576,张孝闽,
2023/6/13,XR43W2306019,福建圣农发展股份有限公司,角接触球轴承,7220 BECBM 100*180*34,615109,件,5,1800,9000,9000,张孝闽,
2023/6/13,XR43W2306019,福建圣农发展股份有限公司,圆柱滚子轴承,NU2220 ECML 100*180*46,615096,件,2,4195.5,8391,8391,张孝闽,
2023/6/13,XR43W2306019,福建圣农发展股份有限公司,O形圈,203*3,692118,件,4,58.5,234,234,张孝闽,
2023/6/13,XR43W2306019,福建圣农发展股份有限公司,O形圈,126.59*3.53,692048,个,1,21,21,21,张孝闽,
2023/6/13,XR43W2306019,福建圣农发展股份有限公司,O形圈,12.37*2.62,692037,个,2,1.5,3,3,张孝闽,
2023/6/13,XR43W2306019,福建圣农发展股份有限公司,隔离套,,210225,个,1,412.5,412.5,412.5,张孝闽,
2023/6/13,XR43W2306019,福建圣农发展股份有限公司,密封垫,273*312*1.5,290015,件,2,85.5,171,171,张孝闽,
2023/6/13,XR43W2306019,福建圣农发展股份有限公司,轴用弹性挡圈-A型,40,615090,件,1,12,12,12,张孝闽,
2023/6/13,XR43W2306019,福建圣农发展股份有限公司,内六角圆柱头螺钉,M10*35,615106,件,10,3,30,30,张孝闽,
2023/6/13,XR43W2306019,福建圣农发展股份有限公司,杆密封环,RT0200400,692019,个,3,451.5,1354.5,1354.5,张孝闽,
2023/6/13,XR43W2306019,福建圣农发展股份有限公司,圆柱滚子轴承,NU220 ECML 100*180*34,615108,件,2,2665.5,5331,5331,张孝闽,
2023/6/13,XR43W2306019,福建圣农发展股份有限公司,O形圈,575*6,692112,件,1,235.5,235.5,235.5,张孝闽,
2023/6/13,XR43W2306019,福建圣农发展股份有限公司,O形圈,148.59*5.33,692045,个,2,25.5,51,51,张孝闽,
2023/6/13,XR43W2306019,福建圣农发展股份有限公司,内六角圆柱头螺钉,M10*35,615106,件,8,3,24,24,张孝闽,
2023/6/13,XR43W2306019,福建圣农发展股份有限公司,喷油嘴,4,210231,个,1,711,711,711,张孝闽,
2023/6/13,XR43W2306019,福建圣农发展股份有限公司,调整环,,210227,个,1,2268,2268,2268,张孝闽,
2023/6/13,XR43W2306019,福建圣农发展股份有限公司,喷油嘴,7.9,210221,个,1,346.5,346.5,346.5,张孝闽,
2023/6/13,XR43W2306019,福建圣农发展股份有限公司,O形圈,94.5*2,692039,个,6,10.5,63,63,张孝闽,
2023/6/13,XR43W2306019,福建圣农发展股份有限公司,轴承预紧弹簧,3.5*11.5*7.9*35,210024,个,68,22.5,1530,1530,张孝闽,
2023/6/13,XR43W2306019,福建圣农发展股份有限公司,迷宫密封圈,,230194,个,1,4174.5,4174.5,4174.5,张孝闽,
2023/6/13,XR43W2306019,福建圣农发展股份有限公司,60°密封管螺纹内六角螺塞 NPT1/4",,615018,个,6,24,144,144,张孝闽,
2023/6/13,XR43W2306019,福建圣农发展股份有限公司,密封垫,141*175*1.5,290014,个,2,36,72,72,张孝闽,
2023/6/13,XR43W2306019,福建圣农发展股份有限公司,密封垫 77*109*1.5,77*109*1.5,290013,件,2,95,190,190,张孝闽,
2023/6/13,XR43W2306019,福建圣农发展股份有限公司,内六角凹端紧定螺钉,M10*10,615304,个,3,4.5,13.5,13.5,张孝闽,
2023/6/13,XR43W2306019,福建圣农发展股份有限公司,圆柱滚子轴承,NU2216 ECML 80*140*33,615049,个,2,2547,5094,5094,张孝闽,
2023/6/13,XR43W2306019,福建圣农发展股份有限公司,O形圈,319.3*5.7,692036,个,1,177,177,177,张孝闽,
2023/6/13,XR43W2306019,福建圣农发展股份有限公司,O形圈,44.04*3.53,692047,个,3,22.5,67.5,67.5,张孝闽,
2023/6/13,XR43W2306019,福建圣农发展股份有限公司,O形圈,32*3,692109,件,1,6,6,6,张孝闽,
2023/6/13,XR43W2306019,福建圣农发展股份有限公司,M弹簧固定器垫圈,,210866,个,1,2194.5,2194.5,2194.5,张孝闽,
2023/6/13,XR43W2306019,福建圣农发展股份有限公司,60°密封管螺纹内六角螺塞 NPT1/2",,615055,个,6,13.5,81,81,张孝闽,
2023/6/13,XR43W2306019,福建圣农发展股份有限公司,轴封,LY-0126077,600502EB,件,1,31738.5,31738.5,31738.5,张孝闽,
2023/6/13,XR43W2306019,福建圣农发展股份有限公司,密封垫圈,6.7*10*1（爱之福）,692016,个,1,21,21,21,张孝闽,
2023/6/13,XR43W2306019,福建圣农发展股份有限公司,O形圈,419.3*5.7,692035,个,2,136.5,273,273,张孝闽,
2023/6/13,XR43W2306019,福建圣农发展股份有限公司,O形圈,174.3*3.1,692111,件,4,120,480,480,张孝闽,
2023/6/13,XR43W2306019,福建圣农发展股份有限公司,密封垫,260*312*1.5,290019,个,2,106.5,213,213,张孝闽,
2023/6/13,XR43W2306019,福建圣农发展股份有限公司,O形圈,109.4*3.1,692067,个,1,25.5,25.5,25.5,张孝闽,
2023/6/13,XR43W2306019,福建圣农发展股份有限公司,O形圈,560*6,692113,件,1,231,231,231,张孝闽,
2023/6/13,XR43W2306019,福建圣农发展股份有限公司,O形圈,154.3*3.1,692041,个,3,24,72,72,张孝闽,
2023/6/13,XR43W2306019,福建圣农发展股份有限公司,O形圈,124.4*3.1,692108,件,4,36,144,144,张孝闽,
2023/6/13,XR43W2306019,福建圣农发展股份有限公司,O形圈,35*3,692044,个,2,7.5,15,15,张孝闽,
2023/6/13,XR43W2306019,福建圣农发展股份有限公司,O形圈,6.07*1.63,692049,个,1,1.5,1.5,1.5,张孝闽,
2023/6/13,XR43W2306019,福建圣农发展股份有限公司,F弹簧固定器,,230028,个,1,2509.5,2509.5,2509.5,张孝闽,
2023/6/13,XR43W2306019,福建圣农发展股份有限公司,角接触球轴承,7314 BECBM 70*150*35,615048,个,6,1729.5,10377,10377,张孝闽,
2023/6/13,XR43W2306019,福建圣农发展股份有限公司,O形圈,468.76*6.98,692119,件,1,54,54,54,张孝闽,
2023/6/14,XR43M2306038,福建圣农食品有限公司,SRMTEC冷冻油,S019 208L/桶,600677,升,1040,46,47840,47840,张孝闽,
2023/6/14,XR43M2306036,福建圣农食品有限公司,主轴承（低段F）(MYCOM配件),CS02800-1610C1,01020756,个,3,3000,9000,9000,张孝闽,
2023/6/14,XR43M2306036,福建圣农食品有限公司,橡环组1612机型用(MYCOM配件),CS7109-0J,01020720,个,1,218,218,218,张孝闽,
2023/6/14,XR43M2306036,福建圣农食品有限公司,垫环组1612机型用(MYCOM配件),CS7118-1JI,01020721,个,1,1800,1800,1800,张孝闽,
2023/6/14,XR43M2306036,福建圣农食品有限公司,特氟龙环1612普通型，增速型用(MYCOM配件),CS06600-125,01020725,个,1,450,450,450,张孝闽,
2023/6/14,XR43M2306036,福建圣农食品有限公司,平衡活塞 2016机型用(MYCOM配件),CS03000-160,01020710,个,1,1080,1080,1080,张孝闽,
2023/6/14,XR43M2306036,福建圣农食品有限公司,止推轴承 1612普通型，增速型高段用(MYCOM配件),CS03800-125P,01020707,个,2,3000,6000,6000,张孝闽,
2023/6/14,XR43M2306036,福建圣农食品有限公司,低段M止推轴承(MYCOM配件),CS03800-1612CP,01020761,个,1,3580,3580,3580,张孝闽,
2023/6/14,XR43M2306036,福建圣农食品有限公司,高段侧轴承(MYCOM配件),CS02800-125,01020758,个,2,1820,3640,3640,张孝闽,
2023/6/14,XR43M2306036,福建圣农食品有限公司,主轴承（低段F）(MYCOM配件),CS02800-1610C1,01020756,个,1,3380,3380,3380,张孝闽,
2023/6/14,XR43M2306036,福建圣农食品有限公司,高段主轴承(MYCOM配件),CS02700-125,01020757,个,3,1875,5625,5625,张孝闽,
2023/6/14,XR43M2306036,福建圣农食品有限公司,增速滚珠轴承(MYCOM配件),CS02800-GR160FS,01020760,个,1,2187,2187,2187,张孝闽,
2023/6/27,XR43M2306039,福建圣农食品有限公司,盐水泵,ES-B11VC-230N1,02030032,件,1,2300,2300,2300,张孝闽,
2023/6/27,XR43M2306039,福建圣农食品有限公司,冰柜把手,FT-1178,02220010,个,10,300,3000,3000,张孝闽,
2023/6/27,XR43M2306040,福建圣农食品有限公司,SRMTEC冷冻油,S019 208L/桶,600677,升,416,46,19136,19136,张孝闽,
2023/7/6,XR43M2307043,福建圣农食品有限公司,真空泵,VPA-1D,02030233,件,1,1558,1558,1558,张孝闽,
2023/7/6,XR43M2307044,福建圣农食品有限公司,油过滤器滤芯,XRI2-570AN,01160080,件,3,800,2400,2400,张孝闽,
2023/7/6,XR43M2307045,圣农食品（政和）有限公司,电加热管,DL-260,0119031336,米,47,50,2350,2350,张孝闽,
2023/7/7,XR43W2307021,福建圣农发展股份有限公司,电机转子隔圈,"Φ47.7*Φ65*31.5, 键槽W=12.5",518130,件,1,93.66,93.66,93.66,张孝闽,
2023/7/7,XR43W2307021,福建圣农发展股份有限公司,转子固定挡圈,41.2*21,512194,件,1,307.13,307.13,307.13,张孝闽,
2023/7/7,XR43W2307021,福建圣农发展股份有限公司,外舌止动垫圈,16,616001,件,1,5.88,5.88,5.88,张孝闽,
2023/7/7,XR43W2307021,福建圣农发展股份有限公司,密封垫组,,302490SW,套,1,1302,1302,1302,张孝闽,
2023/7/7,XR43W2307021,福建圣农发展股份有限公司,角接触球轴承,7307 BECBP 35*80*21,612370,件,1,500,500,500,张孝闽,
2023/7/7,XR43W2307021,福建圣农发展股份有限公司,六角头螺栓（半牙）,M16*70,614140,件,1,6.89,6.89,6.89,张孝闽,
2023/7/7,XR43W2307021,福建圣农发展股份有限公司,线缆保护管,Φ20,690240,米,1,84.96,84.96,84.96,张孝闽,
2023/7/7,XR43W2307021,福建圣农发展股份有限公司,电机,80HP 400/3/50-460/3/60 Y/D D=257.1,583761,台,1,12259.65,12259.65,12259.65,张孝闽,
2023/7/7,XR43W2307021,福建圣农发展股份有限公司,角接触球轴承,7308 BECBP 40*90*23,614010,件,2,350,700,700,张孝闽,
2023/7/7,XR43W2307021,福建圣农发展股份有限公司,干燥滤芯,48-DC,01160036,件,4,150,600,600,张孝闽,
2023/7/7,XR43W2307021,福建圣农发展股份有限公司,圆柱滚子轴承,NU2307 ECP 35*80*31,614100,件,1,500,500,500,张孝闽,
2023/7/7,XR43W2307021,福建圣农发展股份有限公司,吸气滤芯,FRE-100W,01160003,件,1,200,200,200,张孝闽,
2023/7/7,XR43W2307021,福建圣农发展股份有限公司,托盘,,587063,个,1,319.5,319.5,319.5,张孝闽,
2023/7/7,XR43W2307021,福建圣农发展股份有限公司,包装箱,1446*756*838,587000,件,1,693,693,693,张孝闽,
2023/7/7,XR43W2307021,福建圣农发展股份有限公司,圆柱滚子轴承,NU2308 ECP E.TVP2 40*90*33,614000,件,1,853.5,853.5,853.5,张孝闽,
2023/7/7,XR43W2307021,福建圣农发展股份有限公司,圆柱滚子轴承,NU2211 ECP 55*100*25,613650,件,2,450,900,900,张孝闽,
2023/7/7,XR43W2307021,福建圣农发展股份有限公司,SRMTEC冷冻油,S002 20L/桶,971126,升,60,148,8880,8880,张孝闽,
2023/7/7,XR43W2307021,福建圣农发展股份有限公司,吸气过滤器,WX373,503058,件,1,168,168,168,张孝闽,
2023/7/7,XR43W2307021,福建圣农发展股份有限公司,圆柱滚子轴承,NU2207 ECP E.TVP2 35*72*23,614465,件,1,400,400,400,张孝闽,
2023/7/11,XR43W2307022,福建圣农发展股份有限公司,叶轮,配帝国氨泵R0506T-316,0119031402,件,1,2860,2860,2860,张孝闽,
2023/7/11,XR43W2307022,福建圣农发展股份有限公司,直通式过滤器,FIA80-Y-38目,19061080,件,2,1000,2000,2000,张孝闽,
2023/7/11,XR43W2307022,福建圣农发展股份有限公司,推力盘,配帝国氨泵R0506T-316,0119031401,套,2,280,560,560,张孝闽,
2023/7/11,XR43W2307022,福建圣农发展股份有限公司,轴套,配帝国氨泵R0506T-316,0119031400,套,2,560,1120,1120,张孝闽,
2023/7/11,XR43W2307022,福建圣农发展股份有限公司,轴承,配帝国氨泵R0506T-316,0119031399,套,2,850,1700,1700,张孝闽,
2023/7/17,XR43M2307046,福建圣农食品有限公司,O形圈,129.6*5.7,692263,件,0,#DIV/0!,0,,张孝闽,
2023/7/17,XR43M2307046,福建圣农食品有限公司,锁紧螺母,YAN 55*1.5,615525,个,0,#DIV/0!,0,,张孝闽,
2023/7/17,XR43M2307046,福建圣农食品有限公司,齿式联轴器,"45/45,Tkn=930Nm",615144,个,0,#DIV/0!,0,,张孝闽,
2023/7/17,XR43M2307046,福建圣农食品有限公司,接线盒垫片,,692371,个,0,#DIV/0!,0,,张孝闽,
2023/7/17,XR43M2307046,福建圣农食品有限公司,密封垫,141*175*1.5,290014,个,0,#DIV/0!,0,,张孝闽,
2023/7/17,XR43M2307046,福建圣农食品有限公司,密封垫 43*65*1.5,43*65*1.5,290023,个,0,#DIV/0!,0,,张孝闽,
2023/7/17,XR43M2307046,福建圣农食品有限公司,密封垫 77*109*1.5,77*109*1.5,290013,件,0,#DIV/0!,0,,张孝闽,
2023/7/17,XR43M2307046,福建圣农食品有限公司,键 C14*9*46,,210302,个,0,#DIV/0!,0,,张孝闽,
2023/7/17,XR43M2307046,福建圣农食品有限公司,内六角平端紧定螺钉,M8*8,615059,个,0,#DIV/0!,0,,张孝闽,
2023/7/17,XR43M2307046,福建圣农食品有限公司,双三角密封环,PDD301100,692149,个,0,#DIV/0!,0,,张孝闽,
2023/7/17,XR43M2307046,福建圣农食品有限公司,电磁阀座垫片,,592731,件,0,#DIV/0!,0,,张孝闽,
2023/7/17,XR43M2307046,福建圣农食品有限公司,角接触球轴承,7308 BECBM 40*90*23,615094,个,0,#DIV/0!,0,,张孝闽,
2023/7/17,XR43M2307046,福建圣农食品有限公司,圆柱滚子轴承,NU2308 ECML 40*90*33,615093,个,0,#DIV/0!,0,,张孝闽,
2023/7/17,XR43M2307046,福建圣农食品有限公司,圆柱滚子轴承,NU2209 ECPH 45*85*23,615142,个,0,#DIV/0!,0,,张孝闽,
2023/7/17,XR43M2307046,福建圣农食品有限公司,圆柱滚子轴承,NU2210 ECPH 50*90*23,615134,个,0,#DIV/0!,0,,张孝闽,
2023/7/17,XR43M2307046,福建圣农食品有限公司,圆柱滚子轴承,NU2311 ECML 55*120*43,615000,个,0,#DIV/0!,0,,张孝闽,
2023/7/17,XR43M2307046,福建圣农食品有限公司,圆柱滚子轴承,NU214 ECML 70*125*24,615139,个,0,#DIV/0!,0,,张孝闽,
2023/7/17,XR43M2307046,福建圣农食品有限公司,角接触球轴承,7311 BECBM 55*120*29,615001,个,0,#DIV/0!,0,,张孝闽,
2023/7/17,XR43M2307046,福建圣农食品有限公司,O形圈,21.89*2.62,692227,个,0,#DIV/0!,0,,张孝闽,
2023/7/17,XR43M2307046,福建圣农食品有限公司,O形圈,253*5.7(转用692440),692444,件,0,#DIV/0!,0,,张孝闽,
2023/7/17,XR43M2307046,福建圣农食品有限公司,O形圈,56*2,692077,个,0,#DIV/0!,0,,张孝闽,
2023/7/17,XR43M2307046,福建圣农食品有限公司,O形圈,284.3*5.7,692446,件,0,#DIV/0!,0,,张孝闽,
2023/7/17,XR43M2307046,福建圣农食品有限公司,O形圈,11.5*1.5,692005,个,0,#DIV/0!,0,,张孝闽,
2023/7/17,XR43M2307046,福建圣农食品有限公司,O形圈,249.3*5.7,692122,件,0,#DIV/0!,0,,张孝闽,
2023/7/17,XR43M2307046,福建圣农食品有限公司,O形圈,17.5*1.5,692231,件,0,#DIV/0!,0,,张孝闽,
2023/7/17,XR43M2307046,福建圣农食品有限公司,O形圈,97.79*5.33,692228,件,0,#DIV/0!,0,,张孝闽,
2023/7/17,XR43M2307046,福建圣农食品有限公司,O形圈,35*3,692010,个,0,#DIV/0!,0,,张孝闽,
2023/7/17,XR43M2307046,福建圣农食品有限公司,O形圈,359.3*5.7,692223,个,0,#DIV/0!,0,,张孝闽,
2023/7/17,XR43M2307046,福建圣农食品有限公司,O形圈,439.3*5.7,692225,个,0,#DIV/0!,0,,张孝闽,
2023/7/17,XR43M2307046,福建圣农食品有限公司,O形圈,79.5*2,692055,个,0,#DIV/0!,0,,张孝闽,
2023/7/17,XR43M2307046,福建圣农食品有限公司,O形圈,339.3*5.7,692002,个,0,#DIV/0!,0,,张孝闽,
2023/7/17,XR43M2307046,福建圣农食品有限公司,O形圈,13*1.5,692126,件,0,#DIV/0!,0,,张孝闽,
2023/7/17,XR43M2307046,福建圣农食品有限公司,O形圈,29.4*3.1,692230,件,0,#DIV/0!,0,,张孝闽,
2023/7/17,XR43M2307046,福建圣农食品有限公司,O形圈,49.4*3.1,692229,件,0,#DIV/0!,0,,张孝闽,
2023/7/17,XR43M2307046,福建圣农食品有限公司,O形圈,199.3*5.7,692082,件,0,#DIV/0!,0,,张孝闽,
2023/7/17,XR43M2307046,福建圣农食品有限公司,O形圈,354.3*5.7,692442,件,0,#DIV/0!,0,,张孝闽,
2023/7/18,XR43M2306042,福建圣农发展股份有限公司,温度传感器,902030/10-380-1001-1-7-150-144/000,03990073,件,2,600,1200,1200,张孝闽,
2023/7/18,XR43M2306042,福建圣农发展股份有限公司,可编程控制器,TM218LDA24DRN,03010146,件,1,3534,3534,3534,张孝闽,
2023/7/19,XR43W2307024,福建圣农发展（浦城）有限公司,O形圈,12.37*2.62,692037,个,0,#DIV/0!,0,,张孝闽,
2023/7/19,XR43W2307024,福建圣农发展（浦城）有限公司,转子壳体组件,,200016,套,0,#DIV/0!,0,,张孝闽,
2023/7/19,XR43W2307024,福建圣农发展（浦城）有限公司,O形圈,75.87*2.62,692033,个,0,#DIV/0!,0,,张孝闽,
2023/7/19,XR43W2307024,福建圣农发展（浦城）有限公司,O形圈,174.3*3.1,692111,件,0,#DIV/0!,0,,张孝闽,
2023/7/19,XR43W2307024,福建圣农发展（浦城）有限公司,O形圈,98.02*3.53,692106,件,0,#DIV/0!,0,,张孝闽,
2023/7/19,XR43W2307024,福建圣农发展（浦城）有限公司,密封垫圈,6.7*10*1（爱之福）,692016,个,0,#DIV/0!,0,,张孝闽,
2023/7/19,XR43W2307024,福建圣农发展（浦城）有限公司,杆密封环,RT0200400,692019,个,0,#DIV/0!,0,,张孝闽,
2023/7/19,XR43W2307024,福建圣农发展（浦城）有限公司,圆柱滚子轴承,NU2220 ECML 100*180*46,615096,件,0,#DIV/0!,0,,张孝闽,
2023/7/19,XR43W2307024,福建圣农发展（浦城）有限公司,双三角密封环,PDD301600,692046,个,0,#DIV/0!,0,,张孝闽,
2023/7/19,XR43W2307024,福建圣农发展（浦城）有限公司,O形圈,203*3,692118,件,0,#DIV/0!,0,,张孝闽,
2023/7/19,XR43W2307024,福建圣农发展（浦城）有限公司,O形圈,35*3,692044,个,0,#DIV/0!,0,,张孝闽,
2023/7/19,XR43W2307024,福建圣农发展（浦城）有限公司,密封垫,273*312*1.5,290015,件,0,#DIV/0!,0,,张孝闽,
2023/7/19,XR43W2307024,福建圣农发展（浦城）有限公司,密封垫,260*312*1.5,290019,个,0,#DIV/0!,0,,张孝闽,
2023/7/19,XR43W2307024,福建圣农发展（浦城）有限公司,密封垫 77*109*1.5,77*109*1.5,290013,件,0,#DIV/0!,0,,张孝闽,
2023/7/19,XR43W2307024,福建圣农发展（浦城）有限公司,O形圈,154.3*3.1,692041,个,0,#DIV/0!,0,,张孝闽,
2023/7/19,XR43W2307024,福建圣农发展（浦城）有限公司,H轴端挡圈(3个螺钉通孔),,210042-AA,个,0,#DIV/0!,0,,张孝闽,
2023/7/19,XR43W2307024,福建圣农发展（浦城）有限公司,角接触球轴承,7220 BECBM 100*180*34,615109,件,0,#DIV/0!,0,,张孝闽,
2023/7/19,XR43W2307024,福建圣农发展（浦城）有限公司,O形圈,109.4*3.1,692067,个,0,#DIV/0!,0,,张孝闽,
2023/7/19,XR43W2307024,福建圣农发展（浦城）有限公司,O形圈,319.3*5.7,692036,个,0,#DIV/0!,0,,张孝闽,
2023/7/19,XR43W2307024,福建圣农发展（浦城）有限公司,O形圈,11.5*1.5,692038,个,0,#DIV/0!,0,,张孝闽,
2023/7/19,XR43W2307024,福建圣农发展（浦城）有限公司,O形圈,126.59*3.53,692048,个,0,#DIV/0!,0,,张孝闽,
2023/7/19,XR43W2307024,福建圣农发展（浦城）有限公司,迷宫密封圈,,230032,个,0,#DIV/0!,0,,张孝闽,
2023/7/19,XR43W2307024,福建圣农发展（浦城）有限公司,内六角圆柱头螺钉,M16*40,615078,件,0,#DIV/0!,0,,张孝闽,
2023/7/19,XR43W2307024,福建圣农发展（浦城）有限公司,角接触球轴承,7314 BECBM 70*150*35,615048,个,0,#DIV/0!,0,,张孝闽,
2023/7/19,XR43W2307024,福建圣农发展（浦城）有限公司,圆柱滚子轴承,NU2216 ECML 80*140*33,615049,个,0,#DIV/0!,0,,张孝闽,
2023/7/19,XR43W2307024,福建圣农发展（浦城）有限公司,O形圈,148.59*5.33,692045,个,0,#DIV/0!,0,,张孝闽,
2023/7/19,XR43W2307024,福建圣农发展（浦城）有限公司,O形圈,32*3,692109,件,0,#DIV/0!,0,,张孝闽,
2023/7/19,XR43W2307024,福建圣农发展（浦城）有限公司,内六角凹端紧定螺钉,M10*10,615304,个,0,#DIV/0!,0,,张孝闽,
2023/7/19,XR43W2307024,福建圣农发展（浦城）有限公司,密封垫,141*175*1.5,290014,个,0,#DIV/0!,0,,张孝闽,
2023/7/19,XR43W2307024,福建圣农发展（浦城）有限公司,骨架油封,BA_125*150*12,692103,个,0,#DIV/0!,0,,张孝闽,
2023/7/19,XR43W2307024,福建圣农发展（浦城）有限公司,O形圈,124.4*3.1,692108,件,0,#DIV/0!,0,,张孝闽,
2023/7/19,XR43W2307024,福建圣农发展（浦城）有限公司,O形圈,94.5*2,692039,个,0,#DIV/0!,0,,张孝闽,
2023/7/19,XR43W2307024,福建圣农发展（浦城）有限公司,O形圈,44.04*3.53,692047,个,0,#DIV/0!,0,,张孝闽,
2023/7/19,XR43W2307024,福建圣农发展（浦城）有限公司,O形圈,6.07*1.63,692049,个,0,#DIV/0!,0,,张孝闽,
2023/7/19,XR43W2307024,福建圣农发展（浦城）有限公司,油管接头,,210025,个,0,#DIV/0!,0,,张孝闽,
2023/7/19,XR43W2307024,福建圣农发展（浦城）有限公司,轴封,LY-0126077,600502EB,件,0,#DIV/0!,0,,张孝闽,
2023/7/19,XR43W2307024,福建圣农发展（浦城）有限公司,圆柱滚子轴承,NU2314 ECML 70*150*51,615047,个,0,#DIV/0!,0,,张孝闽,
2023/7/19,XR43W2307024,福建圣农发展（浦城）有限公司,圆柱滚子轴承,NU220 ECML 100*180*34,615108,件,0,#DIV/0!,0,,张孝闽,
2023/7/19,XR43W2307024,福建圣农发展（浦城）有限公司,O形圈,468.76*6.98,692119,件,0,#DIV/0!,0,,张孝闽,
2023/7/19,XR43W2307024,福建圣农发展（浦城）有限公司,O形圈,419.3*5.7,692035,个,0,#DIV/0!,0,,张孝闽,
2023/7/19,XR43W2307024,福建圣农发展（浦城）有限公司,O形圈,560*6,692113,件,0,#DIV/0!,0,,张孝闽,
2023/7/19,XR43W2307024,福建圣农发展（浦城）有限公司,O形圈,575*6,692112,件,0,#DIV/0!,0,,张孝闽,
2023/7/19,XR43W2307024,福建圣农发展（浦城）有限公司,滑阀导向块,,230036,个,0,#DIV/0!,0,,张孝闽,
2023/7/19,XR43W2307024,福建圣农发展（浦城）有限公司,转子壳体,,230141,个,0,#DIV/0!,0,,张孝闽,
2023/7/19,XR43W2307023,福建圣农发展（浦城）有限公司,O形圈,6.07*1.63,692049,个,1,9,9,9,张孝闽,
2023/7/19,XR43W2307023,福建圣农发展（浦城）有限公司,O形圈,11.5*1.5,692038,个,1,10,10,10,张孝闽,
2023/7/19,XR43W2307023,福建圣农发展（浦城）有限公司,O形圈,12.37*2.62,692037,个,2,1.5,3,3,张孝闽,
2023/7/19,XR43W2307023,福建圣农发展（浦城）有限公司,O形圈,35*3,692044,个,2,6.5,13,13,张孝闽,
2023/7/19,XR43W2307023,福建圣农发展（浦城）有限公司,O形圈,44.04*3.53,692047,个,3,6.333333333,19,19,张孝闽,
2023/7/19,XR43W2307023,福建圣农发展（浦城）有限公司,O形圈,56*2,692065,个,2,10,20,20,张孝闽,
2023/7/19,XR43W2307023,福建圣农发展（浦城）有限公司,O形圈,56.82*2.62,692052,个,1,9,9,9,张孝闽,
2023/7/19,XR43W2307023,福建圣农发展（浦城）有限公司,O形圈,75.87*2.62,692033,个,1,5,5,5,张孝闽,
2023/7/19,XR43W2307023,福建圣农发展（浦城）有限公司,O形圈,79.5*2,692055,个,8,39.5,316,316,张孝闽,
2023/7/19,XR43W2307023,福建圣农发展（浦城）有限公司,O形圈,99.4*3.1,692058,个,1,11,11,11,张孝闽,
2023/7/19,XR43W2307023,福建圣农发展（浦城）有限公司,O形圈,104.4*3.1,692051,个,2,23,46,46,张孝闽,
2023/7/19,XR43W2307023,福建圣农发展（浦城）有限公司,O形圈,109.4*3.1,692067,个,1,22,22,22,张孝闽,
2023/7/19,XR43W2307023,福建圣农发展（浦城）有限公司,O形圈,113.66*5.33,692057,个,2,14,28,28,张孝闽,
2023/7/19,XR43W2307023,福建圣农发展（浦城）有限公司,O形圈,119.4*3.1,692056,个,3,26.66666667,80,80,张孝闽,
2023/7/19,XR43W2307023,福建圣农发展（浦城）有限公司,O形圈,134.4*3.1,692032,个,3,20.33333333,61,61,张孝闽,
2023/7/19,XR43W2307023,福建圣农发展（浦城）有限公司,O形圈,184.3*3.1,692066,个,4,29.25,117,117,张孝闽,
2023/7/19,XR43W2307023,福建圣农发展（浦城）有限公司,O形圈,259.3*5.7,692054,个,1,196,196,196,张孝闽,
2023/7/19,XR43W2307023,福建圣农发展（浦城）有限公司,O形圈,319.3*5.7,692036,个,1,150,150,150,张孝闽,
2023/7/19,XR43W2307023,福建圣农发展（浦城）有限公司,O形圈,339.3*5.7,692053,个,1,115,115,115,张孝闽,
2023/7/19,XR43W2307023,福建圣农发展（浦城）有限公司,O形圈,399.3*5.7,692068,个,1,181,181,181,张孝闽,
2023/7/19,XR43W2307023,福建圣农发展（浦城）有限公司,O形圈,419.3*5.7,692035,个,2,116,232,232,张孝闽,
2023/7/19,XR43W2307023,福建圣农发展（浦城）有限公司,密封垫,169*203*1.5,290010,个,2,42,84,84,张孝闽,
2023/7/19,XR43W2307023,福建圣农发展（浦城）有限公司,密封垫,43*75*1.5,290020,个,2,418,836,836,张孝闽,
2023/7/19,XR43W2307023,福建圣农发展（浦城）有限公司,密封垫,80*120*1.5,290021,个,2,103.5,207,207,张孝闽,
2023/7/19,XR43W2307023,福建圣农发展（浦城）有限公司,密封垫,200*300*1.5,290022,个,2,86.5,173,173,张孝闽,
2023/7/19,XR43W2307023,福建圣农发展（浦城）有限公司,O形圈,199.3*5.7,692081,件,1,45,45,45,张孝闽,
2023/7/19,XR43W2307023,福建圣农发展（浦城）有限公司,双三角密封环,PDD301250,692018,个,2,1488,2976,2976,张孝闽,
2023/7/19,XR43W2307023,福建圣农发展（浦城）有限公司,杆密封环,RT0200400,692019,个,3,385,1155,1155,张孝闽,
2023/7/19,XR43W2307023,福建圣农发展（浦城）有限公司,轴封,LY-0125046,600501EB,件,1,19683,19683,19683,张孝闽,
2023/7/19,XR43W2307023,福建圣农发展（浦城）有限公司,骨架油封,BA_100*120*12,692034,个,1,309,309,309,张孝闽,
2023/7/19,XR43W2307023,福建圣农发展（浦城）有限公司,圆柱滚子轴承,NU2216 ECML 80*140*33,615049,个,2,2165,4330,4330,张孝闽,
2023/7/19,XR43W2307023,福建圣农发展（浦城）有限公司,圆柱滚子轴承,NU2311 ECML 55*120*43,615000,个,4,2265.75,9063,9063,张孝闽,
2023/7/19,XR43W2307023,福建圣农发展（浦城）有限公司,圆柱滚子轴承,NU2212 ECML 60*110*28,615002,个,2,1725,3450,3450,张孝闽,
2023/7/19,XR43W2307023,福建圣农发展（浦城）有限公司,角接触球轴承,7311 BECBM 55*120*29,615001,个,11,928.1818182,10210,10210,张孝闽,
2023/7/19,XR43W2307023,福建圣农发展（浦城）有限公司,键,C16*10*65,210162,个,1,77,77,77,张孝闽,
2023/7/19,XR43W2307023,福建圣农发展（浦城）有限公司,内六角凹端紧定螺钉,M10*10,615304,个,6,2.5,15,15,张孝闽,
2023/7/19,XR43W2307023,福建圣农发展（浦城）有限公司,喷油嘴,0,210120,个,1,309,309,309,张孝闽,
2023/7/19,XR43W2307023,福建圣农发展（浦城）有限公司,迷宫密封圈,,230109,个,1,960,960,960,张孝闽,
2023/7/19,XR43W2307023,福建圣农发展（浦城）有限公司,喷油嘴,3.8,210122,个,1,418,418,418,张孝闽,
2023/7/19,XR43W2307023,福建圣农发展（浦城）有限公司,F 弹簧固定器,,230006,个,1,1507,1507,1507,张孝闽,
2023/7/19,XR43W2307023,福建圣农发展（浦城）有限公司,M弹簧固定器,,230002,个,1,1071,1071,1071,张孝闽,
2023/7/19,XR43W2307023,福建圣农发展（浦城）有限公司,M弹簧固定器垫圈,,210868,个,1,1796,1796,1796,张孝闽,
2023/7/19,XR43W2307023,福建圣农发展（浦城）有限公司,F弹簧固定器垫圈,,210869,个,1,1433,1433,1433,张孝闽,
2023/7/19,XR43W2307023,福建圣农发展（浦城）有限公司,圆柱销,4m6*8-A,615268,件,2,1.5,3,3,张孝闽,
2023/7/19,XR43W2307023,福建圣农发展（浦城）有限公司,防尘圈,[22 Kg/m3]95*75*8,290001,个,1,41,41,41,张孝闽,
2023/7/19,XR43W2307023,福建圣农发展（浦城）有限公司,油管接头,,210025,个,1,138,138,138,张孝闽,
2023/7/19,XR43W2307023,福建圣农发展（浦城）有限公司,法兰盖,DN150（仅供发货使用）,210202,个,1,736,736,736,张孝闽,
2023/7/19,XR43W2307023,福建圣农发展（浦城）有限公司,内六角圆柱头螺钉,M24*45,615116,件,8,0.875,7,7,张孝闽,
2023/7/19,XR43W2307023,福建圣农发展（浦城）有限公司,法兰盖,DN40（仅供发货使用）,210199,个,1,135,135,135,张孝闽,
2023/7/19,XR43W2307023,福建圣农发展（浦城）有限公司,内六角圆柱头螺钉,M16*30,615117,件,4,201.5,806,806,张孝闽,
2023/7/19,XR43W2307023,福建圣农发展（浦城）有限公司,法兰盖,DN80（仅供发货使用）,210200,个,1,201,201,201,张孝闽,
2023/7/19,XR43W2307023,福建圣农发展（浦城）有限公司,内六角圆柱头螺钉,M16*30,615117,件,8,0.875,7,7,张孝闽,
2023/7/19,XR43W2307023,福建圣农发展（浦城）有限公司,O形圈,6.07*1.63,692049,个,1,1,1,1,张孝闽,
2023/7/19,XR43W2307023,福建圣农发展（浦城）有限公司,O形圈,12.37*2.62,692037,个,2,1.5,3,3,张孝闽,
2023/7/19,XR43W2307023,福建圣农发展（浦城）有限公司,O形圈,32*3,692109,件,1,5,5,5,张孝闽,
2023/7/19,XR43W2307023,福建圣农发展（浦城）有限公司,O形圈,35*3,692044,个,2,6.5,13,13,张孝闽,
2023/7/19,XR43W2307023,福建圣农发展（浦城）有限公司,O形圈,44.04*3.53,692047,个,3,19,57,57,张孝闽,
2023/7/19,XR43W2307023,福建圣农发展（浦城）有限公司,O形圈,94.5*2,692039,个,6,9,54,54,张孝闽,
2023/7/19,XR43W2307023,福建圣农发展（浦城）有限公司,O形圈,98.02*3.53,692106,件,1,8,8,8,张孝闽,
2023/7/19,XR43W2307023,福建圣农发展（浦城）有限公司,O形圈,124.4*3.1,692108,件,4,30.5,122,122,张孝闽,
2023/7/19,XR43W2307023,福建圣农发展（浦城）有限公司,O形圈,126.59*3.53,692048,个,1,18,18,18,张孝闽,
2023/7/19,XR43W2307023,福建圣农发展（浦城）有限公司,O形圈,148.59*5.33,692045,个,2,21.5,43,43,张孝闽,
2023/7/19,XR43W2307023,福建圣农发展（浦城）有限公司,O形圈,154.3*3.1,692041,个,3,20.33333333,61,61,张孝闽,
2023/7/19,XR43W2307023,福建圣农发展（浦城）有限公司,O形圈,174.3*3.1,692111,件,4,102,408,408,张孝闽,
2023/7/19,XR43W2307023,福建圣农发展（浦城）有限公司,O形圈,203*3,692118,件,4,49.75,199,199,张孝闽,
2023/7/19,XR43W2307023,福建圣农发展（浦城）有限公司,O形圈,575*6,692112,件,1,200,200,200,张孝闽,
2023/7/19,XR43W2307023,福建圣农发展（浦城）有限公司,O形圈,560*6,692113,件,1,196,196,196,张孝闽,
2023/7/19,XR43W2307023,福建圣农发展（浦城）有限公司,O形圈,11.5*1.5,692038,个,1,10,10,10,张孝闽,
2023/7/19,XR43W2307023,福建圣农发展（浦城）有限公司,O形圈,75.87*2.62,692033,个,1,5,5,5,张孝闽,
2023/7/19,XR43W2307023,福建圣农发展（浦城）有限公司,O形圈,319.3*5.7,692036,个,1,150,150,150,张孝闽,
2023/7/19,XR43W2307023,福建圣农发展（浦城）有限公司,O形圈,419.3*5.7,692035,个,2,116,232,232,张孝闽,
2023/7/19,XR43W2307023,福建圣农发展（浦城）有限公司,O形圈,109.4*3.1,692067,个,1,22,22,22,张孝闽,
2023/7/19,XR43W2307023,福建圣农发展（浦城）有限公司,O形圈,468.76*6.98,692119,件,1,46,46,46,张孝闽,
2023/7/19,XR43W2307023,福建圣农发展（浦城）有限公司,双三角密封环,PDD301600,692046,个,2,2218.5,4437,4437,张孝闽,
2023/7/19,XR43W2307023,福建圣农发展（浦城）有限公司,圆柱滚子轴承,NU2220 ECML 100*180*46,615096,件,2,3566,7132,7132,张孝闽,
2023/7/19,XR43W2307023,福建圣农发展（浦城）有限公司,圆柱滚子轴承,NU220 ECML 100*180*34,615108,件,2,2265.5,4531,4531,张孝闽,
2023/7/19,XR43W2307023,福建圣农发展（浦城）有限公司,角接触球轴承,7220 BECBM 100*180*34,615109,件,5,1530,7650,7650,张孝闽,
2023/7/19,XR43W2307023,福建圣农发展（浦城）有限公司,圆柱滚子轴承,NU2314 ECML 70*150*51,615047,个,2,4070,8140,8140,张孝闽,
2023/7/19,XR43W2307023,福建圣农发展（浦城）有限公司,圆柱滚子轴承,NU2216 ECML 80*140*33,615049,个,2,2165,4330,4330,张孝闽,
2023/7/19,XR43W2307023,福建圣农发展（浦城）有限公司,角接触球轴承,7314 BECBM 70*150*35,615048,个,6,1470,8820,8820,张孝闽,
2023/7/19,XR43W2307023,福建圣农发展（浦城）有限公司,杆密封环,RT0200400,692019,个,3,383.6666667,1151,1151,张孝闽,
2023/7/19,XR43W2307023,福建圣农发展（浦城）有限公司,密封垫圈,6.7*10*1（爱之福）,692016,个,1,18,18,18,张孝闽,
2023/7/19,XR43W2307023,福建圣农发展（浦城）有限公司,骨架油封,BA_125*150*12,692103,个,1,842,842,842,张孝闽,
2023/7/19,XR43W2307023,福建圣农发展（浦城）有限公司,轴封,LY-0126077,600502EB,件,1,26978,26978,26978,张孝闽,
2023/7/19,XR43W2307023,福建圣农发展（浦城）有限公司,密封垫 77*109*1.5,77*109*1.5,290013,件,2,81,162,162,张孝闽,
2023/7/19,XR43W2307023,福建圣农发展（浦城）有限公司,密封垫,260*312*1.5,290019,个,2,90.5,181,181,张孝闽,
2023/7/19,XR43W2307023,福建圣农发展（浦城）有限公司,密封垫,273*312*1.5,290015,件,2,72.5,145,145,张孝闽,
2023/7/19,XR43W2307023,福建圣农发展（浦城）有限公司,密封垫,141*175*1.5,290014,个,2,30.5,61,61,张孝闽,
2023/7/19,XR43W2307023,福建圣农发展（浦城）有限公司,转子壳体,,230141,个,1,10136.5,10136.5,10136.5,张孝闽,
2023/7/19,XR43W2307023,福建圣农发展（浦城）有限公司,滑阀导向块,,230036,个,1,10136.5,10136.5,10136.5,张孝闽,
2023/7/19,XR43W2307023,福建圣农发展（浦城）有限公司,H轴端挡圈(3个螺钉通孔),,210042-AA,个,2,150.5,301,301,张孝闽,
2023/7/19,XR43W2307023,福建圣农发展（浦城）有限公司,内六角圆柱头螺钉,M16*40,615078,件,6,11.16666667,67,67,张孝闽,
2023/7/19,XR43W2307023,福建圣农发展（浦城）有限公司,油管接头,,210025,个,1,138,138,138,张孝闽,
2023/7/19,XR43W2307023,福建圣农发展（浦城）有限公司,迷宫密封圈,,230032,个,1,1978,1978,1978,张孝闽,
2023/7/19,XR43W2307023,福建圣农发展（浦城）有限公司,内六角凹端紧定螺钉,M10*10,615304,个,3,3.666666667,11,11,张孝闽,
2023/7/24,XR43M2307048,福建圣农食品有限公司,油过滤器滤芯,XRI2-570AN,01160080,件,8,800,6400,6400,张孝闽,
2023/7/26,XR43M2307047,江西圣农食品有限公司,O形圈,439.3*5.7,692225,个,1,435.2,435.2,435.2,张孝闽,
2023/7/26,XR43M2307047,江西圣农食品有限公司,密封垫 43*65*1.5,43*65*1.5,290023,个,2,4.25,8.5,8.5,张孝闽,
2023/7/26,XR43M2307047,江西圣农食品有限公司,密封垫 77*109*1.5,77*109*1.5,290013,件,2,10.2,20.4,20.4,张孝闽,
2023/7/26,XR43M2307047,江西圣农食品有限公司,内六角平端紧定螺钉,M8*8,615059,个,4,0.85,3.4,3.4,张孝闽,
2023/7/26,XR43M2307047,江西圣农食品有限公司,角接触球轴承,7311 BECBM 55*120*29,615001,个,5,618.8,3094,3094,张孝闽,
2023/7/26,XR43M2307047,江西圣农食品有限公司,O形圈,21.89*2.62,692227,个,1,17.85,17.85,17.85,张孝闽,
2023/7/26,XR43M2307047,江西圣农食品有限公司,O形圈,29.4*3.1,692230,件,4,22.1,88.4,88.4,张孝闽,
2023/7/26,XR43M2307047,江西圣农食品有限公司,圆柱滚子轴承,NU2210 ECPH 50*90*23,615134,个,1,388.45,388.45,388.45,张孝闽,
2023/7/26,XR43M2307047,江西圣农食品有限公司,O形圈,129.6*5.7,692263,件,1,13.6,13.6,13.6,张孝闽,
2023/7/26,XR43M2307047,江西圣农食品有限公司,双三角密封环,PDD301100,692149,个,1,969,969,969,张孝闽,
2023/7/26,XR43M2307047,江西圣农食品有限公司,电磁阀座垫片,,592731,件,4,5.1,20.4,20.4,张孝闽,
2023/7/26,XR43M2307047,江西圣农食品有限公司,圆柱滚子轴承,NU2209 ECPH 45*85*23,615142,个,2,506.6,1013.2,1013.2,张孝闽,
2023/7/26,XR43M2307047,江西圣农食品有限公司,圆柱滚子轴承,NU2311 ECML 55*120*43,615000,个,2,1508.75,3017.5,3017.5,张孝闽,
2023/7/26,XR43M2307047,江西圣农食品有限公司,O形圈,249.3*5.7,692122,件,1,132.6,132.6,132.6,张孝闽,
2023/7/26,XR43M2307047,江西圣农食品有限公司,O形圈,17.5*1.5,692231,件,2,11.05,22.1,22.1,张孝闽,
2023/7/26,XR43M2307047,江西圣农食品有限公司,O形圈,13*1.5,692126,件,5,19.55,97.75,97.75,张孝闽,
2023/7/26,XR43M2307047,江西圣农食品有限公司,O形圈,253*5.7(转用692440),692444,件,1,170,170,170,张孝闽,
2023/7/26,XR43M2307047,江西圣农食品有限公司,O形圈,11.5*1.5,692005,个,1,5.1,5.1,5.1,张孝闽,
2023/7/26,XR43M2307047,江西圣农食品有限公司,O形圈,97.79*5.33,692228,件,1,15.3,15.3,15.3,张孝闽,
2023/7/26,XR43M2307047,江西圣农食品有限公司,O形圈,49.4*3.1,692229,件,6,5.95,35.7,35.7,张孝闽,
2023/7/26,XR43M2307047,江西圣农食品有限公司,锁紧螺母,YAN 55*1.5,615525,个,1,323.85,323.85,323.85,张孝闽,
2023/7/26,XR43M2307047,江西圣农食品有限公司,圆柱滚子轴承,NU2308 ECML 40*90*33,615093,个,2,1023.4,2046.8,2046.8,张孝闽,
2023/7/26,XR43M2307047,江西圣农食品有限公司,O形圈,79.5*2,692055,个,4,26.35,105.4,105.4,张孝闽,
2023/7/26,XR43M2307047,江西圣农食品有限公司,O形圈,199.3*5.7,692082,件,1,83.3,83.3,83.3,张孝闽,
2023/7/26,XR43M2307047,江西圣农食品有限公司,O形圈,35*3,692010,个,1,4.25,4.25,4.25,张孝闽,
2023/7/26,XR43M2307047,江西圣农食品有限公司,O形圈,339.3*5.7,692002,个,2,122.4,244.8,244.8,张孝闽,
2023/7/26,XR43M2307047,江西圣农食品有限公司,齿式联轴器,"45/45,Tkn=930Nm",615144,个,1,2737,2737,2737,张孝闽,
2023/7/26,XR43M2307047,江西圣农食品有限公司,接线盒垫片,,692371,个,1,32.3,32.3,32.3,张孝闽,
2023/7/26,XR43M2307047,江西圣农食品有限公司,键 C14*9*46,,210302,个,2,19.55,39.1,39.1,张孝闽,
2023/7/26,XR43M2307047,江西圣农食品有限公司,角接触球轴承,7308 BECBM 40*90*23,615094,个,6,419.05,2514.3,2514.3,张孝闽,
2023/7/26,XR43M2307047,江西圣农食品有限公司,圆柱滚子轴承,NU214 ECML 70*125*24,615139,个,1,1113.5,1113.5,1113.5,张孝闽,
2023/7/26,XR43M2307047,江西圣农食品有限公司,O形圈,56*2,692077,个,4,0,0,,张孝闽,
2023/7/26,XR43M2307047,江西圣农食品有限公司,O形圈,284.3*5.7,692446,件,1,169.15,169.15,169.15,张孝闽,
2023/7/26,XR43M2307047,江西圣农食品有限公司,O形圈,359.3*5.7,692223,个,1,36.55,36.55,36.55,张孝闽,
2023/7/26,XR43M2307047,江西圣农食品有限公司,O形圈,354.3*5.7,692442,件,1,170,170,170,张孝闽,
2023/7/26,XR43M2307047,江西圣农食品有限公司,密封垫,141*175*1.5,290014,个,2,20.4,40.8,40.8,张孝闽,
2023/7/31,XR43M2306041,圣农发展（政和）有限公司,可编程控制器,6ED1 052-1HB08-0BA1,03010403,件,1,3300,3300,3300,张孝闽,
2023/7/31,XR43M2306041,圣农发展（政和）有限公司,触摸屏,HMIGXU3512,03020594,件,1,3500,3500,3500,张孝闽,
2023/7/31,XR43M2306041,圣农发展（政和）有限公司,油过滤器滤芯,XRI2-570AN,01160080,件,2,800,1600,1600,张孝闽,
2023/7/31,XR43M2306041,圣农发展（政和）有限公司,油分滤芯,XRCFET-740/570,01160022,件,2,1838,3676,3676,张孝闽,
2023/8/1,XR43M2308049,福建圣农食品有限公司,SRMTEC冷冻油,S006 200L/桶,600804,升,200,95,19000,19000,张孝闽,
2023/8/11,XR43M2308050,福建圣农发展（浦城）有限公司,温度传感器,902030/10-380-1001-1-7-150-144/000,03990073,件,5,600,3000,3000,张孝闽,
2023/8/14,XR43W2308027,福建圣农食品有限公司,磁浮子液位计,BFY03-F;0;1;Y;1700;0.65;0;35;2.0;B,01340193,件,1,4228,4228,4228,张孝闽,
2023/8/14,XR43W2308027,福建圣农食品有限公司,磁浮子液位计,BFY03-F;0;1;Y;1500;1.15;0;35;2.5;B,01340220,件,1,3960,3960,3960,张孝闽,
2023/8/14,XR43W2308027,福建圣农食品有限公司,磁浮子液位计,BFY03-F;0;1;Y;1400;0.59;0;35;2.5;B,01340174,件,1,3824,3824,3824,张孝闽,
2023/8/14,XR43M2308051,福建圣农发展股份有限公司,活塞机连杆,L=113,502430,个,0,#DIV/0!,0,,张孝闽,
2023/8/14,XR43M2308051,福建圣农发展股份有限公司,橡胶垫圈,ISO 32,592828,件,0,#DIV/0!,0,,张孝闽,
2023/8/14,XR43M2308051,福建圣农发展股份有限公司,橡胶垫圈,ISO 16,592826,件,0,#DIV/0!,0,,张孝闽,
2023/8/14,XR43M2308051,福建圣农发展股份有限公司,密封垫片,,592660,个,0,#DIV/0!,0,,张孝闽,
2023/8/14,XR43M2308051,福建圣农发展股份有限公司,密封垫片,孔距66,592540,个,2,3.9,7.8,7.8,张孝闽,
2023/8/14,XR43M2308051,福建圣农发展股份有限公司,密封垫片,,592530,个,1,40.3,40.3,40.3,张孝闽,
2023/8/14,XR43M2308051,福建圣农发展股份有限公司,吸气端盖垫片,,592520,件,1,27.3,27.3,27.3,张孝闽,
2023/8/14,XR43M2308051,福建圣农发展股份有限公司,密封环(活塞机用),,518181,个,0,#DIV/0!,0,,张孝闽,
2023/8/14,XR43M2308051,福建圣农发展股份有限公司,垫圈:电机杆末端,φ59*φ16.5*15,511480,件,1,22.1,22.1,22.1,张孝闽,
2023/8/14,XR43M2308051,福建圣农发展股份有限公司,活塞组件,D=75,502490,套,0,#DIV/0!,0,,张孝闽,
2023/8/15,XR43W2308029,福建圣农发展股份有限公司,截止阀,RVT15-D-handwheel,01270063,件,20,103.5,2070,2070,张孝闽,
2023/8/15,XR43W2308029,福建圣农发展股份有限公司,卡套式直通管接头,L6 Fe·Zn,01330273,件,72,10.4,748.8,748.8,张孝闽,
2023/8/15,XR43W2308029,福建圣农发展股份有限公司,截止阀,RVT10-D-handwheel,19060167,件,72,70.5,5076,5076,张孝闽,
2023/8/16,XR43W2308030,江西圣农食品有限公司,半封闭单机双级螺杆压缩机,SRS-1612LSUF4YS,A40300500100,件,1,196572,196572,196572,张孝闽,
2023/8/17,XR43M2308052,江西圣农食品有限公司,冰柜把手,FT-1178,02220010,个,2,300,600,600,张孝闽,
2023/8/17,XR43M2308053,福建圣农食品有限公司,SRMTEC冷冻油,S019 208L/桶,600677,升,624,46,28704,28704,张孝闽,
2023/8/17,XR43M2308053,福建圣农食品有限公司,油过滤器滤芯,XRI2-570AN,01160080,件,3,800,2400,2400,张孝闽,
2023/8/17,XR43M2308053,福建圣农食品有限公司,油过滤器滤芯,XRI2-830AN,01160081,件,3,800,2400,2400,张孝闽,
2023/8/17,XR43M2308053,福建圣农食品有限公司,油过滤器滤芯,XRI2-570AN,01160080,件,3,800,2400,2400,张孝闽,
2023/8/17,XR43M2308053,福建圣农食品有限公司,油分滤芯,XRCFET-650/810,01160013,件,2,2124,4248,4248,张孝闽,
2023/8/29,XR43M2308054,福建圣农发展（浦城）有限公司,SRMTEC冷冻油,S019 208L/桶,600677,升,0,#DIV/0!,0,,张孝闽,
2023/8/29,XR43W2308031,福建圣农食品有限公司,定尺铜管,φ41.275×1.8×3000,01400026,千克,2,0,0,,张孝闽,
2023/8/30,XR43M2308055,福建圣农食品有限公司,油过滤器滤芯,XRI2-570AN,01160080,件,3,800,2400,2400,张孝闽,
2023/8/30,XR43M2308055,福建圣农食品有限公司,油分滤芯,XRCFET-650/810,01160013,件,2,2124,4248,4248,张孝闽,
2023/9/11,XR43M2309056,福建圣农食品有限公司,电机,AEEVJ3-160L,02021008,件,1,4299,4299,4299,张孝闽,
2023/9/11,XR43M2309057,福建圣农食品有限公司,SRMTEC冷冻油,S008 5L/桶,971148,升,40,60,2400,2400,张孝闽,
2023/9/12,XR43M2309058,福建圣农发展（浦城）有限公司,容量位移传感器,180,680501,套,0,#DIV/0!,0,,张孝闽,
2023/9/14,XR43W2309032,江西圣农食品有限公司,探头（深圳）,MIC-300-NH3,10990231,台,7,2800,19600,19600,张孝闽,
2023/9/14,XR43W2309032,江西圣农食品有限公司,防爆声光报警灯,BBJ-1，电压24V，红色，LED信号灯90分贝,0119031214,件,7,200,1400,1400,张孝闽,
2023/9/14,XR43W2309032,江西圣农食品有限公司,气体预处理在线监测系统,TH1000,19061559,件,12,5000,60000,60000,张孝闽,
2023/9/15,XR43W2309033,福建圣农发展（浦城）有限公司,O形圈,6.07*1.63,692049,个,1,1.35,1.35,1.35,张孝闽,
2023/9/15,XR43W2309033,福建圣农发展（浦城）有限公司,垫片,98.9*119*0.75,212421,件,1,58,58,58,张孝闽,
2023/9/15,XR43W2309033,福建圣农发展（浦城）有限公司,迷宫密封圈,,230032,个,2,1963,3926,3926,张孝闽,
2023/9/15,XR43W2309033,福建圣农发展（浦城）有限公司,轴用弹性挡圈-A型,40,615090,件,1,16,16,16,张孝闽,
2023/9/15,XR43W2309033,福建圣农发展（浦城）有限公司,密封垫,141*175*1.5,290014,个,2,30.6,61.2,61.2,张孝闽,
2023/9/15,XR43W2309033,福建圣农发展（浦城）有限公司,密封垫,273*312*1.5,290015,件,2,72.7,145.4,145.4,张孝闽,
2023/9/15,XR43W2309033,福建圣农发展（浦城）有限公司,密封垫,260*312*1.5,290019,个,2,90.55,181.1,181.1,张孝闽,
2023/9/15,XR43W2309033,福建圣农发展（浦城）有限公司,密封垫,77*109*1.5,290013,件,2,80.75,161.5,161.5,张孝闽,
2023/9/15,XR43W2309033,福建圣农发展（浦城）有限公司,轴用弹性挡圈-A型,40,615090,件,1,150.5,150.5,150.5,张孝闽,
2023/9/15,XR43W2309033,福建圣农发展（浦城）有限公司,内六角凹端紧定螺钉,M10*10,615304,个,4,2.55,10.2,10.2,张孝闽,
2023/9/15,XR43W2309033,福建圣农发展（浦城）有限公司,油管接头,,210025,个,1,139,139,139,张孝闽,
2023/9/15,XR43W2309033,福建圣农发展（浦城）有限公司,轴封,LY-0126077,600502EB,件,1,26977.7,26977.7,26977.7,张孝闽,
2023/9/15,XR43W2309033,福建圣农发展（浦城）有限公司,骨架油封,BA_125*150*12,692103,个,1,841.5,841.5,841.5,张孝闽,
2023/9/15,XR43W2309033,福建圣农发展（浦城）有限公司,密封垫圈,6.7*10*1（爱之福）,692016,个,1,17.9,17.9,17.9,张孝闽,
2023/9/15,XR43W2309033,福建圣农发展（浦城）有限公司,杆密封环,RT0200400,692019,个,3,383.7666667,1151.3,1151.3,张孝闽,
2023/9/15,XR43W2309033,福建圣农发展（浦城）有限公司,角接触球轴承,7314 BECBM 70*150*35,615048,个,6,1470.083333,8820.5,8820.5,张孝闽,
2023/9/15,XR43W2309033,福建圣农发展（浦城）有限公司,圆柱滚子轴承,NU2216 ECML 80*140*33,615049,个,2,2164.95,4329.9,4329.9,张孝闽,
2023/9/15,XR43W2309033,福建圣农发展（浦城）有限公司,圆柱滚子轴承,NU2314 ECML 70*150*51,615047,个,2,4069.8,8139.6,8139.6,张孝闽,
2023/9/15,XR43W2309033,福建圣农发展（浦城）有限公司,角接触球轴承,7220 BECBM 100*180*34,615109,件,5,1530,7650,7650,张孝闽,
2023/9/15,XR43W2309033,福建圣农发展（浦城）有限公司,圆柱滚子轴承,NU220 ECML 100*180*34,615108,件,2,2265.7,4531.4,4531.4,张孝闽,
2023/9/15,XR43W2309033,福建圣农发展（浦城）有限公司,圆柱滚子轴承,NU2220 ECML 100*180*46,615096,件,2,3566.2,7132.4,7132.4,张孝闽,
2023/9/15,XR43W2309033,福建圣农发展（浦城）有限公司,双三角密封环,PDD301600,692046,个,2,2218.5,4437,4437,张孝闽,
2023/9/15,XR43W2309033,福建圣农发展（浦城）有限公司,O形圈,468.76*6.98,692119,件,1,45.9,45.9,45.9,张孝闽,
2023/9/15,XR43W2309033,福建圣农发展（浦城）有限公司,O形圈,109.4*3.1,692067,个,1,21.7,21.7,21.7,张孝闽,
2023/9/15,XR43W2309033,福建圣农发展（浦城）有限公司,O形圈,419.3*5.7,692035,个,2,116.05,232.1,232.1,张孝闽,
2023/9/15,XR43W2309033,福建圣农发展（浦城）有限公司,O形圈,319.3*5.7,692036,个,1,150.5,150.5,150.5,张孝闽,
2023/9/15,XR43W2309033,福建圣农发展（浦城）有限公司,O形圈,75.87*2.62,692033,个,1,5.1,5.1,5.1,张孝闽,
2023/9/15,XR43W2309033,福建圣农发展（浦城）有限公司,O形圈,11.5*1.5,692038,个,1,10.2,10.2,10.2,张孝闽,
2023/9/15,XR43W2309033,福建圣农发展（浦城）有限公司,O形圈,560*6,692113,件,1,196.4,196.4,196.4,张孝闽,
2023/9/15,XR43W2309033,福建圣农发展（浦城）有限公司,O形圈,575*6,692112,件,1,200.2,200.2,200.2,张孝闽,
2023/9/15,XR43W2309033,福建圣农发展（浦城）有限公司,O形圈,203*3,692118,件,4,49.725,198.9,198.9,张孝闽,
2023/9/15,XR43W2309033,福建圣农发展（浦城）有限公司,O形圈,174.3*3.1,692111,件,4,102,408,408,张孝闽,
2023/9/15,XR43W2309033,福建圣农发展（浦城）有限公司,O形圈,154.3*3.1,692041,个,3,20.4,61.2,61.2,张孝闽,
2023/9/15,XR43W2309033,福建圣农发展（浦城）有限公司,O形圈,12.37*2.62,692037,个,2,1.35,2.7,2.7,张孝闽,
2023/9/15,XR43W2309033,福建圣农发展（浦城）有限公司,O形圈,32*3,692109,件,1,5.4,5.4,5.4,张孝闽,
2023/9/15,XR43W2309033,福建圣农发展（浦城）有限公司,O形圈,35*3,692044,个,2,6.75,13.5,13.5,张孝闽,
2023/9/15,XR43W2309033,福建圣农发展（浦城）有限公司,O形圈,44.04*3.53,692047,个,3,20.25,60.75,60.75,张孝闽,
2023/9/15,XR43W2309033,福建圣农发展（浦城）有限公司,O形圈,94.5*2,692039,个,6,9.45,56.7,56.7,张孝闽,
2023/9/15,XR43W2309033,福建圣农发展（浦城）有限公司,O形圈,98.02*3.53,692106,件,1,8.1,8.1,8.1,张孝闽,
2023/9/15,XR43W2309033,福建圣农发展（浦城）有限公司,O形圈,124.4*3.1,692108,件,4,32.4,129.6,129.6,张孝闽,
2023/9/15,XR43W2309033,福建圣农发展（浦城）有限公司,O形圈,126.59*3.53,692048,个,1,18.9,18.9,18.9,张孝闽,
2023/9/15,XR43W2309033,福建圣农发展（浦城）有限公司,O形圈,148.59*5.33,692045,个,2,22.95,45.9,45.9,张孝闽,
2023/9/15,XR43W2309033,福建圣农发展（浦城）有限公司,O形圈,154.3*3.1,692041,个,3,21.6,64.8,64.8,张孝闽,
2023/9/15,XR43W2309033,福建圣农发展（浦城）有限公司,O形圈,174.3*3.1,692111,件,4,108,432,432,张孝闽,
2023/9/15,XR43W2309033,福建圣农发展（浦城）有限公司,O形圈,203*3,692118,件,4,52.65,210.6,210.6,张孝闽,
2023/9/15,XR43W2309033,福建圣农发展（浦城）有限公司,O形圈,575*6,692112,件,1,211.95,211.95,211.95,张孝闽,
2023/9/15,XR43W2309033,福建圣农发展（浦城）有限公司,O形圈,560*6,692113,件,1,207.9,207.9,207.9,张孝闽,
2023/9/15,XR43W2309033,福建圣农发展（浦城）有限公司,O形圈,11.5*1.5,692038,个,1,10.8,10.8,10.8,张孝闽,
2023/9/15,XR43W2309033,福建圣农发展（浦城）有限公司,O形圈,75.87*2.62,692033,个,1,5.4,5.4,5.4,张孝闽,
2023/9/15,XR43W2309033,福建圣农发展（浦城）有限公司,O形圈,319.3*5.7,692036,个,1,159.3,159.3,159.3,张孝闽,
2023/9/15,XR43W2309033,福建圣农发展（浦城）有限公司,O形圈,419.3*5.7,692035,个,2,122.85,245.7,245.7,张孝闽,
2023/9/15,XR43W2309033,福建圣农发展（浦城）有限公司,O形圈,109.4*3.1,692067,个,1,22.95,22.95,22.95,张孝闽,
2023/9/15,XR43W2309033,福建圣农发展（浦城）有限公司,O形圈,468.76*6.98,692119,件,1,48.6,48.6,48.6,张孝闽,
2023/9/15,XR43W2309033,福建圣农发展（浦城）有限公司,双三角密封环,PDD301600,692046,个,2,2349,4698,4698,张孝闽,
2023/9/15,XR43W2309033,福建圣农发展（浦城）有限公司,圆柱滚子轴承,NU2220 ECML 100*180*46,615096,件,2,3775.95,7551.9,7551.9,张孝闽,
2023/9/15,XR43W2309033,福建圣农发展（浦城）有限公司,圆柱滚子轴承,NU220 ECML 100*180*34,615108,件,2,2398.95,4797.9,4797.9,张孝闽,
2023/9/15,XR43W2309033,福建圣农发展（浦城）有限公司,角接触球轴承,7220 BECBM 100*180*34,615109,件,5,1620,8100,8100,张孝闽,
2023/9/15,XR43W2309033,福建圣农发展（浦城）有限公司,圆柱滚子轴承,NU2314 ECML 70*150*51,615047,个,2,4309.2,8618.4,8618.4,张孝闽,
2023/9/15,XR43W2309033,福建圣农发展（浦城）有限公司,圆柱滚子轴承,NU2216 ECML 80*140*33,615049,个,2,2292.3,4584.6,4584.6,张孝闽,
2023/9/15,XR43W2309033,福建圣农发展（浦城）有限公司,角接触球轴承,7314 BECBM 70*150*35,615048,个,6,1556.55,9339.3,9339.3,张孝闽,
2023/9/15,XR43W2309033,福建圣农发展（浦城）有限公司,杆密封环,RT0200400,692019,个,3,406.35,1219.05,1219.05,张孝闽,
2023/9/15,XR43W2309033,福建圣农发展（浦城）有限公司,密封垫圈,6.7*10*1（爱之福）,692016,个,1,18.9,18.9,18.9,张孝闽,
2023/9/15,XR43W2309033,福建圣农发展（浦城）有限公司,骨架油封,BA_125*150*12,692103,个,1,891,891,891,张孝闽,
2023/9/15,XR43W2309033,福建圣农发展（浦城）有限公司,轴封,LY-0126077,600502EB,件,1,28564.65,28564.65,28564.65,张孝闽,
2023/9/15,XR43W2309033,福建圣农发展（浦城）有限公司,密封垫,77*109*1.5,290013,件,2,85.5,171,171,张孝闽,
2023/9/15,XR43W2309033,福建圣农发展（浦城）有限公司,密封垫,260*312*1.5,290019,个,2,95.85,191.7,191.7,张孝闽,
2023/9/15,XR43W2309033,福建圣农发展（浦城）有限公司,密封垫,273*312*1.5,290015,件,2,76.95,153.9,153.9,张孝闽,
2023/9/15,XR43W2309033,福建圣农发展（浦城）有限公司,密封垫,141*175*1.5,290014,个,2,32.4,64.8,64.8,张孝闽,
2023/9/15,XR43W2309033,福建圣农发展（浦城）有限公司,排气壳体(Vi=5.0),,230140,个,1,25411.5,25411.5,25411.5,张孝闽,
2023/9/15,XR43W2309033,福建圣农发展（浦城）有限公司,油管盖板 44x65x12,,210256,个,1,94.5,94.5,94.5,张孝闽,
2023/9/15,XR43W2309033,福建圣农发展（浦城）有限公司,内六角圆柱头螺钉,M8*25,615016,个,4,2.7,10.8,10.8,张孝闽,
2023/9/15,XR43W2309033,福建圣农发展（浦城）有限公司,内六角圆柱头螺钉,M24*45,615116,件,4,42.2425,168.97,168.97,张孝闽,
2023/9/15,XR43W2309033,福建圣农发展（浦城）有限公司,内六角圆柱头螺钉,M16*30,615117,件,4,5.725,22.9,22.9,张孝闽,
2023/9/15,XR43W2309033,福建圣农发展（浦城）有限公司,油管接头,,210025,个,1,147.15,147.15,147.15,张孝闽,
2023/9/15,XR43W2309033,福建圣农发展（浦城）有限公司,O形圈,6.07*1.63,692049,个,1,1.3,1.3,1.3,张孝闽,
2023/9/15,XR43W2309033,福建圣农发展（浦城）有限公司,O形圈,12.37*2.62,692037,个,2,1.3,2.6,2.6,张孝闽,
2023/9/15,XR43W2309033,福建圣农发展（浦城）有限公司,O形圈,32*3,692109,件,1,5.1,5.1,5.1,张孝闽,
2023/9/15,XR43W2309033,福建圣农发展（浦城）有限公司,O形圈,35*3,692044,个,2,6.4,12.8,12.8,张孝闽,
2023/9/15,XR43W2309033,福建圣农发展（浦城）有限公司,O形圈,44.04*3.53,692047,个,3,19.13333333,57.4,57.4,张孝闽,
2023/9/15,XR43W2309033,福建圣农发展（浦城）有限公司,O形圈,94.5*2,692039,个,6,8.933333333,53.6,53.6,张孝闽,
2023/9/15,XR43W2309033,福建圣农发展（浦城）有限公司,O形圈,98.02*3.53,692106,件,1,7.7,7.7,7.7,张孝闽,
2023/9/15,XR43W2309033,福建圣农发展（浦城）有限公司,O形圈,124.4*3.1,692108,件,4,30.6,122.4,122.4,张孝闽,
2023/9/15,XR43W2309033,福建圣农发展（浦城）有限公司,O形圈,126.59*3.53,692048,个,1,17.9,17.9,17.9,张孝闽,
2023/9/15,XR43W2309033,福建圣农发展（浦城）有限公司,O形圈,148.59*5.33,692045,个,2,21.7,43.4,43.4,张孝闽,
2023/9/22,XR43M2309059,福建圣农食品有限公司,氨泵,40P-40×2A,02030712,台,1,13500,13500,13500,张孝闽,
2023/9/22,XR43W2309034,福建圣农食品有限公司,报警开关,BFY03（配辽阳北方磁浮子液位计）,0119030056,个,1,1650,1650,1650,张孝闽,
2023/9/22,XR43W2309034,福建圣农食品有限公司,电缆线,RVVP4×0.75(棕+蓝+黑+灰),03320096,米,150,5.5,825,825,张孝闽,
2023/9/22,XR43W2309034,福建圣农食品有限公司,报警开关,BFY03（配辽阳北方磁浮子液位计）,0119030056,个,1,1650,1650,1650,张孝闽,
2023/9/22,XR43W2309034,福建圣农食品有限公司,压力传感器,AKS3000,01200100,件,1,850,850,850,张孝闽,
2023/9/22,XR43W2309034,福建圣农食品有限公司,单螺口管箍,NPT1/4×60-3000 THC,06220111,件,1,283,283,283,张孝闽,
2023/9/22,XR43W2309034,福建圣农食品有限公司,截止阀,"AMG10(出口横接口为内螺纹FPT1/4”,进口竖接口为外螺纹MPT1/4”)",01260053,件,1,150,150,150,张孝闽,
2023/9/22,XR43W2309034,福建圣农食品有限公司,电缆线,"RVV3×0.75,2+PE(红+黑+黄绿)",03240852,米,50,5,250,250,张孝闽,
2023/9/22,XR43W2309034,福建圣农食品有限公司,电缆线,RVVP4×0.75(棕+蓝+黑+灰),03320096,米,50,5.5,275,275,张孝闽,
2023/9/22,XR43W2309034,福建圣农食品有限公司,模拟量扩展模块,6ES7 288-3AE04-0AA0,03010273,件,1,864,864,864,张孝闽,
2023/9/25,XR43M2309060,福建圣农食品有限公司,SRMTEC冷冻油,S019 208L/桶,600677,升,208,46,9568,9568,张孝闽,
2023/9/27,XR43M2309061,江西圣农食品有限公司,冰柜把手,FT-1178,02220010,个,2,300,600,600,张孝闽,
2023/9/28,XR43W2309035,福建圣农发展股份有限公司,无缝管,φ12×1.5×2900,08010451,千克,45,136.6666667,6150,6150,张孝闽,
2023/9/28,XR43W2309035,福建圣农发展股份有限公司,截止阀(AMG)-耗存,RVT10-D-handwheel,01270062,个,82,100,8200,8200,张孝闽,
2023/9/28,XR43W2309035,福建圣农发展股份有限公司,压差控制器,RT260A,01190015,件,41,1800,73800,73800,张孝闽,
2023/10/9,XR43M2310062,福建圣农发展股份有限公司,模拟量扩展模块,TM2AMI4LT,03010195,件,1,1180,1180,1180,张孝闽,
2023/10/10,XR43M2310064,福建圣农食品（浦城）有限公司,制冷剂,R507A,14020081,千克,400,31.3,12520,12520,张孝闽,
2023/10/10,XR43M2310065,福建圣农食品有限公司,制冷剂,"R22(大瓶800KG/瓶,小瓶22.7KG/瓶)",14020053,千克,113.5,27.75330396,3150,3150,张孝闽,
2023/10/10,XR43M2310066,福建日圣食品有限公司,制冷剂,"R22(大瓶800KG/瓶,小瓶22.7KG/瓶)",14020053,千克,45.4,27.75330396,1260,1260,张孝闽,
2023/10/10,XR43M2310067,福建圣农食品有限公司,制冷剂,"R22(大瓶800KG/瓶,小瓶22.7KG/瓶)",14020053,千克,68.1,27.75330396,1890,1890,张孝闽,
2023/10/11,XR43M2310068,福建圣农食品有限公司,油泵支架,,533271,个,1,659.1,659.1,659.1,张孝闽,
2023/10/11,XR43M2310068,福建圣农食品有限公司,密封垫圈,,590740,个,1,14.3,14.3,14.3,张孝闽,
2023/10/11,XR43M2310068,福建圣农食品有限公司,油泵,,500950,个,1,1322.1,1322.1,1322.1,张孝闽,
2023/10/11,XR43M2310068,福建圣农食品有限公司,密封垫片,,592530,个,1,40.3,40.3,40.3,张孝闽,
2023/10/11,XR43M2310068,福建圣农食品有限公司,止推垫圈,D=48*62*1.7,550440,个,1,40.3,40.3,40.3,张孝闽,
2023/10/11,XR43M2310068,福建圣农食品有限公司,轴承衬套,D=45*48 (电机侧),550451,个,1,100.1,100.1,100.1,张孝闽,
2023/10/20,XR43W2310036,福建省崇振食品有限公司,半封闭活塞压缩机,SP2L0400 ,B20100404000,台,1,6500,6500,6500,张孝闽,
2023/10/20,XR43W2310036,福建省崇振食品有限公司,电机,4HP 230-400/3/50HZ Y/D 190*88.9,584062,台,1,1517,1517,1517,张孝闽,
2023/10/20,XR43W2310036,福建省崇振食品有限公司,SRMTEC冷冻油,S008 200L/桶,971041,升,5,52,260,260,张孝闽,
2023/10/20,XR43W2310036,福建省崇振食品有限公司,垫片组件,,305148,套,1,300,300,300,张孝闽,
2023/10/20,XR43W2310036,福建省崇振食品有限公司,滑动轴承套件,,304010,套,1,120,120,120,张孝闽,
2023/10/20,XR43W2310036,福建省崇振食品有限公司,活塞机连杆,L=90,520673,个,1,120,120,120,张孝闽,
2023/10/20,XR43W2310036,福建省崇振食品有限公司,接线盒组件,,304009,套,1,420,420,420,张孝闽,
2023/10/24,XR43M2310063,福建圣农发展（浦城）有限公司,容量位移传感器,180,680501,套,2,4800,9600,9600,张孝闽,
2023/10/24,XR43M2310063,福建圣农发展（浦城）有限公司,触摸屏,HMIGXU3512,03020594,件,1,6324,6324,6324,张孝闽,
2023/10/24,XR43M2310069,福建圣农食品有限公司,主轴承 200，2016低段用，2520高段用(MYCOM配件),CS0279-200,01020699,个,2,4300,8600,8600,张孝闽,
2023/10/24,XR43M2310069,福建圣农食品有限公司,特氟龙环200，2520机型通用(MYCOM配件),CS06600-200,01020726,个,1,433,433,433,张孝闽,
2023/10/24,XR43M2310069,福建圣农食品有限公司,垫环组200机型用(MYCOM配件),WCS7109-1VE,01020724,个,1,1450,1450,1450,张孝闽,
2023/10/24,XR43M2310069,福建圣农食品有限公司,橡环组 200机型用(MYCOM配件),WCS7115-1E,01020723,个,1,550,550,550,张孝闽,
2023/10/24,XR43M2310069,福建圣农食品有限公司,止推轴 200，2016低段用，2520高段用 (MYCOM配件),CS03800-200P,01020705,个,2,6400,12800,12800,张孝闽,
2023/10/24,XR43M2310069,福建圣农食品有限公司,平衡活塞 2520机型用(MYCOM配件),CS03300-2520C,01020708,个,1,1133,1133,1133,张孝闽,
2023/10/24,XR43M2310069,福建圣农食品有限公司,平衡活塞套 2520机型用(MYCOM配件),CS03000-2520C,01020709,个,1,1950,1950,1950,张孝闽,
2023/10/24,XR43M2310069,福建圣农食品有限公司,侧轴承 200，2016低段用，2520高段用 (MYCOM配件),CS0289-200,01020700,个,2,3630,7260,7260,张孝闽,
2023/10/24,XR43M2310070,福建圣农食品（浦城）有限公司,SRMTEC冷冻油,S019 208L/桶,600677,升,832,46,38272,38272,张孝闽,
2023/10/26,XR43W2310038,福建圣农发展（浦城）有限公司,轴用弹性挡圈-A型,40,615090,件,0,#DIV/0!,0,,张孝闽,
2023/10/26,XR43W2310038,福建圣农发展（浦城）有限公司,密封垫,141*175*1.5,290014,个,0,#DIV/0!,0,,张孝闽,
2023/10/26,XR43W2310038,福建圣农发展（浦城）有限公司,密封垫,273*312*1.5,290015,件,0,#DIV/0!,0,,张孝闽,
2023/10/26,XR43W2310038,福建圣农发展（浦城）有限公司,密封垫,260*312*1.5,290019,个,0,#DIV/0!,0,,张孝闽,
2023/10/26,XR43W2310038,福建圣农发展（浦城）有限公司,密封垫,77*109*1.5,290013,件,0,#DIV/0!,0,,张孝闽,
2023/10/26,XR43W2310038,福建圣农发展（浦城）有限公司,轴用弹性挡圈-A型,40,615090,件,0,#DIV/0!,0,,张孝闽,
2023/10/26,XR43W2310038,福建圣农发展（浦城）有限公司,内六角凹端紧定螺钉,M10*10,615304,个,0,#DIV/0!,0,,张孝闽,
2023/10/26,XR43W2310038,福建圣农发展（浦城）有限公司,油管接头,,210025,个,0,#DIV/0!,0,,张孝闽,
2023/10/26,XR43W2310038,福建圣农发展（浦城）有限公司,轴封,LY-0126077,600502EB,件,0,#DIV/0!,0,,张孝闽,
2023/10/26,XR43W2310038,福建圣农发展（浦城）有限公司,骨架油封,BA_125*150*12,692103,个,0,#DIV/0!,0,,张孝闽,
2023/10/26,XR43W2310038,福建圣农发展（浦城）有限公司,密封垫圈,6.7*10*1（爱之福）,692016,个,0,#DIV/0!,0,,张孝闽,
2023/10/26,XR43W2310038,福建圣农发展（浦城）有限公司,杆密封环,RT0200400,692019,个,0,#DIV/0!,0,,张孝闽,
2023/10/26,XR43W2310038,福建圣农发展（浦城）有限公司,角接触球轴承,7314 BECBM 70*150*35,615048,个,0,#DIV/0!,0,,张孝闽,
2023/10/26,XR43W2310038,福建圣农发展（浦城）有限公司,圆柱滚子轴承,NU2216 ECML 80*140*33,615049,个,0,#DIV/0!,0,,张孝闽,
2023/10/26,XR43W2310038,福建圣农发展（浦城）有限公司,圆柱滚子轴承,NU2314 ECML 70*150*51,615047,个,0,#DIV/0!,0,,张孝闽,
2023/10/26,XR43W2310038,福建圣农发展（浦城）有限公司,角接触球轴承,7220 BECBM 100*180*34,615109,件,0,#DIV/0!,0,,张孝闽,
2023/10/26,XR43W2310038,福建圣农发展（浦城）有限公司,圆柱滚子轴承,NU220 ECML 100*180*34,615108,件,0,#DIV/0!,0,,张孝闽,
2023/10/26,XR43W2310038,福建圣农发展（浦城）有限公司,圆柱滚子轴承,NU2220 ECML 100*180*46,615096,件,0,#DIV/0!,0,,张孝闽,
2023/10/26,XR43W2310038,福建圣农发展（浦城）有限公司,双三角密封环,PDD301600,692046,个,0,#DIV/0!,0,,张孝闽,
2023/10/26,XR43W2310038,福建圣农发展（浦城）有限公司,O形圈,468.76*6.98,692119,件,0,#DIV/0!,0,,张孝闽,
2023/10/26,XR43W2310038,福建圣农发展（浦城）有限公司,O形圈,109.4*3.1,692067,个,0,#DIV/0!,0,,张孝闽,
2023/10/26,XR43W2310038,福建圣农发展（浦城）有限公司,O形圈,419.3*5.7,692035,个,0,#DIV/0!,0,,张孝闽,
2023/10/26,XR43W2310038,福建圣农发展（浦城）有限公司,O形圈,319.3*5.7,692036,个,0,#DIV/0!,0,,张孝闽,
2023/10/26,XR43W2310038,福建圣农发展（浦城）有限公司,O形圈,75.87*2.62,692033,个,0,#DIV/0!,0,,张孝闽,
2023/10/26,XR43W2310038,福建圣农发展（浦城）有限公司,O形圈,11.5*1.5,692038,个,0,#DIV/0!,0,,张孝闽,
2023/10/26,XR43W2310038,福建圣农发展（浦城）有限公司,O形圈,560*6,692113,件,0,#DIV/0!,0,,张孝闽,
2023/10/26,XR43W2310038,福建圣农发展（浦城）有限公司,O形圈,575*6,692112,件,0,#DIV/0!,0,,张孝闽,
2023/10/26,XR43W2310038,福建圣农发展（浦城）有限公司,O形圈,203*3,692118,件,0,#DIV/0!,0,,张孝闽,
2023/10/26,XR43W2310038,福建圣农发展（浦城）有限公司,O形圈,174.3*3.1,692111,件,0,#DIV/0!,0,,张孝闽,
2023/10/26,XR43W2310038,福建圣农发展（浦城）有限公司,O形圈,154.3*3.1,692041,个,0,#DIV/0!,0,,张孝闽,
2023/10/26,XR43W2310038,福建圣农发展（浦城）有限公司,O形圈,148.59*5.33,692045,个,0,#DIV/0!,0,,张孝闽,
2023/10/26,XR43W2310038,福建圣农发展（浦城）有限公司,O形圈,126.59*3.53,692048,个,0,#DIV/0!,0,,张孝闽,
2023/10/26,XR43W2310038,福建圣农发展（浦城）有限公司,O形圈,124.4*3.1,692108,件,0,#DIV/0!,0,,张孝闽,
2023/10/26,XR43W2310038,福建圣农发展（浦城）有限公司,O形圈,98.02*3.53,692106,件,0,#DIV/0!,0,,张孝闽,
2023/10/26,XR43W2310038,福建圣农发展（浦城）有限公司,O形圈,94.5*2,692039,个,0,#DIV/0!,0,,张孝闽,
2023/10/26,XR43W2310038,福建圣农发展（浦城）有限公司,O形圈,44.04*3.53,692047,个,0,#DIV/0!,0,,张孝闽,
2023/10/26,XR43W2310038,福建圣农发展（浦城）有限公司,O形圈,35*3,692044,个,0,#DIV/0!,0,,张孝闽,
2023/10/26,XR43W2310038,福建圣农发展（浦城）有限公司,O形圈,32*3,692109,件,0,#DIV/0!,0,,张孝闽,
2023/10/26,XR43W2310038,福建圣农发展（浦城）有限公司,O形圈,12.37*2.62,692037,个,0,#DIV/0!,0,,张孝闽,
2023/10/26,XR43W2310038,福建圣农发展（浦城）有限公司,O形圈,6.07*1.63,692049,个,0,#DIV/0!,0,,张孝闽,
2023/10/26,XR43W2310038,福建圣农发展（浦城）有限公司,垫片,98.9*119*0.75,212421,件,0,#DIV/0!,0,,张孝闽,
2023/10/26,XR43W2310038,福建圣农发展（浦城）有限公司,迷宫密封圈,,230032,个,0,#DIV/0!,0,,张孝闽,
2023/10/30,XR43M2310071,福建圣农食品有限公司,电缆线(太阳)-耗存,YJV1×185,03240097,米,175,146.41,25621.75,25621.75,张孝闽,
2023/10/30,XR43M2310071,福建圣农食品有限公司,热缩管,φ80,03290075,米,2,80,160,160,张孝闽,
2023/10/30,XR43M2310071,福建圣农食品有限公司,闭口铜线鼻子,185mm²,03280026,件,14,86.72,1214.08,1214.08,张孝闽,
2023/11/3,XR43M2311072,圣农食品（政和）有限公司,风机网罩,DN050,01440880,件,4,735,2940,2940,张孝闽,
2023/11/3,XR43M2311073,江西圣农食品有限公司,活塞机连杆,L=113,502430,个,4,220,880,880,张孝闽,
2023/11/3,XR43M2311073,江西圣农食品有限公司,橡胶垫圈,ISO 32,592828,件,2,2.6,5.2,5.2,张孝闽,
2023/11/3,XR43M2311073,江西圣农食品有限公司,橡胶垫圈,ISO 16,592826,件,3,1.3,3.9,3.9,张孝闽,
2023/11/3,XR43M2311073,江西圣农食品有限公司,密封垫片,,592660,个,1,61.1,61.1,61.1,张孝闽,
2023/11/3,XR43M2311073,江西圣农食品有限公司,密封环(活塞机用),,518181,个,1,45.5,45.5,45.5,张孝闽,
2023/11/3,XR43M2311073,江西圣农食品有限公司,活塞组件,D=75,502490,套,4,200,800,800,张孝闽,
2023/11/3,XR43W2003004-01,福建圣农发展股份有限公司,直通表阀,RVY10 M20×1.5,01320033,件,10,200,2000,2000,张孝闽,
2023/11/3,XR43W2003004-01,福建圣农发展股份有限公司,电磁阀,EVRA 32 1-1/4",01140059,件,3,2900,8700,8700,张孝闽,
2023/11/3,XR43W2003004-01,福建圣农发展股份有限公司,截止阀,STC 32 M STR-cap,01270662,件,15,450,6750,6750,张孝闽,
2023/11/6,XR43W2311039,福建圣农发展（浦城）有限公司,O形圈,6.07*1.63,692049,个,1,1.28,1.28,1.28,张孝闽,
2023/11/6,XR43W2311039,福建圣农发展（浦城）有限公司,内六角圆柱头螺钉,M8*25,615016,个,4,2.55,10.2,10.2,张孝闽,
2023/11/6,XR43W2311039,福建圣农发展（浦城）有限公司,油管盖板 44x65x12,,210256,个,1,89.25,89.25,89.25,张孝闽,
2023/11/6,XR43W2311039,福建圣农发展（浦城）有限公司,排气壳体(Vi=5.0),,230140,个,1,23999.75,23999.75,23999.75,张孝闽,
2023/11/6,XR43W2311039,福建圣农发展（浦城）有限公司,轴用弹性挡圈-A型,40,615090,件,1,507.45,507.45,507.45,张孝闽,
2023/11/6,XR43W2311039,福建圣农发展（浦城）有限公司,防尘圈,[22 Kg/m3]125.5*97.2*8,290004,个,2,20.4,40.8,40.8,张孝闽,
2023/11/6,XR43W2311039,福建圣农发展（浦城）有限公司,喷油嘴,4,210231,个,2,439.875,879.75,879.75,张孝闽,
2023/11/6,XR43W2311039,福建圣农发展（浦城）有限公司,密封垫,141*175*1.5,290014,个,2,30.6,61.2,61.2,张孝闽,
2023/11/6,XR43W2311039,福建圣农发展（浦城）有限公司,密封垫,273*312*1.5,290015,件,2,72.675,145.35,145.35,张孝闽,
2023/11/6,XR43W2311039,福建圣农发展（浦城）有限公司,密封垫,260*312*1.5,290019,个,2,90.525,181.05,181.05,张孝闽,
2023/11/6,XR43W2311039,福建圣农发展（浦城）有限公司,密封垫,77*109*1.5,290013,件,2,80.75,161.5,161.5,张孝闽,
2023/11/6,XR43W2311039,福建圣农发展（浦城）有限公司,轴用弹性挡圈-A型,40,615090,件,1,150.45,150.45,150.45,张孝闽,
2023/11/6,XR43W2311039,福建圣农发展（浦城）有限公司,内六角凹端紧定螺钉,M10*10,615304,个,4,2.55,10.2,10.2,张孝闽,
2023/11/6,XR43W2311039,福建圣农发展（浦城）有限公司,油管接头,,210025,个,1,138.98,138.98,138.98,张孝闽,
2023/11/6,XR43W2311039,福建圣农发展（浦城）有限公司,轴封,LY-0126077,600502EB,件,1,26977.73,26977.73,26977.73,张孝闽,
2023/11/6,XR43W2311039,福建圣农发展（浦城）有限公司,骨架油封,BA_125*150*12,692103,个,1,841.5,841.5,841.5,张孝闽,
2023/11/6,XR43W2311039,福建圣农发展（浦城）有限公司,密封垫圈,6.7*10*1（爱之福）,692016,个,1,17.85,17.85,17.85,张孝闽,
2023/11/6,XR43W2311039,福建圣农发展（浦城）有限公司,杆密封环,RT0200400,692019,个,3,383.7766667,1151.33,1151.33,张孝闽,
2023/11/6,XR43W2311039,福建圣农发展（浦城）有限公司,转子壳体,,230141,个,1,6757.5,6757.5,6757.5,张孝闽,
2023/11/6,XR43W2311039,福建圣农发展（浦城）有限公司,滑阀导向块,,230036,个,1,6757.5,6757.5,6757.5,张孝闽,
2023/11/6,XR43W2311039,福建圣农发展（浦城）有限公司,角接触球轴承,7314 BECBM 70*150*35,615048,个,6,1470.075,8820.45,8820.45,张孝闽,
2023/11/6,XR43W2311039,福建圣农发展（浦城）有限公司,圆柱滚子轴承,NU2216 ECML 80*140*33,615049,个,2,2164.95,4329.9,4329.9,张孝闽,
2023/11/6,XR43W2311039,福建圣农发展（浦城）有限公司,圆柱滚子轴承,NU2314 ECML 70*150*51,615047,个,2,4069.8,8139.6,8139.6,张孝闽,
2023/11/6,XR43W2311039,福建圣农发展（浦城）有限公司,角接触球轴承,7220 BECBM 100*180*34,615109,件,5,1530,7650,7650,张孝闽,
2023/11/6,XR43W2311039,福建圣农发展（浦城）有限公司,圆柱滚子轴承,NU220 ECML 100*180*34,615108,件,2,2265.675,4531.35,4531.35,张孝闽,
2023/11/6,XR43W2311039,福建圣农发展（浦城）有限公司,圆柱滚子轴承,NU2220 ECML 100*180*46,615096,件,2,3566.175,7132.35,7132.35,张孝闽,
2023/11/6,XR43W2311039,福建圣农发展（浦城）有限公司,双三角密封环,PDD301600,692046,个,2,2218.5,4437,4437,张孝闽,
2023/11/6,XR43W2311039,福建圣农发展（浦城）有限公司,O形圈,468.76*6.98,692119,件,1,45.9,45.9,45.9,张孝闽,
2023/11/6,XR43W2311039,福建圣农发展（浦城）有限公司,O形圈,109.4*3.1,692067,个,1,21.68,21.68,21.68,张孝闽,
2023/11/6,XR43W2311039,福建圣农发展（浦城）有限公司,O形圈,419.3*5.7,692035,个,2,116.025,232.05,232.05,张孝闽,
2023/11/6,XR43W2311039,福建圣农发展（浦城）有限公司,O形圈,319.3*5.7,692036,个,1,150.45,150.45,150.45,张孝闽,
2023/11/6,XR43W2311039,福建圣农发展（浦城）有限公司,O形圈,75.87*2.62,692033,个,1,5.1,5.1,5.1,张孝闽,
2023/11/6,XR43W2311039,福建圣农发展（浦城）有限公司,O形圈,11.5*1.5,692038,个,1,10.2,10.2,10.2,张孝闽,
2023/11/6,XR43W2311039,福建圣农发展（浦城）有限公司,O形圈,560*6,692113,件,1,196.35,196.35,196.35,张孝闽,
2023/11/6,XR43W2311039,福建圣农发展（浦城）有限公司,O形圈,575*6,692112,件,1,200.18,200.18,200.18,张孝闽,
2023/11/6,XR43W2311039,福建圣农发展（浦城）有限公司,O形圈,203*3,692118,件,4,49.725,198.9,198.9,张孝闽,
2023/11/6,XR43W2311039,福建圣农发展（浦城）有限公司,O形圈,174.3*3.1,692111,件,4,102,408,408,张孝闽,
2023/11/6,XR43W2311039,福建圣农发展（浦城）有限公司,O形圈,154.3*3.1,692041,个,3,20.4,61.2,61.2,张孝闽,
2023/11/6,XR43W2311039,福建圣农发展（浦城）有限公司,O形圈,148.59*5.33,692045,个,2,21.675,43.35,43.35,张孝闽,
2023/11/6,XR43W2311039,福建圣农发展（浦城）有限公司,O形圈,126.59*3.53,692048,个,1,17.85,17.85,17.85,张孝闽,
2023/11/6,XR43W2311039,福建圣农发展（浦城）有限公司,O形圈,124.4*3.1,692108,件,4,30.6,122.4,122.4,张孝闽,
2023/11/6,XR43W2311039,福建圣农发展（浦城）有限公司,O形圈,98.02*3.53,692106,件,1,7.65,7.65,7.65,张孝闽,
2023/11/6,XR43W2311039,福建圣农发展（浦城）有限公司,O形圈,94.5*2,692039,个,6,8.925,53.55,53.55,张孝闽,
2023/11/6,XR43W2311039,福建圣农发展（浦城）有限公司,O形圈,44.04*3.53,692047,个,3,19.12666667,57.38,57.38,张孝闽,
2023/11/6,XR43W2311039,福建圣农发展（浦城）有限公司,O形圈,35*3,692044,个,2,6.375,12.75,12.75,张孝闽,
2023/11/6,XR43W2311039,福建圣农发展（浦城）有限公司,O形圈,32*3,692109,件,1,5.1,5.1,5.1,张孝闽,
2023/11/6,XR43W2311039,福建圣农发展（浦城）有限公司,O形圈,12.37*2.62,692037,个,2,1.275,2.55,2.55,张孝闽,
2023/11/15,XR43M2311074,福建圣农食品有限公司,调心滚子轴承,21304S,02090536,件,2,290,580,580,张孝闽,
2023/11/15,XR43M2311074,福建圣农食品有限公司,轴用弹性挡圈,∮19,02100030,件,2,0,0,,张孝闽,
2023/11/15,XR43M2311074,福建圣农食品有限公司,油封,FB030052(30×52×10),07010069,件,2,15,30,30,张孝闽,
2023/11/15,XR43M2311074,福建圣农食品有限公司,下轴销(S),F16S(2018V1.0),3516030012,件,1,145,145,145,张孝闽,
2023/11/15,XR43M2311074,福建圣农食品有限公司,上轴销(S),F16S(2018V1.0),3516030011,件,1,145,145,145,张孝闽,
2023/11/21,XR43M2311075,福建圣农食品有限公司,制冷剂,R507A,14020081,千克,150,31.3,4695,4695,张孝闽,
2023/11/22,XR43M2311076,福建圣农食品有限公司,进卸载特氟龙,CS06600-160 CAP-1BE100,19022548,个,2,480,960,960,张孝闽,
2023/11/22,XR43M2311076,福建圣农食品有限公司,止推轴 200，2016低段用，2520高段用 (MYCOM配件),CS03800-200P,01020705,个,2,6400,12800,12800,张孝闽,
2023/11/22,XR43M2311076,福建圣农食品有限公司,低段M止推轴承(MYCOM配件),CS03800-1612CP,01020761,个,2,3580,7160,7160,张孝闽,
2023/11/22,XR43M2311076,福建圣农食品有限公司,平衡活塞套 2016机型用(MYCOM配件),CS03300-160,01020711,个,1,680,680,680,张孝闽,
2023/11/22,XR43M2311076,福建圣农食品有限公司,平衡活塞 2016机型用(MYCOM配件),CS03000-160,01020710,个,1,1080,1080,1080,张孝闽,
2023/11/22,XR43M2311076,福建圣农食品有限公司,侧轴承 200，2016低段用，2520高段用 (MYCOM配件),CS0289-200,01020700,个,2,3630,7260,7260,张孝闽,
2023/11/22,XR43M2311076,福建圣农食品有限公司,主轴承 200，2016低段用，2520高段用(MYCOM配件),CS0279-200,01020699,个,2,4300,8600,8600,张孝闽,
2023/11/22,XR43M2311076,福建圣农食品有限公司,侧轴承(1612普通型低段用),CS02700-1610C1,19032438,个,2,3200,6400,6400,张孝闽,
2023/11/22,XR43M2311076,福建圣农食品有限公司,主轴承（低段F）(MYCOM配件),CS02800-1610C1,01020756,个,2,3380,6760,6760,张孝闽,
2023/11/29,XR43M2311077,福建圣农食品有限公司,主轴承 200，2016低段用，2520高段用(MYCOM配件),CS0279-200,01020699,个,2,4300,8600,8600,张孝闽,
2023/11/29,XR43M2311077,福建圣农食品有限公司,特氟龙环200，2520机型通用(MYCOM配件),CS06600-200,01020726,个,2,433,866,866,张孝闽,
2023/11/29,XR43M2311077,福建圣农食品有限公司,止推轴 200，2016低段用，2520高段用 (MYCOM配件),CS03800-200P,01020705,个,2,6400,12800,12800,张孝闽,
2023/11/29,XR43M2311077,福建圣农食品有限公司,侧轴承 200，2016低段用，2520高段用 (MYCOM配件),CS0289-200,01020700,个,2,3630,7260,7260,张孝闽,
2023/11/30,XR43M2311076,福建圣农食品有限公司,进卸载特氟龙,CS06600-160 CAP-1BE100,19022548,个,2,480,960,960,张孝闽,
2023/11/30,XR43M2311076,福建圣农食品有限公司,止推轴 200，2016低段用，2520高段用 (MYCOM配件),CS03800-200P,01020705,个,2,6400,12800,12800,张孝闽,
2023/11/30,XR43M2311076,福建圣农食品有限公司,低段F止推轴承(MYCOM配件),CS03800-160P,01020791,套,2,3580,7160,7160,张孝闽,
2023/11/30,XR43M2311076,福建圣农食品有限公司,平衡活塞套 2016机型用(MYCOM配件),CS03300-160,01020711,个,1,680,680,680,张孝闽,
2023/11/30,XR43M2311076,福建圣农食品有限公司,平衡活塞 2016机型用(MYCOM配件),CS03000-160,01020710,个,1,1080,1080,1080,张孝闽,
2023/11/30,XR43M2311076,福建圣农食品有限公司,侧轴承 200，2016低段用，2520高段用 (MYCOM配件),CS0289-200,01020700,个,2,3630,7260,7260,张孝闽,
2023/11/30,XR43M2311076,福建圣农食品有限公司,主轴承 200，2016低段用，2520高段用(MYCOM配件),CS0279-200,01020699,个,2,4300,8600,8600,张孝闽,
2023/11/30,XR43M2311076,福建圣农食品有限公司,侧轴承160S／L,CS0289-160,0119031499,件,2,3200,6400,6400,张孝闽,
2023/11/30,XR43M2311076,福建圣农食品有限公司,主轴承（低段F）(MYCOM配件),CS02800-1610C1,01020756,个,2,3380,6760,6760,张孝闽,
2023/11/30,XR43W2311040,福建圣农发展（浦城）有限公司,O形圈,6.07*1.63,692049,个,1,1.28,1.28,1.28,张孝闽,
2023/11/30,XR43W2311040,福建圣农发展（浦城）有限公司,轴封,LY-0126077,600502EB,件,1,26970,26970,26970,张孝闽,
2023/11/30,XR43W2311040,福建圣农发展（浦城）有限公司,O形圈,117.07*3.53,692772,件,1,13,13,13,张孝闽,
2023/11/30,XR43W2311040,福建圣农发展（浦城）有限公司,O形圈,98.02*3.53,692106,件,2,7.5,15,15,张孝闽,
2023/11/30,XR43W2311040,福建圣农发展（浦城）有限公司,O形圈,174.3*3.1,692111,件,2,101,202,202,张孝闽,
2023/11/30,XR43W2311040,福建圣农发展（浦城）有限公司,O形圈,64.4*3.1,692107,件,1,5.37,5.37,5.37,张孝闽,
2023/11/30,XR43W2311040,福建圣农发展（浦城）有限公司,O形圈,117.07*3.53,692772,件,1,19.13,19.13,19.13,张孝闽,
2023/11/30,XR43W2311040,福建圣农发展（浦城）有限公司,六角头螺栓（半牙）,M30*45,615123,个,10,40.8,408,408,张孝闽,
2023/11/30,XR43W2311040,福建圣农发展（浦城）有限公司,内六角圆柱头螺钉,M8*25,615016,个,4,2.55,10.2,10.2,张孝闽,
2023/11/30,XR43W2311040,福建圣农发展（浦城）有限公司,油管盖板 44x65x12,,210256,个,1,89.25,89.25,89.25,张孝闽,
2023/11/30,XR43W2311040,福建圣农发展（浦城）有限公司,防尘圈,[22 Kg/m3]125.5*97.2*8,290004,个,1,30.6,30.6,30.6,张孝闽,
2023/11/30,XR43W2311040,福建圣农发展（浦城）有限公司,喷油嘴,7.9,210221,个,2,294.525,589.05,589.05,张孝闽,
2023/11/30,XR43W2311040,福建圣农发展（浦城）有限公司,密封垫,141*175*1.5,290014,个,2,30.6,61.2,61.2,张孝闽,
2023/11/30,XR43W2311040,福建圣农发展（浦城）有限公司,密封垫,273*312*1.5,290015,件,2,72.675,145.35,145.35,张孝闽,
2023/11/30,XR43W2311040,福建圣农发展（浦城）有限公司,密封垫,260*312*1.5,290019,个,2,90.525,181.05,181.05,张孝闽,
2023/11/30,XR43W2311040,福建圣农发展（浦城）有限公司,密封垫,77*109*1.5,290013,件,2,80.75,161.5,161.5,张孝闽,
2023/11/30,XR43W2311040,福建圣农发展（浦城）有限公司,轴承预紧弹簧,3.5*11.5*7.9*35,210024,个,32,17.5821875,562.63,562.63,张孝闽,
2023/11/30,XR43W2311040,福建圣农发展（浦城）有限公司,油管接头,,210025,个,1,138.98,138.98,138.98,张孝闽,
2023/11/30,XR43W2311040,福建圣农发展（浦城）有限公司,轴封,LY-0126077,600502EB,件,1,26977.73,26977.73,26977.73,张孝闽,
2023/11/30,XR43W2311040,福建圣农发展（浦城）有限公司,骨架油封,BA_125*150*12,692103,个,1,841.5,841.5,841.5,张孝闽,
2023/11/30,XR43W2311040,福建圣农发展（浦城）有限公司,密封垫圈,6.7*10*1（爱之福）,692016,个,1,17.85,17.85,17.85,张孝闽,
2023/11/30,XR43W2311040,福建圣农发展（浦城）有限公司,杆密封环,RT0200400,692019,个,3,383.7766667,1151.33,1151.33,张孝闽,
2023/11/30,XR43W2311040,福建圣农发展（浦城）有限公司,角接触球轴承,7314 BECBM 70*150*35,615048,个,6,1470.075,8820.45,8820.45,张孝闽,
2023/11/30,XR43W2311040,福建圣农发展（浦城）有限公司,圆柱滚子轴承,NU2216 ECML 80*140*33,615049,个,2,2164.95,4329.9,4329.9,张孝闽,
2023/11/30,XR43W2311040,福建圣农发展（浦城）有限公司,圆柱滚子轴承,NU2314 ECML 70*150*51,615047,个,2,4069.8,8139.6,8139.6,张孝闽,
2023/11/30,XR43W2311040,福建圣农发展（浦城）有限公司,角接触球轴承,7220 BECBM 100*180*34,615109,件,5,1530,7650,7650,张孝闽,
2023/11/30,XR43W2311040,福建圣农发展（浦城）有限公司,圆柱滚子轴承,NU220 ECML 100*180*34,615108,件,2,2265.675,4531.35,4531.35,张孝闽,
2023/11/30,XR43W2311040,福建圣农发展（浦城）有限公司,圆柱滚子轴承,NU2220 ECML 100*180*46,615096,件,2,3566.175,7132.35,7132.35,张孝闽,
2023/11/30,XR43W2311040,福建圣农发展（浦城）有限公司,双三角密封环,PDD301600,692046,个,2,2218.5,4437,4437,张孝闽,
2023/11/30,XR43W2311040,福建圣农发展（浦城）有限公司,O形圈,468.76*6.98,692119,件,1,45.9,45.9,45.9,张孝闽,
2023/11/30,XR43W2311040,福建圣农发展（浦城）有限公司,O形圈,109.4*3.1,692067,个,1,21.68,21.68,21.68,张孝闽,
2023/11/30,XR43W2311040,福建圣农发展（浦城）有限公司,O形圈,419.3*5.7,692035,个,2,116.025,232.05,232.05,张孝闽,
2023/11/30,XR43W2311040,福建圣农发展（浦城）有限公司,O形圈,319.3*5.7,692036,个,1,150.45,150.45,150.45,张孝闽,
2023/11/30,XR43W2311040,福建圣农发展（浦城）有限公司,O形圈,75.87*2.62,692033,个,1,5.1,5.1,5.1,张孝闽,
2023/11/30,XR43W2311040,福建圣农发展（浦城）有限公司,O形圈,11.5*1.5,692038,个,1,10.2,10.2,10.2,张孝闽,
2023/11/30,XR43W2311040,福建圣农发展（浦城）有限公司,O形圈,560*6,692113,件,1,196.35,196.35,196.35,张孝闽,
2023/11/30,XR43W2311040,福建圣农发展（浦城）有限公司,O形圈,575*6,692112,件,1,200.18,200.18,200.18,张孝闽,
2023/11/30,XR43W2311040,福建圣农发展（浦城）有限公司,O形圈,203*3,692118,件,4,49.725,198.9,198.9,张孝闽,
2023/11/30,XR43W2311040,福建圣农发展（浦城）有限公司,O形圈,174.3*3.1,692111,件,4,102,408,408,张孝闽,
2023/11/30,XR43W2311040,福建圣农发展（浦城）有限公司,O形圈,154.3*3.1,692041,个,3,20.4,61.2,61.2,张孝闽,
2023/11/30,XR43W2311040,福建圣农发展（浦城）有限公司,O形圈,148.59*5.33,692045,个,2,21.675,43.35,43.35,张孝闽,
2023/11/30,XR43W2311040,福建圣农发展（浦城）有限公司,O形圈,126.59*3.53,692048,个,1,17.85,17.85,17.85,张孝闽,
2023/11/30,XR43W2311040,福建圣农发展（浦城）有限公司,O形圈,124.4*3.1,692108,件,4,30.6,122.4,122.4,张孝闽,
2023/11/30,XR43W2311040,福建圣农发展（浦城）有限公司,O形圈,98.02*3.53,692106,件,1,7.65,7.65,7.65,张孝闽,
2023/11/30,XR43W2311040,福建圣农发展（浦城）有限公司,O形圈,94.5*2,692039,个,6,8.925,53.55,53.55,张孝闽,
2023/11/30,XR43W2311040,福建圣农发展（浦城）有限公司,O形圈,44.04*3.53,692047,个,3,19.12666667,57.38,57.38,张孝闽,
2023/11/30,XR43W2311040,福建圣农发展（浦城）有限公司,O形圈,35*3,692044,个,2,6.375,12.75,12.75,张孝闽,
2023/11/30,XR43W2311040,福建圣农发展（浦城）有限公司,O形圈,32*3,692109,件,1,5.1,5.1,5.1,张孝闽,
2023/11/30,XR43W2311040,福建圣农发展（浦城）有限公司,O形圈,12.37*2.62,692037,个,2,1.275,2.55,2.55,张孝闽,
2023/11/30,XR43M2311079,福建圣农食品有限公司,制冷剂,"R22(大瓶800KG/瓶,小瓶22.7KG/瓶)",14020053,千克,68.1,27.75330396,1890,1890,张孝闽,
2023/11/30,XR43M2311078,福建圣农食品有限公司,制冷剂,R507A,14020081,千克,200,35,7000,7000,张孝闽,
2023/12/8,XR43M2312080,福建圣农食品有限公司,油过滤器滤芯,XRI2-830AN,01160081,件,3,800,2400,2400,张孝闽,
2023/12/18,XR43M2312081,甘肃圣越农牧发展有限公司,油过滤器滤芯,XRI2-570AN,01160080,件,4,800,3200,3200,张孝闽,
2023/12/19,XR43M2312082,甘肃圣越农牧发展有限公司,二位四通控制阀(STF),FDF2.6A2×4,01140125,套,4,2500,10000,10000,张孝闽,
2023/12/20,XR43W2312043,福建圣农食品（浦城）有限公司,压缩冷凝机组,SNP4H025,0119031637,台,1,152000,152000,152000,张孝闽,
2023/12/21,XR43W2312042,福建圣农食品有限公司,等径三通,φ159×5-20 T(S),06180112,件,1,330,330,330,张孝闽,
2023/12/21,XR43W2312042,福建圣农食品有限公司,无缝管,φ159×5,08040239,千克,112.5,16,1800,1800,张孝闽,
2023/12/21,XR43W2312042,福建圣农食品有限公司,截止阀,STC 150 M STR-cap,01270684,件,1,3000,3000,3000,张孝闽,
2023/12/21,XR43W2312042,福建圣农食品有限公司,90°长半径弯头,CF415-DN150Ⅱ-5-20 90EL,06160031,件,3,300,900,900,张孝闽,
2023/12/21,XR43M2312083,福建圣农食品有限公司,SRMTEC冷冻油,S008 20L/桶,971146,升,40,60,2400,2400,张孝闽,
2023/12/22,XR43M2312084,福建圣农食品有限公司,止推调整垫片 200SL 0．03,CS70100-20003,0119031511,件,2,79,158,158,张孝闽,
2023/12/22,XR43M2312084,福建圣农食品有限公司,止推轴承 250，2520低段用 (MYCOM配件),CS03800-250P,01020704,个,2,11788,23576,23576,张孝闽,
2023/12/22,XR43M2312084,福建圣农食品有限公司,侧轴承 250，2520低段用(MYCOM配件),CS0289-250,01020698,个,2,5558,11116,11116,张孝闽,
2023/12/22,XR43M2312084,福建圣农食品有限公司,主轴承 250，2520低段用 (MYCOM配件),CS0279-250,01020697,个,2,7888,15776,15776,张孝闽,
2023/12/22,XR43M2312085,福建圣农食品有限公司,SRMTEC冷冻油,S001 20L/桶,971124,升,20,128,2560,2560,张孝闽,
审核日期,销售合同号,客户,物料名称,规格型号,物料编码,"销售
单位","销售
数量",#VALUE!,价税合计,价税合计（本位币）,销售员,方案号
2024/1/12,XR43M2401001,福建日圣食品有限公司,制冷剂,,14020053,,,#DIV/0!,1400,,张孝闽,
2024/1/15,XR43M2401002,福建圣农发展股份有限公司,二位四通换向阀,,01140164,,,#DIV/0!,2000,,张孝闽,
2024/1/15,XR43W2401002,福建圣农发展（浦城）有限公司,密封垫,,290015,,,#DIV/0!,170,,张孝闽,
2024/1/15,XR43W2401002,福建圣农发展（浦城）有限公司,密封垫,,290019,,,#DIV/0!,212,,张孝闽,
2024/1/15,XR43W2401002,福建圣农发展（浦城）有限公司,密封垫,,290013,,,#DIV/0!,190,,张孝闽,
2024/1/15,XR43W2401002,福建圣农发展（浦城）有限公司,轴承预紧弹簧,,210024,,,#DIV/0!,640,,张孝闽,
2024/1/15,XR43W2401002,福建圣农发展（浦城）有限公司,油管接头,,210025,,,#DIV/0!,163,,张孝闽,
2024/1/15,XR43W2401002,福建圣农发展（浦城）有限公司,轴封,,600502EB,,,#DIV/0!,31738,,张孝闽,
2024/1/15,XR43W2401002,福建圣农发展（浦城）有限公司,骨架油封,,692103SK,,,#DIV/0!,990,,张孝闽,
2024/1/15,XR43W2401002,福建圣农发展（浦城）有限公司,密封垫圈,,692016,,,#DIV/0!,20,,张孝闽,
2024/1/15,XR43W2401002,福建圣农发展（浦城）有限公司,杆密封环,,692019,,,#DIV/0!,1353,,张孝闽,
2024/1/15,XR43W2401002,福建圣农发展（浦城）有限公司,角接触球轴承,,615048,,,#DIV/0!,10374,,张孝闽,
2024/1/15,XR43W2401002,福建圣农发展（浦城）有限公司,圆柱滚子轴承,,615049,,,#DIV/0!,5094,,张孝闽,
2024/1/15,XR43W2401002,福建圣农发展（浦城）有限公司,圆柱滚子轴承,,615047,,,#DIV/0!,9576,,张孝闽,
2024/1/15,XR43W2401002,福建圣农发展（浦城）有限公司,角接触球轴承,,615109,,,#DIV/0!,9000,,张孝闽,
2024/1/15,XR43W2401002,福建圣农发展（浦城）有限公司,圆柱滚子轴承,,615108,,,#DIV/0!,5330,,张孝闽,
2024/1/15,XR43W2401002,福建圣农发展（浦城）有限公司,圆柱滚子轴承,,615096,,,#DIV/0!,8390,,张孝闽,
2024/1/15,XR43W2401002,福建圣农发展（浦城）有限公司,双三角密封环,,692046,,,#DIV/0!,5220,,张孝闽,
2024/1/15,XR43W2401002,福建圣农发展（浦城）有限公司,O形圈,,692119,,,#DIV/0!,54,,张孝闽,
2024/1/15,XR43W2401002,福建圣农发展（浦城）有限公司,O形圈,,692067,,,#DIV/0!,25,,张孝闽,
2024/1/15,XR43W2401002,福建圣农发展（浦城）有限公司,O形圈,,692035,,,#DIV/0!,272,,张孝闽,
2024/1/15,XR43W2401002,福建圣农发展（浦城）有限公司,O形圈,,692036,,,#DIV/0!,177,,张孝闽,
2024/1/15,XR43W2401002,福建圣农发展（浦城）有限公司,O形圈,,692033,,,#DIV/0!,6,,张孝闽,
2024/1/15,XR43W2401002,福建圣农发展（浦城）有限公司,O形圈,,692038,,,#DIV/0!,12,,张孝闽,
2024/1/15,XR43W2401002,福建圣农发展（浦城）有限公司,O形圈,,692113,,,#DIV/0!,231,,张孝闽,
2024/1/15,XR43W2401002,福建圣农发展（浦城）有限公司,O形圈,,692112,,,#DIV/0!,235,,张孝闽,
2024/1/15,XR43W2401002,福建圣农发展（浦城）有限公司,O形圈,,692118,,,#DIV/0!,232,,张孝闽,
2024/1/15,XR43W2401002,福建圣农发展（浦城）有限公司,O形圈,,692111,,,#DIV/0!,480,,张孝闽,
2024/1/15,XR43W2401002,福建圣农发展（浦城）有限公司,O形圈,,692041,,,#DIV/0!,72,,张孝闽,
2024/1/15,XR43W2401002,福建圣农发展（浦城）有限公司,O形圈,,692045,,,#DIV/0!,50,,张孝闽,
2024/1/15,XR43W2401002,福建圣农发展（浦城）有限公司,O形圈,,692048,,,#DIV/0!,21,,张孝闽,
2024/1/15,XR43W2401002,福建圣农发展（浦城）有限公司,O形圈,,692108,,,#DIV/0!,144,,张孝闽,
2024/1/15,XR43W2401002,福建圣农发展（浦城）有限公司,O形圈,,692106,,,#DIV/0!,9,,张孝闽,
2024/1/15,XR43W2401002,福建圣农发展（浦城）有限公司,O形圈,,692039,,,#DIV/0!,60,,张孝闽,
2024/1/15,XR43W2401002,福建圣农发展（浦城）有限公司,O形圈,,692047,,,#DIV/0!,66,,张孝闽,
2024/1/15,XR43W2401002,福建圣农发展（浦城）有限公司,O形圈,,692044,,,#DIV/0!,14,,张孝闽,
2024/1/15,XR43W2401002,福建圣农发展（浦城）有限公司,O形圈,,692109,,,#DIV/0!,6,,张孝闽,
2024/1/15,XR43W2401002,福建圣农发展（浦城）有限公司,O形圈,,692037,,,#DIV/0!,2,,张孝闽,
2024/1/15,XR43W2401002,福建圣农发展（浦城）有限公司,O形圈,,692049,,,#DIV/0!,1,,张孝闽,
2024/1/15,XR43W2401002,福建圣农发展（浦城）有限公司,O形圈,,692107,,,#DIV/0!,6,,张孝闽,
2024/1/15,XR43W2401002,福建圣农发展（浦城）有限公司,O形圈,,692772,,,#DIV/0!,130,,张孝闽,
2024/1/15,XR43W2401002,福建圣农发展（浦城）有限公司,六角头螺栓（半牙）,,615123,,,#DIV/0!,520,,张孝闽,
2024/1/15,XR43W2401002,福建圣农发展（浦城）有限公司,内六角圆柱头螺钉,,615016,,,#DIV/0!,12,,张孝闽,
2024/1/15,XR43W2401002,福建圣农发展（浦城）有限公司,油管盖板 44x65x12,,210256,,,#DIV/0!,105,,张孝闽,
2024/1/15,XR43W2401002,福建圣农发展（浦城）有限公司,防尘圈,,290004,,,#DIV/0!,36,,张孝闽,
2024/1/15,XR43W2401002,福建圣农发展（浦城）有限公司,喷油嘴,,210221,,,#DIV/0!,692,,张孝闽,
2024/1/15,XR43W2401002,福建圣农发展（浦城）有限公司,密封垫,,290014,,,#DIV/0!,72,,张孝闽,
2024/1/15,XR43W2401001,福建圣农发展（浦城）有限公司,O形圈,,692049,,,#DIV/0!,1,,张孝闽,
2024/1/15,XR43W2401001,福建圣农发展（浦城）有限公司,O形圈,,692107,,,#DIV/0!,6,,张孝闽,
2024/1/15,XR43W2401001,福建圣农发展（浦城）有限公司,O形圈,,692772,,,#DIV/0!,130,,张孝闽,
2024/1/15,XR43W2401001,福建圣农发展（浦城）有限公司,油管盖板 44x65x12,,210256,,,#DIV/0!,105,,张孝闽,
2024/1/15,XR43W2401001,福建圣农发展（浦城）有限公司,防尘圈,,290004,,,#DIV/0!,36,,张孝闽,
2024/1/15,XR43W2401001,福建圣农发展（浦城）有限公司,喷油嘴,,210221,,,#DIV/0!,690,,张孝闽,
2024/1/15,XR43W2401001,福建圣农发展（浦城）有限公司,密封垫,,290014,,,#DIV/0!,70,,张孝闽,
2024/1/15,XR43W2401001,福建圣农发展（浦城）有限公司,密封垫,,290015,,,#DIV/0!,10,,张孝闽,
2024/1/15,XR43W2401001,福建圣农发展（浦城）有限公司,密封垫,,290019,,,#DIV/0!,210,,张孝闽,
2024/1/15,XR43W2401001,福建圣农发展（浦城）有限公司,密封垫,,290013,,,#DIV/0!,190,,张孝闽,
2024/1/15,XR43W2401001,福建圣农发展（浦城）有限公司,内六角凹端紧定螺钉,,615304,,,#DIV/0!,18,,张孝闽,
2024/1/15,XR43W2401001,福建圣农发展（浦城）有限公司,油管接头,,210025,,,#DIV/0!,163,,张孝闽,
2024/1/15,XR43W2401001,福建圣农发展（浦城）有限公司,轴封,,600502EB,,,#DIV/0!,31730,,张孝闽,
2024/1/15,XR43W2401001,福建圣农发展（浦城）有限公司,骨架油封,,692103SK,,,#DIV/0!,990,,张孝闽,
2024/1/15,XR43W2401001,福建圣农发展（浦城）有限公司,密封垫圈,,692016,,,#DIV/0!,21,,张孝闽,
2024/1/15,XR43W2401001,福建圣农发展（浦城）有限公司,杆密封环,,692019,,,#DIV/0!,1353,,张孝闽,
2024/1/15,XR43W2401001,福建圣农发展（浦城）有限公司,角接触球轴承,,615048,,,#DIV/0!,10374,,张孝闽,
2024/1/15,XR43W2401001,福建圣农发展（浦城）有限公司,圆柱滚子轴承,,615049,,,#DIV/0!,5094,,张孝闽,
2024/1/15,XR43W2401001,福建圣农发展（浦城）有限公司,圆柱滚子轴承,,615047,,,#DIV/0!,9576,,张孝闽,
2024/1/15,XR43W2401001,福建圣农发展（浦城）有限公司,角接触球轴承,,615109,,,#DIV/0!,9000,,张孝闽,
2024/1/15,XR43W2401001,福建圣农发展（浦城）有限公司,圆柱滚子轴承,,615108,,,#DIV/0!,5320,,张孝闽,
2024/1/15,XR43W2401001,福建圣农发展（浦城）有限公司,圆柱滚子轴承,,615096,,,#DIV/0!,8380,,张孝闽,
2024/1/15,XR43W2401001,福建圣农发展（浦城）有限公司,双三角密封环,,692046,,,#DIV/0!,5220,,张孝闽,
2024/1/15,XR43W2401001,福建圣农发展（浦城）有限公司,O形圈,,692119,,,#DIV/0!,54,,张孝闽,
2024/1/15,XR43W2401001,福建圣农发展（浦城）有限公司,O形圈,,692067,,,#DIV/0!,25,,张孝闽,
2024/1/15,XR43W2401001,福建圣农发展（浦城）有限公司,O形圈,,692035,,,#DIV/0!,272,,张孝闽,
2024/1/15,XR43W2401001,福建圣农发展（浦城）有限公司,O形圈,,692036,,,#DIV/0!,177,,张孝闽,
2024/1/15,XR43W2401001,福建圣农发展（浦城）有限公司,O形圈,,692033,,,#DIV/0!,6,,张孝闽,
2024/1/15,XR43W2401001,福建圣农发展（浦城）有限公司,O形圈,,692038,,,#DIV/0!,12,,张孝闽,
2024/1/15,XR43W2401001,福建圣农发展（浦城）有限公司,O形圈,,692113,,,#DIV/0!,231,,张孝闽,
2024/1/15,XR43W2401001,福建圣农发展（浦城）有限公司,O形圈,,692112,,,#DIV/0!,235,,张孝闽,
2024/1/15,XR43W2401001,福建圣农发展（浦城）有限公司,O形圈,,692118,,,#DIV/0!,232,,张孝闽,
2024/1/15,XR43W2401001,福建圣农发展（浦城）有限公司,O形圈,,692111,,,#DIV/0!,480,,张孝闽,
2024/1/15,XR43W2401001,福建圣农发展（浦城）有限公司,O形圈,,692041,,,#DIV/0!,72,,张孝闽,
2024/1/15,XR43W2401001,福建圣农发展（浦城）有限公司,O形圈,,692045,,,#DIV/0!,50,,张孝闽,
2024/1/15,XR43W2401001,福建圣农发展（浦城）有限公司,O形圈,,692048,,,#DIV/0!,21,,张孝闽,
2024/1/15,XR43W2401001,福建圣农发展（浦城）有限公司,O形圈,,692108,,,#DIV/0!,144,,张孝闽,
2024/1/15,XR43W2401001,福建圣农发展（浦城）有限公司,O形圈,,692106,,,#DIV/0!,9,,张孝闽,
2024/1/15,XR43W2401001,福建圣农发展（浦城）有限公司,O形圈,,692039,,,#DIV/0!,60,,张孝闽,
2024/1/15,XR43W2401001,福建圣农发展（浦城）有限公司,O形圈,,692047,,,#DIV/0!,66,,张孝闽,
2024/1/15,XR43W2401001,福建圣农发展（浦城）有限公司,O形圈,,692044,,,#DIV/0!,14,,张孝闽,
2024/1/15,XR43W2401001,福建圣农发展（浦城）有限公司,O形圈,,692109,,,#DIV/0!,6,,张孝闽,
2024/1/15,XR43W2401001,福建圣农发展（浦城）有限公司,O形圈,,692037,,,#DIV/0!,2,,张孝闽,
2024/1/16,XR43M2401003,福建圣农食品有限公司,SRMTEC冷冻油,,600677,,,#DIV/0!,47840,,张孝闽,
2024/1/16,XR43M2401003,福建圣农食品有限公司,丁晴橡胶管,,05990289,,,#DIV/0!,1650,,张孝闽,
2024/1/16,XR43M2401003,福建圣农食品有限公司,油过滤器滤芯,,01160081,,,#DIV/0!,1600,,张孝闽,
2024/1/16,XR43M2401003,福建圣农食品有限公司,油过滤器滤芯,,01160080,,,#DIV/0!,4000,,张孝闽,
2024/1/19,XR43M2401004,福建圣农食品有限公司,制冷剂,,14020053,,,#DIV/0!,1890,,张孝闽,
2024/1/19,XR43M2401004,福建圣农食品有限公司,SRMTEC冷冻油,,600677,,,#DIV/0!,19136,,张孝闽,
2024/1/19,XR43M2401005,福建圣农发展（浦城）有限公司,容量位移传感器,,680507,,,#DIV/0!,12871.34,,张孝闽,
2024/1/19,XR43M2401005,福建圣农发展（浦城）有限公司,容量位移传感器,,680505,,,#DIV/0!,12052.02,,张孝闽,
2024/1/23,XR43M2401006,福建圣农食品有限公司,SRMTEC冷冻油,,600677,,,#DIV/0!,9568,,张孝闽,
2024/2/1,XR43M2401007,福建圣农食品有限公司,制冷剂,,14020053,,,#DIV/0!,3780,,张孝闽,
2024/2/2,XR43M2402008,福建圣农食品有限公司,油过滤器滤芯,,01160080,,,#DIV/0!,2400,,张孝闽,
2024/2/6,XR43M2402009,福建圣农发展股份有限公司,圆柱滚子轴承,,615108,,,#DIV/0!,4531.34,,张孝闽,
2024/2/6,XR43M2402009,福建圣农发展股份有限公司,O形圈,,692048,,,#DIV/0!,17.85,,张孝闽,
2024/2/6,XR43M2402009,福建圣农发展股份有限公司,O形圈,,692038,,,#DIV/0!,10.2,,张孝闽,
2024/2/6,XR43M2402009,福建圣农发展股份有限公司,O形圈,,692107,,,#DIV/0!,5.36,,张孝闽,
2024/2/6,XR43M2402009,福建圣农发展股份有限公司,O形圈,,692047,,,#DIV/0!,57.36,,张孝闽,
2024/2/6,XR43M2402009,福建圣农发展股份有限公司,圆柱滚子轴承,,615049,,,#DIV/0!,4329.9,,张孝闽,
2024/2/6,XR43M2402009,福建圣农发展股份有限公司,圆柱滚子轴承,,615096,,,#DIV/0!,7132.34,,张孝闽,
2024/2/6,XR43M2402009,福建圣农发展股份有限公司,防尘圈,,290004,,,#DIV/0!,30.6,,张孝闽,
2024/2/6,XR43M2402009,福建圣农发展股份有限公司,双三角密封环,,692046,,,#DIV/0!,4437,,张孝闽,
2024/2/6,XR43M2402009,福建圣农发展股份有限公司,O形圈,,692045,,,#DIV/0!,43.34,,张孝闽,
2024/2/6,XR43M2402009,福建圣农发展股份有限公司,O形圈,,692036,,,#DIV/0!,150.45,,张孝闽,
2024/2/6,XR43M2402009,福建圣农发展股份有限公司,O形圈,,692108,,,#DIV/0!,122.4,,张孝闽,
2024/2/6,XR43M2402009,福建圣农发展股份有限公司,O形圈,,692037,,,#DIV/0!,2.54,,张孝闽,
2024/2/6,XR43M2402009,福建圣农发展股份有限公司,O形圈,,692112,,,#DIV/0!,200.17,,张孝闽,
2024/2/6,XR43M2402009,福建圣农发展股份有限公司,O形圈,,692039,,,#DIV/0!,53.52,,张孝闽,
2024/2/6,XR43M2402009,福建圣农发展股份有限公司,O形圈,,692111,,,#DIV/0!,408,,张孝闽,
2024/2/6,XR43M2402009,福建圣农发展股份有限公司,O形圈,,692049,,,#DIV/0!,1.28,,张孝闽,
2024/2/6,XR43M2402009,福建圣农发展股份有限公司,圆柱滚子轴承,,615047,,,#DIV/0!,8139.6,,张孝闽,
2024/2/6,XR43M2402009,福建圣农发展股份有限公司,O形圈,,692067,,,#DIV/0!,21.67,,张孝闽,
2024/2/6,XR43M2402009,福建圣农发展股份有限公司,O形圈,,692772,,,#DIV/0!,110.5,,张孝闽,
2024/2/6,XR43M2402009,福建圣农发展股份有限公司,密封垫,,290013,,,#DIV/0!,161.5,,张孝闽,
2024/2/6,XR43M2402009,福建圣农发展股份有限公司,喷油嘴,,210221,,,#DIV/0!,589.04,,张孝闽,
2024/2/6,XR43M2402009,福建圣农发展股份有限公司,O形圈,,692106,,,#DIV/0!,7.65,,张孝闽,
2024/2/6,XR43M2402009,福建圣农发展股份有限公司,角接触球轴承,,615109,,,#DIV/0!,7650,,张孝闽,
2024/2/6,XR43M2402009,福建圣农发展股份有限公司,O形圈,,692041,,,#DIV/0!,61.2,,张孝闽,
2024/2/6,XR43M2402009,福建圣农发展股份有限公司,油管盖板 44x65x12,,210256,,,#DIV/0!,89.25,,张孝闽,
2024/2/6,XR43M2402009,福建圣农发展股份有限公司,O形圈,,692035,,,#DIV/0!,232.04,,张孝闽,
2024/2/6,XR43M2402009,福建圣农发展股份有限公司,O形圈,,692033,,,#DIV/0!,5.1,,张孝闽,
2024/2/6,XR43M2402009,福建圣农发展股份有限公司,角接触球轴承,,615048,,,#DIV/0!,8820.42,,张孝闽,
2024/2/6,XR43M2402009,福建圣农发展股份有限公司,O形圈,,692044,,,#DIV/0!,12.74,,张孝闽,
2024/2/6,XR43M2402009,福建圣农发展股份有限公司,内六角凹端紧定螺钉,,615304,,,#DIV/0!,15.3,,张孝闽,
2024/2/6,XR43M2402009,福建圣农发展股份有限公司,密封垫,,290015,,,#DIV/0!,145.34,,张孝闽,
2024/2/6,XR43M2402009,福建圣农发展股份有限公司,骨架油封,,692103SK,,,#DIV/0!,841.5,,张孝闽,
2024/2/6,XR43M2402009,福建圣农发展股份有限公司,杆密封环,,692019,,,#DIV/0!,1151.31,,张孝闽,
2024/2/6,XR43M2402009,福建圣农发展股份有限公司,密封垫圈,,692016,,,#DIV/0!,17.85,,张孝闽,
2024/2/6,XR43M2402009,福建圣农发展股份有限公司,油管接头,,210025,,,#DIV/0!,138.97,,张孝闽,
2024/2/6,XR43M2402009,福建圣农发展股份有限公司,密封垫,,290019,,,#DIV/0!,181.04,,张孝闽,
2024/2/6,XR43M2402009,福建圣农发展股份有限公司,O形圈,,692118,,,#DIV/0!,198.88,,张孝闽,
2024/2/6,XR43M2402009,福建圣农发展股份有限公司,O形圈,,692119,,,#DIV/0!,45.9,,张孝闽,
2024/2/6,XR43M2402009,福建圣农发展股份有限公司,密封垫 141*175*1.5,,290014,,,#DIV/0!,61.2,,张孝闽,
2024/2/6,XR43M2402009,福建圣农发展股份有限公司,O形圈,,692109,,,#DIV/0!,5.1,,张孝闽,
2024/2/6,XR43M2402009,福建圣农发展股份有限公司,O形圈,,692113,,,#DIV/0!,196.35,,张孝闽,
2024/2/26,XR43M2402010,福建日圣食品有限公司,制冷剂,,14020053,,,#DIV/0!,2600,,张孝闽,
2024/2/29,XR43M2402011,福建圣农食品有限公司,SRMTEC冷冻油,,600677,,,#DIV/0!,19136,,张孝闽,
2024/3/5,XR43M2403012,福建圣农食品有限公司,调心滚子轴承,,2090536,,,#DIV/0!,0,,张孝闽,
2024/3/5,XR43M2403012,福建圣农食品有限公司,轴用弹性挡圈,,2100030,,,#DIV/0!,0,,张孝闽,
2024/3/5,XR43M2403012,福建圣农食品有限公司,油封,,7010069,,,#DIV/0!,0,,张孝闽,
2024/3/5,XR43M2403012,福建圣农食品有限公司,下轴销(S),,3516030012,,,#DIV/0!,0,,张孝闽,
2024/3/5,XR43M2403012,福建圣农食品有限公司,上轴销(S),,3516030011,,,#DIV/0!,0,,张孝闽,
2024/3/6,XR43M2403013,福建圣农食品有限公司,SRMTEC冷冻油,,971148,,,#DIV/0!,300,,张孝闽,
2024/3/8,XR43M2403014,福建圣农食品有限公司,侧轴承 200，2016低段用，2520高段用 (MYCOM配件),,1020700,,,#DIV/0!,"8,600",,张孝闽,
2024/3/8,XR43M2403014,福建圣农食品有限公司,特氟龙环200，2520机型通用(MYCOM配件),,1020726,,,#DIV/0!,433,,张孝闽,
2024/3/8,XR43M2403014,福建圣农食品有限公司,主轴承 200，2016低段用，2520高段用(MYCOM配件),,1020699,,,#DIV/0!,"7,260",,张孝闽,
2024/3/8,XR43M2403014,福建圣农食品有限公司,止推轴 200，2016低段用，2520高段用 (MYCOM配件),,1020705,,,#DIV/0!,"12,800",,张孝闽,
2024/3/11,XR43M2403015,福建圣农食品有限公司,双列角接触轴承,,2090537,,,#DIV/0!,580,,张孝闽,
2024/3/11,XR43M2403015,福建圣农食品有限公司,油封,,7010019,,,#DIV/0!,,,张孝闽,
2024/3/11,XR43M2403015,福建圣农食品有限公司,轴用弹性挡圈,,2100078,,,#DIV/0!,30,,张孝闽,
2024/3/11,XR43M2403015,福建圣农食品有限公司,下轴销(S),,3516030022,,,#DIV/0!,145,,张孝闽,
2024/3/11,XR43M2403015,福建圣农食品有限公司,上轴销(S),,3516030021,,,#DIV/0!,145,,张孝闽,
2024/3/13,XR43M2403017,福建圣农食品有限公司,平衡活塞 2520机型用(MYCOM配件),,1020708,,,#DIV/0!,"1,950",,张孝闽,
2024/3/13,XR43M2403017,福建圣农食品有限公司,阀板组,,119031724,,,#DIV/0!,960,,张孝闽,
2024/3/13,XR43M2403017,福建圣农食品有限公司,连杆,,119031722,,,#DIV/0!,"1,920",,张孝闽,
2024/3/13,XR43M2403017,福建圣农食品有限公司,橡环组(MYCOM配件),,119031308,,,#DIV/0!,550,,张孝闽,
2024/3/13,XR43M2403017,福建圣农食品有限公司,曲轴,,119031723,,,#DIV/0!,"1,300",,张孝闽,
2024/3/13,XR43M2403017,福建圣农食品有限公司,活塞,,119031721,,,#DIV/0!,"12,600",,张孝闽,
2024/3/13,XR43M2403016,福建圣农食品有限公司,SRMTEC冷冻油,,971148,,,#DIV/0!,"1,500",,张孝闽,
2024/3/25,XR43M2403018,福建圣农食品有限公司,止推轴承 250，2520低段用 (MYCOM配件),,01020704,,,#DIV/0!,12544,,张孝闽,
2024/3/25,XR43M2403018,福建圣农食品有限公司,侧轴承 200，2016低段用，2520高段用 (MYCOM配件),,01020700,,,#DIV/0!,7154,,张孝闽,
2024/3/25,XR43M2403018,福建圣农食品有限公司,特氟龙环200，2520机型通用(MYCOM配件),,01020726,,,#DIV/0!,15460,,张孝闽,
2024/3/25,XR43M2403018,福建圣农食品有限公司,主轴承 250，2520低段用 (MYCOM配件),,01020697,,,#DIV/0!,8430,,张孝闽,
2024/3/25,XR43M2403018,福建圣农食品有限公司,侧轴承 250，2520低段用(MYCOM配件),,01020698,,,#DIV/0!,10892,,张孝闽,
2024/3/25,XR43M2403018,福建圣农食品有限公司,止推调整垫片 200SL 0．03,,0119031511,,,#DIV/0!,850,,张孝闽,
2024/3/25,XR43M2403018,福建圣农食品有限公司,主轴承 200，2016低段用，2520高段用(MYCOM配件),,01020699,,,#DIV/0!,155,,张孝闽,
2024/3/25,XR43M2403018,福建圣农食品有限公司,止推轴 200，2016低段用，2520高段用 (MYCOM配件),,01020705,,,#DIV/0!,23104,,张孝闽,
2024/3/26,XR43M2403019,福建圣农食品有限公司,平衡活塞套 2520机型用(MYCOM配件),,01020709,,,#DIV/0!,1133,,张孝闽,
2024/3/26,XR43M2403020,福建圣农食品有限公司,联轴器,,02080007,,,#DIV/0!,2306,,张孝闽,
2024/3/27,XR43M2403021,福建圣农食品有限公司,油过滤器滤芯,,01160080,,,#DIV/0!,3200,,张孝闽,
2024/3/28,XR43W2403003,福建圣农发展（浦城）有限公司,自动空气分离器（丹佛斯）,,0119031719,,,#DIV/0!,340000,,张孝闽,
2024/3/28,XR43W2403003,福建圣农发展（浦城）有限公司,电缆线,,03241102,,,#DIV/0!,2000,,张孝闽,
2024/3/28,XR43W2403003,福建圣农发展（浦城）有限公司,电缆线,,03240955,,,#DIV/0!,4560,,张孝闽,
2024/3/28,XR43W2403003,福建圣农发展（浦城）有限公司,截止阀,,01270231,,,#DIV/0!,1230,,张孝闽,
2024/3/28,XR43W2403003,福建圣农发展（浦城）有限公司,截止阀,,01270228,,,#DIV/0!,1680,,张孝闽,
2024/3/28,XR43W2403003,福建圣农发展（浦城）有限公司,直通式过滤器,,01150548,,,#DIV/0!,4800,,张孝闽,
2024/3/28,XR43W2403003,福建圣农发展（浦城）有限公司,电磁阀,,01140389,,,#DIV/0!,40000,,张孝闽,
2024/3/28,XR43W2403003,福建圣农发展（浦城）有限公司,液位控制器(Danfoss),,01190064,,,#DIV/0!,12000,,张孝闽,
2024/3/28,XR43M2403022,甘肃圣越农牧发展有限公司,SRMTEC冷冻油,,600804,,,#DIV/0!,121790,,张孝闽,
2024/3/28,XR43M2403022,甘肃圣越农牧发展有限公司,SRMTEC冷冻油,,600677,,,#DIV/0!,78208,,张孝闽,
2024/3/28,XR43M2403023,甘肃圣越农牧发展有限公司,二位四通控制阀(STF),,01140125,,,#DIV/0!,5000,,张孝闽,
2024/4/2,XR43W2403006,圣农发展（政和）有限公司,自动空气分离器（丹佛斯）,,0119031751,,,#DIV/0!,165000,,张孝闽,
2024/4/2,XR43W2403006,圣农发展（政和）有限公司,电缆线,,03240847,,,#DIV/0!,2000,,张孝闽,
2024/4/2,XR43W2403006,圣农发展（政和）有限公司,电缆线,,03240955,,,#DIV/0!,912,,张孝闽,
2024/4/2,XR43W2403006,圣农发展（政和）有限公司,截止阀,,01270228,,,#DIV/0!,1120,,张孝闽,
2024/4/2,XR43W2403006,圣农发展（政和）有限公司,直通式过滤器,,01150548,,,#DIV/0!,1200,,张孝闽,
2024/4/2,XR43W2403006,圣农发展（政和）有限公司,电磁阀,,01140389,,,#DIV/0!,10000,,张孝闽,
2024/4/2,XR43W2403006,圣农发展（政和）有限公司,液位控制器(Danfoss),,01190064,,,#DIV/0!,5000,,张孝闽,
2024/4/7,XR43M2404024,福建圣农食品有限公司,油过滤器滤芯,,01160081,,,#DIV/0!,1600,,张孝闽,
2024/4/8,XR43W2403005,福建圣农发展（浦城）有限公司,油冷却器,,3020550325,,,#DIV/0!,196000,,张孝闽,无
2024/4/8,XR43W2403004,福建圣农发展（浦城）有限公司,油冷却器,,3020510346,,,#DIV/0!,112000,,张孝闽,无
2024/4/8,XR43W2403007,圣农发展（政和）有限公司,油冷却器,,3020550326,,,#DIV/0!,87000,,张孝闽,无
2024/4/9,XR43W2403010,福建圣农食品有限公司,报警开关,,0119030056,,,#DIV/0!,6600,,张孝闽,
2024/4/9,XR43W2403010,福建圣农食品有限公司,电缆线,,03320096,,,#DIV/0!,1100,,张孝闽,
2024/4/9,XR43W2403010,福建圣农食品有限公司,电缆线,,03240852,,,#DIV/0!,1000,,张孝闽,
2024/4/9,XR43W2403010,福建圣农食品有限公司,截止阀,,01260053,,,#DIV/0!,300,,张孝闽,
2024/4/9,XR43W2403010,福建圣农食品有限公司,平口单螺口管箍,,06220111,,,#DIV/0!,566,,张孝闽,
2024/4/9,XR43W2403010,福建圣农食品有限公司,压力传感器,,01200100,,,#DIV/0!,1700,,张孝闽,
2024/4/10,XR43M2404025,福建日圣食品有限公司,制冷剂,,14020053,,,#DIV/0!,3500,,张孝闽,
2024/4/15,XR43M2404026,福建圣农食品（浦城）有限公司,制冷剂,,14020081,,,#DIV/0!,5880,,张孝闽,
2024/4/16,XR43M2404027,江西圣农食品有限公司,丹佛斯STC32-40阀门备件包,,19033735,,,#DIV/0!,450,,张孝闽,
2024/4/19,XR43M2404029,福建圣农食品有限公司,曲轴,,0119031723,,,#DIV/0!,1300,,张孝闽,
2024/4/19,XR43M2404028,福建圣农食品有限公司,双列角接触轴承,,02090537,,,#DIV/0!,1160,,张孝闽,
2024/4/19,XR43M2404028,福建圣农食品有限公司,油封,,07010019,,,#DIV/0!,,,张孝闽,
2024/4/19,XR43M2404028,福建圣农食品有限公司,轴用弹性挡圈,,02100078,,,#DIV/0!,60,,张孝闽,
2024/4/19,XR43M2404028,福建圣农食品有限公司,下轴销(S),,3516030022,,,#DIV/0!,290,,张孝闽,
2024/4/19,XR43M2404028,福建圣农食品有限公司,上轴销(S),,3516030021,,,#DIV/0!,290,,张孝闽,
2024/4/22,XR43M2404030,福建圣农食品有限公司,止推轴承 1612普通型，增速型高段用(MYCOM配件),,01020707,,,#DIV/0!,6000,,张孝闽,
2024/4/22,XR43M2404030,福建圣农食品有限公司,止推轴 200，2016低段用，2520高段用 (MYCOM配件),,01020705,,,#DIV/0!,6400,,张孝闽,
2024/4/22,XR43M2404030,福建圣农食品有限公司,高段侧轴承(MYCOM配件),,01020758,,,#DIV/0!,3640,,张孝闽,
2024/4/22,XR43M2404030,福建圣农食品有限公司,高段主轴承(MYCOM配件),,01020757,,,#DIV/0!,5625,,张孝闽,
2024/4/22,XR43M2404030,福建圣农食品有限公司,主轴承（低段F）(MYCOM配件),,01020756,,,#DIV/0!,9600,,张孝闽,
2024/4/22,XR43M2404030,福建圣农食品有限公司,低段M止推轴承(MYCOM配件),,01020761,,,#DIV/0!,3580,,张孝闽,
2024/4/22,XR43M2404030,福建圣农食品有限公司,平衡活塞 1612普通型，增速型高段用(MYCOM配件),,01020712,,,#DIV/0!,1080,,张孝闽,
2024/4/22,XR43M2404030,福建圣农食品有限公司,主轴承（低段M）(MYCOM配件),,01020755,,,#DIV/0!,3380,,张孝闽,
2024/4/22,XR43M2404030,福建圣农食品有限公司,垫环组1612机型用(MYCOM配件),,01020721,,,#DIV/0!,1800,,张孝闽,
2024/4/22,XR43M2404030,福建圣农食品有限公司,平衡活塞套 2016机型用(MYCOM配件),,01020711,,,#DIV/0!,680,,张孝闽,
2024/4/22,XR43M2404030,福建圣农食品有限公司,特氟龙环1612普通型，增速型用(MYCOM配件),,01020725,,,#DIV/0!,450,,张孝闽,
2024/4/22,XR43M2404030,福建圣农食品有限公司,增速滚珠轴承(MYCOM配件),,01020760,,,#DIV/0!,2187,,张孝闽,
2024/4/22,XR43M2404030,福建圣农食品有限公司,低段M止推轴承(MYCOM配件),,01020761,,,#DIV/0!,3580,,张孝闽,
2024/4/22,XR43M2404031,福建圣农食品（浦城）有限公司,冰柜把手,,02220010,,,#DIV/0!,600,,张孝闽,
2024/4/25,XR43M2404032,福建圣农食品有限公司,库板自喷漆,,0114010021,,,#DIV/0!,1260,,张孝闽,
2024/4/29,XR43M2404033,福建圣农食品有限公司,制冷剂,,14020053,,,#DIV/0!,2250,,张孝闽,
2024/4/30,XR43M2404034,福建圣农食品有限公司,联轴器,,02080007,,,#DIV/0!,1153,,张孝闽,
2024/4/30,XR43M2404035,福建圣农食品有限公司,上缸盖垫片(开利),,01020639,,,#DIV/0!,291,,张孝闽,
2024/4/30,XR43M2404035,福建圣农食品有限公司,下阀板垫片(开利),,01020640,,,#DIV/0!,630,,张孝闽,
2024/5/14,XR43W2405013,福建圣农食品有限公司,油泵,,AB0813802410,,,#DIV/0!,117500,,张孝闽,
2024/5/17,XR43W2405012,福建圣农发展股份有限公司,无缝管,,08040053,,,#DIV/0!,4158.11,,张孝闽,
2024/5/17,XR43W2405012,福建圣农发展股份有限公司,管材,,05040006,,,#DIV/0!,71.2,,张孝闽,
2024/5/17,XR43W2405012,福建圣农发展股份有限公司,管材,,05040066,,,#DIV/0!,267,,张孝闽,
2024/5/17,XR43W2405012,福建圣农发展股份有限公司,无缝管,,08040022,,,#DIV/0!,1281.83,,张孝闽,
2024/5/17,XR43W2405012,福建圣农发展股份有限公司,电缆线(太阳)-耗存,,03240948,,,#DIV/0!,2670,,张孝闽,
2024/5/17,XR43W2405012,福建圣农发展股份有限公司,电缆线,,03240955,,,#DIV/0!,3043.8,,张孝闽,
2024/5/17,XR43W2405012,福建圣农发展股份有限公司,截止阀,,01270228,,,#DIV/0!,11463.2,,张孝闽,
2024/5/17,XR43W2405012,福建圣农发展股份有限公司,直通式过滤器,,01150548,,,#DIV/0!,22517,,张孝闽,
2024/5/17,XR43W2405012,福建圣农发展股份有限公司,电磁阀线圈,,01140086,,,#DIV/0!,4094,,张孝闽,
2024/5/17,XR43W2405012,福建圣农发展股份有限公司,电磁阀,,01140389,,,#DIV/0!,51175,,张孝闽,
2024/5/17,XR43W2405012,福建圣农发展股份有限公司,液位控制器(Danfoss),,01190064,,,#DIV/0!,10680,,张孝闽,
2024/5/17,XR43W2405012,福建圣农发展股份有限公司,自动空气分离器（丹佛斯）,,0119031809,,,#DIV/0!,347100,,张孝闽,
2024/5/17,XR43W2405012,福建圣农发展股份有限公司,吊顶冷风机,,0119031807,,,#DIV/0!,445445,,张孝闽,
2024/5/17,XR43W2405012,福建圣农发展股份有限公司,截止阀,,01270662,,,#DIV/0!,2949.71,,张孝闽,
2024/5/17,XR43W2405012,福建圣农发展股份有限公司,90°长半径弯头,,06160331,,,#DIV/0!,244.11,,张孝闽,
2024/5/17,XR43W2405012,福建圣农发展股份有限公司,无缝管,,08040053,,,#DIV/0!,1975.68,,张孝闽,
2024/5/17,XR43W2405012,福建圣农发展股份有限公司,截止阀,,01270216,,,#DIV/0!,26801.71,,张孝闽,
2024/5/17,XR43W2405012,福建圣农发展股份有限公司,90°长半径弯头,,06160031,,,#DIV/0!,2136,,张孝闽,
2024/5/17,XR43W2405012,福建圣农发展股份有限公司,无缝管,,08040239,,,#DIV/0!,11058.82,,张孝闽,
2024/5/17,XR43W2405012,福建圣农发展股份有限公司,截止阀,,01270222,,,#DIV/0!,3814.29,,张孝闽,
2024/5/17,XR43W2405012,福建圣农发展股份有限公司,90°长半径弯头,,06160451,,,#DIV/0!,50.86,,张孝闽,
2024/5/17,XR43W2405012,福建圣农发展股份有限公司,无缝管,,08040039,,,#DIV/0!,386.19,,张孝闽,
2024/5/17,XR43W2405012,福建圣农发展股份有限公司,90°长半径弯头,,06160248,,,#DIV/0!,595.03,,张孝闽,
2024/5/17,XR43W2405012,福建圣农发展股份有限公司,无缝管,,08040224,,,#DIV/0!,5415.81,,张孝闽,
2024/5/17,XR43W2405012,福建圣农发展股份有限公司,截止阀,,01270228,,,#DIV/0!,10039.2,,张孝闽,
2024/5/17,XR43W2405012,福建圣农发展股份有限公司,90°长半径弯头,,06160048,,,#DIV/0!,292.43,,张孝闽,
2024/5/17,XR43W2405012,福建圣农发展股份有限公司,无缝管,,08040022,,,#DIV/0!,699.3,,张孝闽,
2024/5/17,XR43W2405012,福建圣农发展股份有限公司,截止阀,,01270229,,,#DIV/0!,11061.43,,张孝闽,
2024/5/17,XR43W2405012,福建圣农发展股份有限公司,等径三通,,06180650,,,#DIV/0!,381.43,,张孝闽,
2024/5/17,XR43W2405012,福建圣农发展股份有限公司,90°长半径弯头,,06160331,,,#DIV/0!,610.29,,张孝闽,
2024/5/21,XR43M2405037,江西圣农食品有限公司,制冷剂,,14020053,,,#DIV/0!,1500,,张孝闽,
2024/5/21,XR43M2405039,福建圣农食品有限公司,油过滤器滤芯,,01160080,,,#DIV/0!,2400,,张孝闽,
2024/5/21,XR43M2405038,福建圣农食品有限公司,氨泵,,02030712,,,#DIV/0!,13500,,张孝闽,
2024/5/21,XR43M2405036,甘肃圣越农牧发展有限公司,油过滤器滤芯,,01160080,,,#DIV/0!,4000,,张孝闽,
2024/5/21,XR43W2405014,福建圣农发展股份有限公司,O形圈,,692044,,,#DIV/0!,10,,张孝闽,
2024/5/21,XR43W2405014,福建圣农发展股份有限公司,杆密封环,,692019,,,#DIV/0!,903,,张孝闽,
2024/5/21,XR43W2405014,福建圣农发展股份有限公司,双三角密封环,,692046,,,#DIV/0!,3780,,张孝闽,
2024/5/21,XR43W2405014,福建圣农发展股份有限公司,O形圈,,692118,,,#DIV/0!,180,,张孝闽,
2024/5/21,XR43W2405014,福建圣农发展股份有限公司,O形圈,,692041,,,#DIV/0!,48,,张孝闽,
2024/5/21,XR43W2405014,福建圣农发展股份有限公司,O形圈,,692045,,,#DIV/0!,34,,张孝闽,
2024/5/21,XR43W2405014,福建圣农发展股份有限公司,O形圈,,692047,,,#DIV/0!,45,,张孝闽,
2024/5/22,XR43W2403009,福建圣农食品有限公司,压缩机组,,3200001654,,,#DIV/0!,412000,,张孝闽,无
2024/5/22,XR43W2403009,福建圣农食品有限公司,压缩机组,,3200001728,,,#DIV/0!,218000,,张孝闽,无
2024/5/24,XR43W2405015,福建圣农食品有限公司,MK15-BW氨侧密封胶圈,,0119031838,,,#DIV/0!,27000,,张孝闽,
2024/5/24,XR43W2405015,福建圣农食品有限公司,MK15-BW水侧密封胶垫,,0119031839,,,#DIV/0!,28000,,张孝闽,
2024/5/27,XR43M2405040,甘肃圣越农牧发展有限公司,油过滤器滤芯,,01160080,,,#DIV/0!,4000,,张孝闽,
2024/5/28,XR43M2405041,福建圣农发展股份有限公司,油过滤器滤芯,,01160080,,,#DIV/0!,1600,,张孝闽,
2024/5/28,XR43M2405041,福建圣农发展股份有限公司,油过滤器滤芯,,01160081,,,#DIV/0!,2400,,张孝闽,
2024/5/28,XR43W2403008,圣农食品（政和）有限公司,板式换热机组,,3203010010,,,#DIV/0!,248665,,张孝闽,无
2024/5/28,XR43W2403008,圣农食品（政和）有限公司,圣农发展项目系统阀件,,3603010012,,,#DIV/0!,32003,,张孝闽,无
2024/5/28,XR43W2403008,圣农食品（政和）有限公司,压缩冷凝机组,,3200050226,,,#DIV/0!,247972,,张孝闽,无
2024/5/29,XR43M2405042,福建圣农发展（浦城）有限公司,截止阀,,01270054,,,#DIV/0!,1400,,张孝闽,
2024/5/30,XR43W2403008-1,圣农发展（政和）有限公司,胶水,,01410058,,,#DIV/0!,,,张孝闽,
2024/5/30,XR43W2403008-1,圣农发展（政和）有限公司,保温板,,19062878,,,#DIV/0!,,,张孝闽,
2024/5/30,XR43W2403008-1,圣农发展（政和）有限公司,铝箔玻纤布胶带,,01410445,,,#DIV/0!,,,张孝闽,
2024/5/30,XR43W2403008-1,圣农发展（政和）有限公司,保温板,,19062878,,,#DIV/0!,,,张孝闽,
2024/5/31,XR43M2405043,福建圣农食品有限公司,SRMTEC冷冻油,,600677,,,#DIV/0!,57408,,张孝闽,
2024/6/6,XR43M2406044,福建圣农食品有限公司,制冷剂,,14020053,,,#DIV/0!,1500,,张孝闽,
2024/6/6,XR43M2406045,江西圣农食品有限公司,SRMTEC冷冻油,,971148,,,#DIV/0!,300,,张孝闽,
2024/6/7,XR43M2406046,福建圣农食品有限公司,SRMTEC冷冻油,,600677,,,#DIV/0!,19136,,张孝闽,
2024/6/7,XR43M2406047,福建圣农食品有限公司,油过滤器滤芯,,01160081,,,#DIV/0!,2400,,张孝闽,
2024/6/7,XR43M2406047,福建圣农食品有限公司,SRMTEC冷冻油,,600677,,,#DIV/0!,19136,,张孝闽,
2024/6/11,XR43M2406048,福建圣农食品有限公司,制冷剂,,14020081,,,#DIV/0!,10500,,张孝闽,
2024/6/14,XR43M2406049,福建圣农发展（浦城）有限公司,容量位移传感器,,680501,,,#DIV/0!,14400,,张孝闽,
2024/6/14,XR43M2406049,福建圣农发展（浦城）有限公司,波纹电阻,,03000119,,,#DIV/0!,1600,,张孝闽,
2024/6/14,XR43W2406016,福建圣农食品有限公司,油泵,,AB0928802410,,,#DIV/0!,66000,,张孝闽,
2024/6/18,XR43M2406050,福建圣农食品有限公司,油泵支架,,533271,,,#DIV/0!,,,张孝闽,
2024/6/18,XR43M2406050,福建圣农食品有限公司,密封垫圈,,590740,,,#DIV/0!,,,张孝闽,
2024/6/18,XR43M2406050,福建圣农食品有限公司,油泵,,500950,,,#DIV/0!,2176.2,,张孝闽,
2024/6/18,XR43M2406050,福建圣农食品有限公司,密封垫片,,592530,,,#DIV/0!,,,张孝闽,
2024/6/18,XR43M2406050,福建圣农食品有限公司,止推垫圈,,550440,,,#DIV/0!,,,张孝闽,
2024/6/18,XR43M2406050,福建圣农食品有限公司,轴承衬套,,550451,,,#DIV/0!,,,张孝闽,
2024/6/19,XR43W2406017,福建圣农发展（浦城）有限公司,无缝管,,08010451,,,#DIV/0!,2700,,张孝闽,
2024/6/19,XR43W2406017,福建圣农发展（浦城）有限公司,压差控制器,,01190015,,,#DIV/0!,32400,,张孝闽,
2024/6/19,XR43W2406017,福建圣农发展（浦城）有限公司,截止阀(AMG)-耗存,,01270062,,,#DIV/0!,3600,,张孝闽,
2024/6/27,XR43W2406019,福建圣农食品有限公司,双列角接触轴承,,02090537,,,#DIV/0!,900,,张孝闽,
2024/6/27,XR43W2406019,福建圣农食品有限公司,SRMTEC冷冻油,,971148,,,#DIV/0!,1500,,张孝闽,
2024/6/27,XR43W2406019,福建圣农食品有限公司,干燥滤芯,,01160036,,,#DIV/0!,300,,张孝闽,
2024/6/27,XR43W2406019,福建圣农食品有限公司,油过滤器,,01150036,,,#DIV/0!,600,,张孝闽,
2024/6/27,XR43W2406019,福建圣农食品有限公司,吸气滤芯,,01160025,,,#DIV/0!,300,,张孝闽,
2024/6/27,XR43W2406019,福建圣农食品有限公司,油封,,07010019,,,#DIV/0!,,,张孝闽,
2024/6/27,XR43W2406019,福建圣农食品有限公司,轴用弹性挡圈,,02100078,,,#DIV/0!,,,张孝闽,
2024/6/27,XR43W2406019,福建圣农食品有限公司,下轴销(S),,3516030022,,,#DIV/0!,,,张孝闽,
2024/6/27,XR43W2406019,福建圣农食品有限公司,上轴销(S),,3516030021,,,#DIV/0!,,,张孝闽,
2024/7/1,XR43W2407020,福建圣农发展（浦城）有限公司,O形圈,,692049,,,#DIV/0!,1.5,,张孝闽,
2024/7/1,XR43W2407020,福建圣农发展（浦城）有限公司,内六角圆柱头螺钉,,615016,,,#DIV/0!,12,,张孝闽,
2024/7/1,XR43W2407020,福建圣农发展（浦城）有限公司,油管盖板 44x65x12,,210256,,,#DIV/0!,105,,张孝闽,
2024/7/1,XR43W2407020,福建圣农发展（浦城）有限公司,密封垫,,290014,,,#DIV/0!,72,,张孝闽,
2024/7/1,XR43W2407020,福建圣农发展（浦城）有限公司,密封垫,,290015,,,#DIV/0!,171,,张孝闽,
2024/7/1,XR43W2407020,福建圣农发展（浦城）有限公司,密封垫,,290019,,,#DIV/0!,213,,张孝闽,
2024/7/1,XR43W2407020,福建圣农发展（浦城）有限公司,密封垫,,290013,,,#DIV/0!,190,,张孝闽,
2024/7/1,XR43W2407020,福建圣农发展（浦城）有限公司,O形圈,,692107,,,#DIV/0!,6.3,,张孝闽,
2024/7/1,XR43W2407020,福建圣农发展（浦城）有限公司,O形圈,,692772,,,#DIV/0!,22.5,,张孝闽,
2024/7/1,XR43W2407020,福建圣农发展（浦城）有限公司,轴封,,600502EB,,,#DIV/0!,31738.5,,张孝闽,
2024/7/1,XR43W2407020,福建圣农发展（浦城）有限公司,骨架油封,,692103,,,#DIV/0!,990,,张孝闽,
2024/7/1,XR43W2407020,福建圣农发展（浦城）有限公司,密封垫圈,,692016,,,#DIV/0!,21,,张孝闽,
2024/7/1,XR43W2407020,福建圣农发展（浦城）有限公司,杆密封环,,692019,,,#DIV/0!,1354.5,,张孝闽,
2024/7/1,XR43W2407020,福建圣农发展（浦城）有限公司,角接触球轴承,,615048,,,#DIV/0!,10377,,张孝闽,
2024/7/1,XR43W2407020,福建圣农发展（浦城）有限公司,圆柱滚子轴承,,615049,,,#DIV/0!,5094,,张孝闽,
2024/7/1,XR43W2407020,福建圣农发展（浦城）有限公司,圆柱滚子轴承,,615047,,,#DIV/0!,9576,,张孝闽,
2024/7/1,XR43W2407020,福建圣农发展（浦城）有限公司,角接触球轴承,,615109,,,#DIV/0!,9000,,张孝闽,
2024/7/1,XR43W2407020,福建圣农发展（浦城）有限公司,圆柱滚子轴承,,615108,,,#DIV/0!,5331,,张孝闽,
2024/7/1,XR43W2407020,福建圣农发展（浦城）有限公司,圆柱滚子轴承,,615096,,,#DIV/0!,8391,,张孝闽,
2024/7/1,XR43W2407020,福建圣农发展（浦城）有限公司,双三角密封环,,692046,,,#DIV/0!,5220,,张孝闽,
2024/7/1,XR43W2407020,福建圣农发展（浦城）有限公司,O形圈,,692119,,,#DIV/0!,54,,张孝闽,
2024/7/1,XR43W2407020,福建圣农发展（浦城）有限公司,O形圈,,692067,,,#DIV/0!,25.5,,张孝闽,
2024/7/1,XR43W2407020,福建圣农发展（浦城）有限公司,O形圈,,692035,,,#DIV/0!,273,,张孝闽,
2024/7/1,XR43W2407020,福建圣农发展（浦城）有限公司,O形圈,,692036,,,#DIV/0!,177,,张孝闽,
2024/7/1,XR43W2407020,福建圣农发展（浦城）有限公司,O形圈,,692033,,,#DIV/0!,6,,张孝闽,
2024/7/1,XR43W2407020,福建圣农发展（浦城）有限公司,O形圈,,692038,,,#DIV/0!,12,,张孝闽,
2024/7/1,XR43W2407020,福建圣农发展（浦城）有限公司,O形圈,,692113,,,#DIV/0!,231,,张孝闽,
2024/7/1,XR43W2407020,福建圣农发展（浦城）有限公司,O形圈,,692112,,,#DIV/0!,235.5,,张孝闽,
2024/7/1,XR43W2407020,福建圣农发展（浦城）有限公司,O形圈,,692118,,,#DIV/0!,234,,张孝闽,
2024/7/1,XR43W2407020,福建圣农发展（浦城）有限公司,O形圈,,692111,,,#DIV/0!,480,,张孝闽,
2024/7/1,XR43W2407020,福建圣农发展（浦城）有限公司,O形圈,,692041,,,#DIV/0!,72,,张孝闽,
2024/7/1,XR43W2407020,福建圣农发展（浦城）有限公司,O形圈,,692045,,,#DIV/0!,51,,张孝闽,
2024/7/1,XR43W2407020,福建圣农发展（浦城）有限公司,O形圈,,692048,,,#DIV/0!,21,,张孝闽,
2024/7/1,XR43W2407020,福建圣农发展（浦城）有限公司,O形圈,,692108,,,#DIV/0!,144,,张孝闽,
2024/7/1,XR43W2407020,福建圣农发展（浦城）有限公司,O形圈,,692106,,,#DIV/0!,9,,张孝闽,
2024/7/1,XR43W2407020,福建圣农发展（浦城）有限公司,O形圈,,692039,,,#DIV/0!,63,,张孝闽,
2024/7/1,XR43W2407020,福建圣农发展（浦城）有限公司,O形圈,,692047,,,#DIV/0!,67.5,,张孝闽,
2024/7/1,XR43W2407020,福建圣农发展（浦城）有限公司,O形圈,,692044,,,#DIV/0!,15,,张孝闽,
2024/7/1,XR43W2407020,福建圣农发展（浦城）有限公司,O形圈,,692109,,,#DIV/0!,6,,张孝闽,
2024/7/1,XR43W2407020,福建圣农发展（浦城）有限公司,O形圈,,692037,,,#DIV/0!,3,,张孝闽,
2024/7/2,XR43W2406018,江西圣农食品有限公司,压缩冷凝机组,,3200050234,,,#DIV/0!,225930,,张孝闽,无
2024/7/2,XR43W2406018,江西圣农食品有限公司,安装辅材,,05FW0014,,,#DIV/0!,200000,,张孝闽,无
2024/7/2,XR43W2406018,江西圣农食品有限公司,板式换热机组,,3203010011,,,#DIV/0!,215480,,张孝闽,无
2024/7/2,XR43M2407051,福建圣农发展（浦城）有限公司,自动喷漆罐,,14000044,,,#DIV/0!,8840,,张孝闽,
2024/7/4,XR43M2407052,福建圣农发展股份有限公司,油冷却器,,3020550326,,,#DIV/0!,29000,,张孝闽,
2024/7/8,XR43M2407053,福建圣农食品有限公司,制冷剂,,14020053,,,#DIV/0!,1500,,张孝闽,
2024/7/9,XR43M2407054,福建圣农食品（浦城）有限公司,冰柜把手,,02220010,,,#DIV/0!,1200,,张孝闽,
2024/7/9,XR43M2407055,福建圣农食品（浦城）有限公司,氨泵（帝国）,,02030174,,,#DIV/0!,17000,,张孝闽,
2024/7/9,XR43W2407022,福建圣农食品有限公司,吸气滤芯,,01160025,,,#DIV/0!,200,,张孝闽,
2024/7/9,XR43W2407022,福建圣农食品有限公司,半封闭螺杆压缩机,,B11004000010,,,#DIV/0!,36270,,张孝闽,
2024/7/9,XR43W2407022,福建圣农食品有限公司,油过滤器滤芯,,01160104,,,#DIV/0!,800,,张孝闽,
2024/7/9,XR43W2407022,福建圣农食品有限公司,过滤器,,01150215,,,#DIV/0!,380,,张孝闽,
2024/7/9,XR43W2407022,福建圣农食品有限公司,干燥滤芯,,01160036,,,#DIV/0!,800,,张孝闽,
2024/7/9,XR43W2407022,福建圣农食品有限公司,SRMTEC冷冻油,,971127,,,#DIV/0!,3600,,张孝闽,
2024/7/12,XR43M2407056,福建圣农食品有限公司,冰柜把手,,02220010,,,#DIV/0!,6000,,张孝闽,
2024/7/12,XR43M2407057,福建圣农食品有限公司,制冷剂,,14020053,,,#DIV/0!,7500,,张孝闽,
2024/7/12,XR43M2407058,福建圣农食品有限公司,触摸屏,,03020682,,,#DIV/0!,3800,,张孝闽,
2024/7/16,XR43W2407021,福建圣农食品有限公司,压缩机组,,3200001768,,,#DIV/0!,400000,,张孝闽,无
2024/7/18,XR43M2407059,福建圣农发展股份有限公司,油分滤芯,,01160022,,,#DIV/0!,,,张孝闽,
2024/7/18,XR43M2407060,福建圣农食品有限公司,平衡活塞套 2520机型用(MYCOM配件),,01020709,,,#DIV/0!,1133,,张孝闽,
2024/7/18,XR43M2407060,福建圣农食品有限公司,止推轴 200，2016低段用，2520高段用 (MYCOM配件),,01020705,,,#DIV/0!,12544,,张孝闽,
2024/7/18,XR43M2407060,福建圣农食品有限公司,侧轴承 200，2016低段用，2520高段用 (MYCOM配件),,01020700,,,#DIV/0!,7154,,张孝闽,
2024/7/18,XR43M2407060,福建圣农食品有限公司,侧轴承 250，2520低段用(MYCOM配件),,01020698,,,#DIV/0!,10892,,张孝闽,
2024/7/18,XR43M2407060,福建圣农食品有限公司,特氟龙环200，2520机型通用(MYCOM配件),,01020726,,,#DIV/0!,850,,张孝闽,
2024/7/18,XR43M2407060,福建圣农食品有限公司,止推轴承 250，2520低段用 (MYCOM配件),,01020704,,,#DIV/0!,23104,,张孝闽,
2024/7/18,XR43M2407060,福建圣农食品有限公司,主轴承 250，2520低段用 (MYCOM配件),,01020697,,,#DIV/0!,15460,,张孝闽,
2024/7/18,XR43M2407060,福建圣农食品有限公司,主轴承 200，2016低段用，2520高段用(MYCOM配件),,01020699,,,#DIV/0!,8430,,张孝闽,
2024/7/18,XR43W2407023,福建圣农发展股份有限公司,油过滤器,,01150036,,,#DIV/0!,150,,张孝闽,
2024/7/18,XR43W2407023,福建圣农发展股份有限公司,干燥滤芯,,01160036,,,#DIV/0!,300,,张孝闽,
2024/7/18,XR43W2407023,福建圣农发展股份有限公司,过滤器,,01150402,,,#DIV/0!,200,,张孝闽,
2024/7/18,XR43W2407023,福建圣农发展股份有限公司,吸气滤芯,,01160025,,,#DIV/0!,300,,张孝闽,
2024/7/19,XR43M2407061,福建圣农食品有限公司,平衡活塞 2520机型用(MYCOM配件),,01020708,,,#DIV/0!,1950,,张孝闽,
2024/7/26,XR43M2407062,福建圣农食品有限公司,油分离器,,01090008,,,#DIV/0!,1600,,张孝闽,
2024/7/26,XR43M2407062,福建圣农食品有限公司,膨胀阀,,01170481,,,#DIV/0!,1440,,张孝闽,
2024/7/31,XR43M2407064,福建圣农食品有限公司,油过滤器滤芯,,01160080,,,#DIV/0!,3200,,张孝闽,
2024/7/31,XR43M2407063,福建圣农食品有限公司,油过滤器滤芯,,01160080,,,#DIV/0!,2400,,张孝闽,
2024/8/12,XR43M2408065,江西圣农食品有限公司,制冷剂,,14020053,,,#DIV/0!,2340,,张孝闽,
2024/8/12,XR43M2408067,福建圣农食品有限公司,压缩机(Bitzer）,,01010082,,,#DIV/0!,16000,,张孝闽,
2024/8/12,XR43M2408066,福建圣农食品有限公司,干燥滤芯,,01160128,,,#DIV/0!,1000,,张孝闽,
2024/8/13,XR43M2408069,福建圣农食品有限公司,SRMTEC冷冻油,,600677,,,#DIV/0!,19136,,张孝闽,
2024/8/13,XR43M2408069,福建圣农食品有限公司,油过滤器滤芯,,01160080,,,#DIV/0!,2400,,张孝闽,
2024/8/13,XR43M2408068,福建圣农食品有限公司,SRMTEC冷冻油,,600677,,,#DIV/0!,19136,,张孝闽,
2024/8/13,XR43M2408068,福建圣农食品有限公司,叠片挠性联轴器,,0119032037,,,#DIV/0!,2000,,张孝闽,
2024/8/14,XR43M2408070,福建圣农食品有限公司,制冷剂,,14020053,,,#DIV/0!,2340,,张孝闽,
2024/8/15,XR43M2408072,福建圣农食品有限公司,制冷剂,,14020053,,,#DIV/0!,3900,,张孝闽,
2024/8/15,XR43M2408073,福建圣农食品有限公司,库板自喷漆,,0114010021,,,#DIV/0!,630,,张孝闽,
2024/8/15,XR43M2408074,福建圣农发展（浦城）有限公司,氨泵（帝国）,,02030173,,,#DIV/0!,17000,,张孝闽,
2024/8/15,XR43M2408071,福建圣农食品有限公司,SRMTEC冷冻油,,970035,,,#DIV/0!,1800,,张孝闽,
2024/8/15,XR43W2408024,福建圣农食品有限公司,自动放空气系统（GEA）,,0119031603,,,#DIV/0!,82000,,张孝闽,
2024/8/15,XR43M2408076,福建日圣食品有限公司,制冷剂,,14020053,,,#DIV/0!,3120,,张孝闽,
2024/8/16,XR43M2408075,福建圣农食品有限公司,半封闭活塞压缩机,,B20803501100,,,#DIV/0!,22000,,张孝闽,
2024/8/21,XR43M2408077,福建圣农食品有限公司,平衡活塞套 200S／LDH,,0119031505,,,#DIV/0!,1133,,张孝闽,
2024/8/21,XR43M2408077,福建圣农食品有限公司,止推轴 200，2016低段用，2520高段用 (MYCOM配件),,01020705,,,#DIV/0!,12544,,张孝闽,
2024/8/21,XR43M2408077,福建圣农食品有限公司,平衡活塞 1612普通型，增速型高段用(MYCOM配件),,01020712,,,#DIV/0!,1080,,张孝闽,
2024/8/21,XR43M2408077,福建圣农食品有限公司,止推轴 200，2016低段用，2520高段用 (MYCOM配件),,01020705,,,#DIV/0!,6400,,张孝闽,
2024/8/21,XR43M2408077,福建圣农食品有限公司,增速滚珠轴承(MYCOM配件),,01020760,,,#DIV/0!,2187,,张孝闽,
2024/8/21,XR43M2408077,福建圣农食品有限公司,低段F止推轴承(MYCOM配件),,01020791,,,#DIV/0!,3580,,张孝闽,
2024/8/21,XR43M2408077,福建圣农食品有限公司,特氟龙环1612普通型，增速型用(MYCOM配件),,01020725,,,#DIV/0!,450,,张孝闽,
2024/8/21,XR43M2408077,福建圣农食品有限公司,高段侧轴承(MYCOM配件),,01020758,,,#DIV/0!,3640,,张孝闽,
2024/8/21,XR43M2408077,福建圣农食品有限公司,主轴承 200，2016低段用，2520高段用(MYCOM配件),,01020699,,,#DIV/0!,8430,,张孝闽,
2024/8/21,XR43M2408077,福建圣农食品有限公司,主轴承（低段M）(MYCOM配件),,01020755,,,#DIV/0!,3380,,张孝闽,
2024/8/21,XR43M2408077,福建圣农食品有限公司,侧轴承 200，2016低段用，2520高段用 (MYCOM配件),,01020700,,,#DIV/0!,7154,,张孝闽,
2024/8/21,XR43M2408077,福建圣农食品有限公司,特氟龙环200，2520机型通用(MYCOM配件),,01020726,,,#DIV/0!,425,,张孝闽,
2024/8/21,XR43M2408077,福建圣农食品有限公司,主轴承（低段F）(MYCOM配件),,01020756,,,#DIV/0!,9600,,张孝闽,
2024/8/21,XR43M2408077,福建圣农食品有限公司,平衡活塞 200S／LDH,,0119031519,,,#DIV/0!,1950,,张孝闽,
2024/8/21,XR43M2408077,福建圣农食品有限公司,垫环组200机型用(MYCOM配件),,01020724,,,#DIV/0!,1450,,张孝闽,
2024/8/21,XR43M2408077,福建圣农食品有限公司,平衡活塞套 2016机型用(MYCOM配件),,01020711,,,#DIV/0!,680,,张孝闽,
2024/8/21,XR43M2408077,福建圣农食品有限公司,垫环组1612机型用(MYCOM配件),,01020721,,,#DIV/0!,1800,,张孝闽,
2024/8/21,XR43M2408077,福建圣农食品有限公司,高段主轴承(MYCOM配件),,01020757,,,#DIV/0!,5625,,张孝闽,
2024/8/21,XR43M2408077,福建圣农食品有限公司,角接触球轴承,,616065,,,#DIV/0!,3580,,张孝闽,
2024/8/21,XR43M2408077,福建圣农食品有限公司,止推轴承 1612普通型，增速型高段用(MYCOM配件),,01020707,,,#DIV/0!,6000,,张孝闽,
2024/8/22,XR43W2408025,福建圣农食品（浦城）有限公司,压缩冷凝机组,,3200050236,,,#DIV/0!,203750,,张孝闽,圣农食品七厂零度水改造项目（水系统+设备）
2024/8/22,XR43W2408025,福建圣农食品（浦城）有限公司,安装辅材,,05FW0014,,,#DIV/0!,165640,,张孝闽,圣农食品七厂零度水改造项目（水系统+设备）
2024/8/22,XR43W2408025,福建圣农食品（浦城）有限公司,板式换热机组,,3203010012,,,#DIV/0!,205610,,张孝闽,圣农食品七厂零度水改造项目（水系统+设备）
2024/8/29,XR43M2408078,圣农发展（政和）有限公司,填料,,01440699,,,#DIV/0!,13628.4,,张孝闽,
2024/8/29,XR43M2408078,圣农发展（政和）有限公司,双面丁基密封胶,,09020034,,,#DIV/0!,30.9,,张孝闽,
2024/8/29,XR43M2408078,圣农发展（政和）有限公司,填料,,01440700,,,#DIV/0!,13640.7,,张孝闽,
2024/9/2,XR43W2403005-1,福建圣农发展（浦城）有限公司,油冷却器,,3020510346,,,#DIV/0!,27000,,张孝闽,无
2024/9/2,XR43W2408026,福建圣农发展（浦城）有限公司,O形圈,,692035,,,#DIV/0!,273,,张孝闽,
2024/9/2,XR43W2408026,福建圣农发展（浦城）有限公司,O形圈,,692036,,,#DIV/0!,177,,张孝闽,
2024/9/2,XR43W2408026,福建圣农发展（浦城）有限公司,O形圈,,692033,,,#DIV/0!,6,,张孝闽,
2024/9/2,XR43W2408026,福建圣农发展（浦城）有限公司,O形圈,,692038,,,#DIV/0!,12,,张孝闽,
2024/9/2,XR43W2408026,福建圣农发展（浦城）有限公司,O形圈,,692113,,,#DIV/0!,231,,张孝闽,
2024/9/2,XR43W2408026,福建圣农发展（浦城）有限公司,O形圈,,692112,,,#DIV/0!,235.5,,张孝闽,
2024/9/2,XR43W2408026,福建圣农发展（浦城）有限公司,O形圈,,692118,,,#DIV/0!,234,,张孝闽,
2024/9/2,XR43W2408026,福建圣农发展（浦城）有限公司,O形圈,,692111,,,#DIV/0!,480,,张孝闽,
2024/9/2,XR43W2408026,福建圣农发展（浦城）有限公司,O形圈,,692041,,,#DIV/0!,72,,张孝闽,
2024/9/2,XR43W2408026,福建圣农发展（浦城）有限公司,O形圈,,692045,,,#DIV/0!,51,,张孝闽,
2024/9/2,XR43W2408026,福建圣农发展（浦城）有限公司,O形圈,,692048,,,#DIV/0!,21,,张孝闽,
2024/9/2,XR43W2408026,福建圣农发展（浦城）有限公司,O形圈,,692108,,,#DIV/0!,144,,张孝闽,
2024/9/2,XR43W2408026,福建圣农发展（浦城）有限公司,O形圈,,692106,,,#DIV/0!,9,,张孝闽,
2024/9/2,XR43W2408026,福建圣农发展（浦城）有限公司,O形圈,,692039,,,#DIV/0!,63,,张孝闽,
2024/9/2,XR43W2408026,福建圣农发展（浦城）有限公司,O形圈,,692047,,,#DIV/0!,67.5,,张孝闽,
2024/9/2,XR43W2408026,福建圣农发展（浦城）有限公司,O形圈,,692044,,,#DIV/0!,15,,张孝闽,
2024/9/2,XR43W2408026,福建圣农发展（浦城）有限公司,O形圈,,692109,,,#DIV/0!,6,,张孝闽,
2024/9/2,XR43W2408026,福建圣农发展（浦城）有限公司,O形圈,,692037,,,#DIV/0!,3,,张孝闽,
2024/9/2,XR43W2408026,福建圣农发展（浦城）有限公司,O形圈,,692049,,,#DIV/0!,1.5,,张孝闽,
2024/9/2,XR43W2408026,福建圣农发展（浦城）有限公司,O形圈,,692107,,,#DIV/0!,6.3,,张孝闽,
2024/9/2,XR43W2408026,福建圣农发展（浦城）有限公司,O形圈,,692772,,,#DIV/0!,12.48,,张孝闽,
2024/9/2,XR43W2408026,福建圣农发展（浦城）有限公司,密封垫,,290014,,,#DIV/0!,72,,张孝闽,
2024/9/2,XR43W2408026,福建圣农发展（浦城）有限公司,密封垫,,290015,,,#DIV/0!,171,,张孝闽,
2024/9/2,XR43W2408026,福建圣农发展（浦城）有限公司,密封垫,,290019,,,#DIV/0!,213,,张孝闽,
2024/9/2,XR43W2408026,福建圣农发展（浦城）有限公司,密封垫,,290013,,,#DIV/0!,190,,张孝闽,
2024/9/2,XR43W2408026,福建圣农发展（浦城）有限公司,防尘圈,,290004,,,#DIV/0!,42,,张孝闽,
2024/9/2,XR43W2408026,福建圣农发展（浦城）有限公司,油管接头,,210025,,,#DIV/0!,162.26,,张孝闽,
2024/9/2,XR43W2408026,福建圣农发展（浦城）有限公司,轴封,,600502EB,,,#DIV/0!,31738.5,,张孝闽,
2024/9/2,XR43W2408026,福建圣农发展（浦城）有限公司,骨架油封,,692103,,,#DIV/0!,990,,张孝闽,
2024/9/2,XR43W2408026,福建圣农发展（浦城）有限公司,密封垫圈,,692016,,,#DIV/0!,21,,张孝闽,
2024/9/2,XR43W2408026,福建圣农发展（浦城）有限公司,杆密封环,,692019,,,#DIV/0!,1354.5,,张孝闽,
2024/9/2,XR43W2408026,福建圣农发展（浦城）有限公司,角接触球轴承,,615048,,,#DIV/0!,10377,,张孝闽,
2024/9/2,XR43W2408026,福建圣农发展（浦城）有限公司,圆柱滚子轴承,,615049,,,#DIV/0!,5094,,张孝闽,
2024/9/2,XR43W2408026,福建圣农发展（浦城）有限公司,圆柱滚子轴承,,615047,,,#DIV/0!,9576,,张孝闽,
2024/9/2,XR43W2408026,福建圣农发展（浦城）有限公司,角接触球轴承,,615109,,,#DIV/0!,9000,,张孝闽,
2024/9/2,XR43W2408026,福建圣农发展（浦城）有限公司,圆柱滚子轴承,,615108,,,#DIV/0!,5331,,张孝闽,
2024/9/2,XR43W2408026,福建圣农发展（浦城）有限公司,圆柱滚子轴承,,615096,,,#DIV/0!,8391,,张孝闽,
2024/9/2,XR43W2408026,福建圣农发展（浦城）有限公司,双三角密封环,,692046,,,#DIV/0!,5220,,张孝闽,
2024/9/2,XR43W2408026,福建圣农发展（浦城）有限公司,O形圈,,692119,,,#DIV/0!,54,,张孝闽,
2024/9/2,XR43W2408026,福建圣农发展（浦城）有限公司,O形圈,,692067,,,#DIV/0!,25.5,,张孝闽,
2024/9/2,XR43M2409079,福建圣农食品（浦城）有限公司,油泵,,01020888,,,#DIV/0!,13968,,张孝闽,
2024/9/2,XR43M2409080,江西圣农食品有限公司,SRMTEC冷冻油,,600677,,,#DIV/0!,9568,,张孝闽,
2024/9/4,XR43W2409027,金溪冰缘食品有限公司,包装箱,,586996,,,#DIV/0!,455,,张孝闽,
2024/9/4,XR43W2409027,金溪冰缘食品有限公司,油过滤器滤芯,,01160104,,,#DIV/0!,1600,,张孝闽,
2024/9/4,XR43W2409027,金溪冰缘食品有限公司,干燥滤芯,,01160026,,,#DIV/0!,1600,,张孝闽,
2024/9/4,XR43W2409027,金溪冰缘食品有限公司,吸气滤芯,,01160003,,,#DIV/0!,1600,,张孝闽,
2024/9/4,XR43W2409027,金溪冰缘食品有限公司,温度传感器,,583473,,,#DIV/0!,480,,张孝闽,
2024/9/4,XR43W2409027,金溪冰缘食品有限公司,密封垫,,691090,,,#DIV/0!,2.63,,张孝闽,
2024/9/4,XR43W2409027,金溪冰缘食品有限公司,进油口接头,,519067,,,#DIV/0!,35.49,,张孝闽,
2024/9/4,XR43W2409027,金溪冰缘食品有限公司,封头,,512484,,,#DIV/0!,12.01,,张孝闽,
2024/9/4,XR43W2409027,金溪冰缘食品有限公司,T型三通阀,,500261,,,#DIV/0!,42.9,,张孝闽,
2024/9/4,XR43W2409027,金溪冰缘食品有限公司,止逆阀组,,503113,,,#DIV/0!,727.72,,张孝闽,
2024/9/4,XR43W2409027,金溪冰缘食品有限公司,电磁阀底座 (氟用),,760450ZSH,,,#DIV/0!,253.54,,张孝闽,
2024/9/4,XR43W2409027,金溪冰缘食品有限公司,阳转子吸气端衬套,,519353,,,#DIV/0!,627.9,,张孝闽,
2024/9/4,XR43W2409027,金溪冰缘食品有限公司,密封垫组,,303181SW,,,#DIV/0!,2156.7,,张孝闽,
2024/9/4,XR43W2409027,金溪冰缘食品有限公司,轴承组,,303367,,,#DIV/0!,4798.3,,张孝闽,
2024/9/4,XR43W2409027,金溪冰缘食品有限公司,托盘,,586995,,,#DIV/0!,325,,张孝闽,
2024/9/5,XR43M2409081,福建圣农食品有限公司,油过滤器滤芯,,01160080,,,#DIV/0!,2400,,张孝闽,
2024/9/5,XR43M2409082,福建圣农食品有限公司,制冷剂,,14020053,,,#DIV/0!,7800,,张孝闽,
2024/9/5,XR43M2409083,福建圣农食品有限公司,联轴器,,02080030,,,#DIV/0!,2426,,张孝闽,
2024/9/5,XR43M2409084,福建圣农食品有限公司,SRMTEC冷冻油,,971146,,,#DIV/0!,1000,,张孝闽,
2024/9/6,XR43M2409088,圣农食品（政和）有限公司,SRMTEC冷冻油,,970035,,,#DIV/0!,8500,,张孝闽,
2024/9/6,XR43M2409088,圣农食品（政和）有限公司,SRMTEC冷冻油,,600677,,,#DIV/0!,38272,,张孝闽,
2024/9/9,XR43M2409086,福建圣农食品有限公司,油过滤器滤芯,,01160080,,,#DIV/0!,1600,,张孝闽,
2024/9/9,XR43M2409085,福建圣农食品有限公司,油过滤器滤芯,,01160080,,,#DIV/0!,4000,,张孝闽,
2024/9/9,XR43M2409087,福建圣农食品（浦城）有限公司,氨泵（帝国）,,02030174,,,#DIV/0!,8500,,张孝闽,
2024/9/9,XR43M2409089,福建圣农食品有限公司,叠片挠性联轴器,,02080021,,,#DIV/0!,3895.6,,张孝闽,
2024/9/13,XR43M2409090,福建圣农食品有限公司,高段侧轴承(MYCOM配件),,01020758,,,#DIV/0!,3640,,张孝闽,
2024/9/13,XR43M2409090,福建圣农食品有限公司,高段主轴承(MYCOM配件),,01020757,,,#DIV/0!,3750,,张孝闽,
2024/9/13,XR43M2409090,福建圣农食品有限公司,主轴承（低段M）(MYCOM配件),,01020755,,,#DIV/0!,3380,,张孝闽,
2024/9/20,XR43M2409091,福建圣农发展股份有限公司,氨泵（帝国）,,02030173,,,#DIV/0!,8500,,张孝闽,
2024/9/20,XR43M2409092,福建圣农食品有限公司,油过滤器滤芯,,01160080,,,#DIV/0!,4000,,张孝闽,
2024/9/20,XR43M2409093,福建圣农食品有限公司,电机组件,,583764,,,#DIV/0!,5570,,张孝闽,
2024/9/24,XR43M2409094,福建圣农食品有限公司,制冷剂,,14020053,,,#DIV/0!,1560,,张孝闽,
2024/9/24,XR43W2409028,福建圣农食品有限公司,截止阀,,01270228,,,#DIV/0!,3120,,张孝闽,
2024/9/24,XR43W2409028,福建圣农食品有限公司,截止阀,,01270643,,,#DIV/0!,3120,,张孝闽,
2024/9/24,XR43W2409028,福建圣农食品有限公司,截止阀,,01270229,,,#DIV/0!,5400,,张孝闽,
2024/9/27,XR43M2409095,江西圣农食品有限公司,制冷剂,,14020053,,,#DIV/0!,2340,,张孝闽,
2024/9/29,XR43M2409096,福建圣农食品（浦城）有限公司,SRMTEC冷冻油,,600677,,,#DIV/0!,28704,,张孝闽,
2024/10/9,XR43M2409097,福建圣农食品有限公司,叠片挠性联轴器,,02080021,,,#DIV/0!,3895.6,,张孝闽,
2024/10/9,XR43M2410098,福建圣农食品有限公司,SRMTEC冷冻油,,971149,,,#DIV/0!,3750,,张孝闽,
2024/10/10,XR43M2410099,江西圣农食品有限公司,SRMTEC冷冻油,,971148,,,#DIV/0!,,,张孝闽,
2024/10/10,XR43M2410099,江西圣农食品有限公司,SRMTEC冷冻油,,971148,,,#DIV/0!,236,,张孝闽,
2024/10/12,XR43M2410101,江西圣农食品有限公司,SRMTEC冷冻油,,600804,,,#DIV/0!,22600,,张孝闽,
2024/10/12,XR43M2410101,江西圣农食品有限公司,油过滤器滤芯,,01160080,,,#DIV/0!,2400,,张孝闽,
2024/10/12,XR43M2410101,江西圣农食品有限公司,容量位移传感器,,680507,,,#DIV/0!,6195.3,,张孝闽,
2024/10/12,XR43M2410102,福建圣农食品有限公司,止推轴承 250，2520低段用 (MYCOM配件),,01020704,,,#DIV/0!,10892,,张孝闽,
2024/10/12,XR43M2410102,福建圣农食品有限公司,特氟龙环200，2520机型通用(MYCOM配件),,01020726,,,#DIV/0!,850,,张孝闽,
2024/10/12,XR43M2410102,福建圣农食品有限公司,主轴承 250，2520低段用 (MYCOM配件),,01020697,,,#DIV/0!,15460,,张孝闽,
2024/10/12,XR43M2410102,福建圣农食品有限公司,止推轴 200，2016低段用，2520高段用 (MYCOM配件),,01020705,,,#DIV/0!,12544,,张孝闽,
2024/10/12,XR43M2410102,福建圣农食品有限公司,侧轴承 250，2520低段用(MYCOM配件),,01020698,,,#DIV/0!,23104,,张孝闽,
2024/10/14,XR43M2410103,江苏晟骁电气自动化有限公司,冰柜把手,,02220010,,,#DIV/0!,600,,张孝闽,
2024/10/17,XR43M2410104,福建圣农发展（浦城）有限公司,模拟量扩展模块,,03010242,,,#DIV/0!,10500,,张孝闽,
2024/10/17,XR43M2410105,福建圣农发展股份有限公司,模拟量扩展模块,,03010205,,,#DIV/0!,600,,张孝闽,
2024/10/18,XR43M2410106,福建圣农食品有限公司,SRMTEC冷冻油,,600677,,,#DIV/0!,19136,,张孝闽,
2024/10/21,XR43M2410107,福建圣农发展股份有限公司,氨泵（帝国）,,02030173,,,#DIV/0!,8500,,张孝闽,
2024/10/22,XR43W2410030,福建圣农食品有限公司,电机组件,,583765,,,#DIV/0!,5566,,张孝闽,
2024/10/22,XR43W2410030,福建圣农食品有限公司,SRMTEC冷冻油,,971038,,,#DIV/0!,16640,,张孝闽,
2024/10/22,XR43W2410030,福建圣农食品有限公司,干燥滤芯,,01160036,,,#DIV/0!,900,,张孝闽,
2024/10/22,XR43W2410030,福建圣农食品有限公司,托盘,,587009,,,#DIV/0!,126,,张孝闽,
2024/10/22,XR43W2410030,福建圣农食品有限公司,包装箱,,587008,,,#DIV/0!,212,,张孝闽,
2024/10/22,XR43W2410030,福建圣农食品有限公司,吸气过滤器,,502926,,,#DIV/0!,413,,张孝闽,
2024/10/22,XR43W2410030,福建圣农食品有限公司,接线板,,502946,,,#DIV/0!,481,,张孝闽,
2024/10/22,XR43W2410030,福建圣农食品有限公司,轴承组件,,303585,,,#DIV/0!,2016,,张孝闽,
2024/10/22,XR43W2410030,福建圣农食品有限公司,密封垫组,,303180SW,,,#DIV/0!,646,,张孝闽,
2024/10/22,XR43M2410109,福建圣农食品（浦城）有限公司,SRMTEC冷冻油,,600677,,,#DIV/0!,28704,,张孝闽,
2024/10/22,XR43M2410110,福建圣农食品有限公司,油过滤器滤芯,,01160080,,,#DIV/0!,2400,,张孝闽,
2024/10/24,XR43M2410100,福建圣农发展股份有限公司,可编程控制器,,0119032196,,,#DIV/0!,3700,,张孝闽,
2024/10/24,XR43M2410108,福建圣农发展股份有限公司,碳钢九齿传动链轮,,0119032197,,,#DIV/0!,4600,,张孝闽,
2024/10/25,XR43W2410032,圣农食品（政和）有限公司,温度传感器,,01200001,,,#DIV/0!,850,,张孝闽,
2024/10/25,XR43W2410032,圣农食品（政和）有限公司,电缆线,,03240852,,,#DIV/0!,500,,张孝闽,
2024/10/25,XR43W2410032,圣农食品（政和）有限公司,截止阀,,01260053,,,#DIV/0!,150,,张孝闽,
2024/10/25,XR43W2410032,圣农食品（政和）有限公司,平口单螺口管箍,,06220111,,,#DIV/0!,283,,张孝闽,
2024/10/25,XR43W2410031,福建圣农食品（浦城）有限公司,温度传感器,,01200001,,,#DIV/0!,850,,张孝闽,
2024/10/25,XR43W2410031,福建圣农食品（浦城）有限公司,电缆线,,03240852,,,#DIV/0!,500,,张孝闽,
2024/10/25,XR43W2410031,福建圣农食品（浦城）有限公司,截止阀,,01260053,,,#DIV/0!,150,,张孝闽,
2024/10/25,XR43W2410031,福建圣农食品（浦城）有限公司,平口单螺口管箍,,06220111,,,#DIV/0!,283,,张孝闽,
2024/10/25,XR43M2410111,福建圣农食品有限公司,库板自喷漆,,0114010021,,,#DIV/0!,3024,,张孝闽,
2024/10/31,XR43M2410112,福建圣农食品有限公司,制冷剂,,14020053,,,#DIV/0!,2250,,张孝闽,
2024/10/31,XR43M2410113,福建圣农食品有限公司,制冷剂,,14020081,,,#DIV/0!,4800,,张孝闽,
2024/11/7,XR43M2411115,福建圣农食品有限公司,油过滤器滤芯,,01160081,,,#DIV/0!,2400,,张孝闽,
2024/11/8,XR43M2411117,江西圣农食品有限公司,制冷剂,,14020053,,,#DIV/0!,2250,,张孝闽,
2024/11/8,XR43M2411118,福建圣农食品（浦城）有限公司,制冷剂,,14020081,,,#DIV/0!,9600,,张孝闽,
2024/11/8,XR43M2411119,福建圣农食品有限公司,油过滤器滤芯,,01160080,,,#DIV/0!,4000,,张孝闽,
2024/11/8,XR43M2411116,福建圣农食品有限公司,制冷剂,,14020019,,,#DIV/0!,5000,,张孝闽,
2024/11/12,XR43W2403008-2,圣农食品（政和）有限公司,胶水,,01410058,,,#DIV/0!,500,,张孝闽,
2024/11/12,XR43W2403008-2,圣农食品（政和）有限公司,保温板,,19062878,,,#DIV/0!,,,张孝闽,
2024/11/12,XR43W2403008-2,圣农食品（政和）有限公司,铝箔玻纤布胶带,,01410445,,,#DIV/0!,300,,张孝闽,
2024/11/12,XR43W2403008-2,圣农食品（政和）有限公司,保温板,,19062878,,,#DIV/0!,1500,,张孝闽,
2024/11/12,XR43W2403008-2,圣农食品（政和）有限公司,保温板,,01410342,,,#DIV/0!,1500,,张孝闽,
2024/11/13,XR43M2411121,福建圣农食品有限公司,电机组件,,582970,,,#DIV/0!,4500,,张孝闽,
2024/11/13,XR43M2411121,福建圣农食品有限公司,叠片挠性联轴器,,02080021,,,#DIV/0!,3895.6,,张孝闽,
2024/11/13,XR43M2411121,福建圣农食品有限公司,垫片组件,,305165,,,#DIV/0!,350,,张孝闽,
2024/11/13,XR43M2411120,福建圣农食品有限公司,油压差开关,,760490,,,#DIV/0!,3800,,张孝闽,
2024/11/13,XR43M2411120,福建圣农食品有限公司,油过滤器,,01150036,,,#DIV/0!,700,,张孝闽,
2024/11/14,XR43M2411122,福建圣农发展股份有限公司,模拟量扩展模块,,03010194,,,#DIV/0!,2318.08,,张孝闽,
2024/11/14,XR43M2411122,福建圣农发展股份有限公司,模拟量扩展模块,,03010195,,,#DIV/0!,2457.28,,张孝闽,
2024/11/14,XR43M2411122,福建圣农发展股份有限公司,接口模块扩展,,03010197,,,#DIV/0!,294,,张孝闽,
2024/11/14,XR43M2411122,福建圣农发展股份有限公司,可编程控制器,,0119032196,,,#DIV/0!,5000,,张孝闽,
2024/11/15,XR43M2411123,圣农食品（政和）有限公司,油过滤器滤芯,,01160080,,,#DIV/0!,4000,,张孝闽,
2024/11/15,XR43M2411123,圣农食品（政和）有限公司,油过滤器滤芯,,01160081,,,#DIV/0!,8000,,张孝闽,
2024/11/15,XR43W2411034,福建圣农食品有限公司,电机维修配件,,0119032251,,,#DIV/0!,14500,,张孝闽,
2024/11/22,XR43M2411124,江西圣农食品有限公司,氨泵（帝国）,,02030174,,,#DIV/0!,8500,,张孝闽,
2024/11/29,XR43M2411125,福建圣农食品有限公司,库板漆,,0114010018,,,#DIV/0!,1920,,张孝闽,
2024/12/9,XR43M2412126,圣农食品（政和）有限公司,冰柜把手,,02220010,,,#DIV/0!,1500,,张孝闽,
2024/12/10,XR43W2411036,江西圣农食品有限公司,落地式冷风机,,3022034609,,,#DIV/0!,116170,,张孝闽,无
2024/12/17,XR43M2412127,江西圣农食品有限公司,联轴器,,02080126,,,#DIV/0!,2426,,张孝闽,
2024/12/18,XR43M2412129,福建圣农食品有限公司,油过滤器滤芯,,01160080,,,#DIV/0!,4000,,张孝闽,
2024/12/18,XR43M2412128,福建圣农食品有限公司,油过滤器滤芯,,01160080,,,#DIV/0!,4000,,张孝闽,
2024/12/24,XR43M2412131,福建圣农食品有限公司,制冷剂,,14020081,,,#DIV/0!,14400,,张孝闽,
2024/12/24,XR43W2412038,福建圣农发展股份有限公司,O形圈,,692032,,,#DIV/0!,61.2,,张孝闽,
2024/12/24,XR43W2412038,福建圣农发展股份有限公司,喷油嘴,,210036,,,#DIV/0!,504.9,,张孝闽,
2024/12/24,XR43W2412038,福建圣农发展股份有限公司,喷油嘴,,210035,,,#DIV/0!,504.9,,张孝闽,
2024/12/24,XR43W2412038,福建圣农发展股份有限公司,内六角圆柱头螺钉,,615116,,,#DIV/0!,10.2,,张孝闽,
2024/12/24,XR43W2412038,福建圣农发展股份有限公司,法兰盖 DN125,,210241,,,#DIV/0!,520,,张孝闽,
2024/12/24,XR43W2412038,福建圣农发展股份有限公司,内六角圆柱头螺钉,,615015,,,#DIV/0!,10.16,,张孝闽,
2024/12/24,XR43W2412038,福建圣农发展股份有限公司,经济器盖板,,210255,,,#DIV/0!,183.6,,张孝闽,
2024/12/24,XR43W2412038,福建圣农发展股份有限公司,内六角圆柱头螺钉,,615116,,,#DIV/0!,10.2,,张孝闽,
2024/12/24,XR43W2412038,福建圣农发展股份有限公司,法兰盖 DN150,,210202,,,#DIV/0!,736,,张孝闽,
2024/12/24,XR43W2412038,福建圣农发展股份有限公司,60°密封管螺纹内六角螺塞 NPT1/8",,615011,,,#DIV/0!,45.9,,张孝闽,
2024/12/24,XR43W2412038,福建圣农发展股份有限公司,60°密封管螺纹内六角螺塞 NPT1/2",,615055,,,#DIV/0!,35.7,,张孝闽,
2024/12/24,XR43W2412038,福建圣农发展股份有限公司,60°密封管螺纹内六角螺塞,,615018,,,#DIV/0!,95.63,,张孝闽,
2024/12/24,XR43W2412038,福建圣农发展股份有限公司,密封垫,,290022,,,#DIV/0!,30.6,,张孝闽,
2024/12/24,XR43W2412038,福建圣农发展股份有限公司,密封垫,,290014,,,#DIV/0!,61.2,,张孝闽,
2024/12/24,XR43W2412038,福建圣农发展股份有限公司,密封垫,,290010,,,#DIV/0!,84.15,,张孝闽,
2024/12/24,XR43W2412038,福建圣农发展股份有限公司,O形圈,,692081,,,#DIV/0!,44.63,,张孝闽,
2024/12/24,XR43W2412038,福建圣农发展股份有限公司,密封垫圈,,692016,,,#DIV/0!,17.85,,张孝闽,
2024/12/24,XR43W2412038,福建圣农发展股份有限公司,活塞导向环,,692050,,,#DIV/0!,71.4,,张孝闽,
2024/12/24,XR43W2412038,福建圣农发展股份有限公司,杆密封环,,692019,,,#DIV/0!,385.05,,张孝闽,
2024/12/24,XR43W2412038,福建圣农发展股份有限公司,双三角密封环,,692046,,,#DIV/0!,2218.5,,张孝闽,
2024/12/24,XR43W2412038,福建圣农发展股份有限公司,活塞导向环,,692042,,,#DIV/0!,303.45,,张孝闽,
2024/12/24,XR43W2412038,福建圣农发展股份有限公司,旋转格莱圈,,692435,,,#DIV/0!,267.75,,张孝闽,
2024/12/24,XR43W2412038,福建圣农发展股份有限公司,圆柱滚子轴承,,615049,,,#DIV/0!,4329.9,,张孝闽,
2024/12/24,XR43W2412038,福建圣农发展股份有限公司,角接触球轴承,,615048,,,#DIV/0!,8820.45,,张孝闽,
2024/12/24,XR43W2412038,福建圣农发展股份有限公司,圆柱滚子轴承,,615047,,,#DIV/0!,8139.6,,张孝闽,
2024/12/24,XR43W2412038,福建圣农发展股份有限公司,骨架油封,,692034SK,,,#DIV/0!,170,,张孝闽,
2024/12/24,XR43W2412038,福建圣农发展股份有限公司,轴封,,600501EB,,,#DIV/0!,19683.45,,张孝闽,
2024/12/24,XR43W2412038,福建圣农发展股份有限公司,O形圈,,692565,,,#DIV/0!,2.55,,张孝闽,
2024/12/24,XR43W2412038,福建圣农发展股份有限公司,O形圈,,692770,,,#DIV/0!,6.8,,张孝闽,
2024/12/24,XR43W2412038,福建圣农发展股份有限公司,O形圈,,692768,,,#DIV/0!,6.8,,张孝闽,
2024/12/24,XR43W2412038,福建圣农发展股份有限公司,O形圈,,692049,,,#DIV/0!,8.93,,张孝闽,
2024/12/24,XR43W2412038,福建圣农发展股份有限公司,O形圈,,692048,,,#DIV/0!,17.85,,张孝闽,
2024/12/24,XR43W2412038,福建圣农发展股份有限公司,O形圈,,692047,,,#DIV/0!,6.38,,张孝闽,
2024/12/24,XR43W2412038,福建圣农发展股份有限公司,O形圈,,692045,,,#DIV/0!,21.68,,张孝闽,
2024/12/24,XR43W2412038,福建圣农发展股份有限公司,O形圈,,692044,,,#DIV/0!,6.38,,张孝闽,
2024/12/24,XR43W2412038,福建圣农发展股份有限公司,O形圈,,691238,,,#DIV/0!,3.83,,张孝闽,
2024/12/24,XR43W2412038,福建圣农发展股份有限公司,O形圈,,692041,,,#DIV/0!,40.8,,张孝闽,
2024/12/24,XR43W2412038,福建圣农发展股份有限公司,O形圈,,692040,,,#DIV/0!,12.75,,张孝闽,
2024/12/24,XR43W2412038,福建圣农发展股份有限公司,O形圈,,692039,,,#DIV/0!,40.8,,张孝闽,
2024/12/24,XR43W2412038,福建圣农发展股份有限公司,O形圈,,692038,,,#DIV/0!,10.2,,张孝闽,
2024/12/24,XR43W2412038,福建圣农发展股份有限公司,O形圈,,692037,,,#DIV/0!,1.28,,张孝闽,
2024/12/24,XR43W2412038,福建圣农发展股份有限公司,O形圈,,692036,,,#DIV/0!,150.45,,张孝闽,
2024/12/24,XR43W2412038,福建圣农发展股份有限公司,O形圈,,692035,,,#DIV/0!,232.05,,张孝闽,
2024/12/24,XR43W2412038,福建圣农发展股份有限公司,O形圈,,692033,,,#DIV/0!,5.1,,张孝闽,
2024/12/24,XR43M2412130,福建圣农发展（浦城）有限公司,油过滤器滤芯,,01160080,,,#DIV/0!,16000,,张孝闽,
2024/12/27,XR43M2412132,福建圣农发展（浦城）有限公司,轴封,,600501EB,,,#DIV/0!,26800,,张孝闽,
审核日期,销售合同号,客户,物料名称,规格型号,物料编码,"销售
单位","销售
数量",#VALUE!,价税合计,价税合计（本位币）,销售员,"台数计算
辅助列"
2025/1/7,XR43M2501002,福建圣农食品（浦城）有限公司,制冷剂,R410A,14000017,千克,40,60,"2,400.00",2400,张孝闽,
2025/1/7,XR43M2501003,福建圣农发展股份有限公司,模拟量扩展模块,TM3TI4(可用TM3TI4G替换),03010242,件,3,1100,"3,300.00",3300,张孝闽,
2025/1/7,XR43M2501003,福建圣农发展股份有限公司,触摸屏,HMIGXU3512,03020594,件,1,3700,"3,700.00",3700,张孝闽,
2025/1/7,XR43M2501004,福建圣农食品有限公司,叠片挠性联轴器,TD6-210-00C12，详见图纸,02080021,个,1,3600,"3,600.00",3600,张孝闽,
2025/1/7,XR43M2501001,福建圣农食品有限公司,主轴承 200，2016低段用，2520高段用(MYCOM配件),CS0279-200,01020699,个,2,4215,"8,430.00",8430,张孝闽,
2025/1/7,XR43M2501001,福建圣农食品有限公司,平衡活塞套 200S／LDH,CS03300-200H,0119031505,件,1,1133,"1,133.00",1133,张孝闽,
2025/1/7,XR43M2501001,福建圣农食品有限公司,垫片组 200VS／LD,CS7119-EVD,0119031508,套,1,1450,"1,450.00",1450,张孝闽,
2025/1/7,XR43M2501001,福建圣农食品有限公司,平衡活塞 200S／LDH,CS03000-200H,0119031519,件,1,1950,"1,950.00",1950,张孝闽,
2025/1/7,XR43M2501001,福建圣农食品有限公司,止推调整垫片 200SL 0．03,CS70100-25005,0119031518,件,4,77.5,310.00,310,张孝闽,
2025/1/7,XR43M2501001,福建圣农食品有限公司,止推轴 200，2016低段用，2520高段用 (MYCOM配件),CS03800-200P,01020705,个,2,6272,"12,544.00",12544,张孝闽,
2025/1/7,XR43M2501001,福建圣农食品有限公司,侧轴承 200，2016低段用，2520高段用 (MYCOM配件),CS0289-200,01020700,个,2,3577,"7,154.00",7154,张孝闽,
2025/1/8,XR43W2412037,江西圣农食品有限公司,备品备件,/,3400009159,台,1,12000,"12,000.00",12000,张孝闽,
2025/1/21,XR43M2501005,福建圣农发展股份有限公司,制冷剂,R507A,14020081,千克,300,52,"15,600.00",15600,张孝闽,
2025/1/23,XR43M2501006,福建圣农发展股份有限公司,容量位移传感器,280,680502,个,1,4998,"4,998.00",4998,张孝闽,
2025/1/23,XR43M2501006,福建圣农发展股份有限公司,容量位移传感器,205,680505,个,1,5100,"5,100.00",5100,张孝闽,
2025/1/23,XR43M2501007,福建圣农发展（浦城）有限公司,O形圈,75.79*3.53,692768,件,2,8.07,16.14,16.14,张孝闽,
2025/1/23,XR43M2501007,福建圣农发展（浦城）有限公司,骨架油封,100*120*12 HMS5 RG,692034SK,个,2,199.88,399.76,399.76,张孝闽,
2025/1/23,XR43M2501007,福建圣农发展（浦城）有限公司,O形圈,94.84*3.53,692770,件,2,7.83,15.66,15.66,张孝闽,
2025/1/23,XR43M2501007,福建圣农发展（浦城）有限公司,轴封,LY-0125046,600501EB,件,2,23157,"46,314.00",46314,张孝闽,
2025/1/23,XR43M2501007,福建圣农发展（浦城）有限公司,O形圈,75.87*2.62,692033,个,2,6,12.00,12,张孝闽,
2025/1/23,XR43M2501007,福建圣农发展（浦城）有限公司,O形圈,134.4*3.1,692032,个,4,24,96.00,96,张孝闽,
2025/2/7,XR43W2502001,福建圣农发展股份有限公司,M转子,,210132,个,1,30302.5,"30,302.50",30302.5,张孝闽,
2025/2/7,XR43W2502001,福建圣农发展股份有限公司,O形圈,468.76*6.98,692119,件,1,45.9,45.90,45.9,张孝闽,
2025/2/7,XR43W2502001,福建圣农发展股份有限公司,密封垫,273*312*1.5,290015,件,2,36.34,72.68,72.68,张孝闽,
2025/2/7,XR43W2502001,福建圣农发展股份有限公司,密封垫,260*312*1.5,290019,个,2,45.265,90.53,90.53,张孝闽,
2025/2/7,XR43W2502001,福建圣农发展股份有限公司,密封垫,77*109*1.5,290013,件,2,40.375,80.75,80.75,张孝闽,
2025/2/7,XR43W2502001,福建圣农发展股份有限公司,O形圈,11.5*1.5,692038,个,1,10.2,10.20,10.2,张孝闽,
2025/2/7,XR43W2502001,福建圣农发展股份有限公司,双三角密封环,PDD301600,692046,个,2,1109.25,"2,218.50",2218.5,张孝闽,
2025/2/7,XR43W2502001,福建圣农发展股份有限公司,O形圈,148.59*5.33,692045,个,2,10.84,21.68,21.68,张孝闽,
2025/2/7,XR43W2502001,福建圣农发展股份有限公司,O形圈,126.59*3.53,692048,个,1,17.85,17.85,17.85,张孝闽,
2025/2/7,XR43W2502001,福建圣农发展股份有限公司,O形圈,109.4*3.1,692067,个,1,21.68,21.68,21.68,张孝闽,
2025/2/7,XR43W2502001,福建圣农发展股份有限公司,O形圈,319.3*5.7,692036,个,1,150.45,150.45,150.45,张孝闽,
2025/2/7,XR43W2502001,福建圣农发展股份有限公司,O形圈,94.5*2,692039,个,6,1.488333333,8.93,8.93,张孝闽,
2025/2/7,XR43W2502001,福建圣农发展股份有限公司,O形圈,44.04*3.53,692047,个,3,6.376666667,19.13,19.13,张孝闽,
2025/2/7,XR43W2502001,福建圣农发展股份有限公司,O形圈,35*3,692044,个,2,3.19,6.38,6.38,张孝闽,
2025/2/7,XR43W2502001,福建圣农发展股份有限公司,O形圈,32*3,692109,件,1,5.1,5.10,5.1,张孝闽,
2025/2/7,XR43W2502001,福建圣农发展股份有限公司,O形圈,12.37*2.62,692037,个,2,0.64,1.28,1.28,张孝闽,
2025/2/7,XR43W2502001,福建圣农发展股份有限公司,O形圈,154.3*3.1,692041,个,3,6.8,20.40,20.4,张孝闽,
2025/2/7,XR43W2502001,福建圣农发展股份有限公司,内六角圆柱头螺钉,M16*50,615009,个,2,3.34,6.68,6.68,张孝闽,
2025/2/7,XR43W2502001,福建圣农发展股份有限公司,内六角圆柱头螺钉,M10*30,615006,个,4,0.5175,2.07,2.07,张孝闽,
2025/2/7,XR43W2502001,福建圣农发展股份有限公司,圆柱滚子轴承,NU2216 ECML 80*140*33,615049,个,2,1082.475,"2,164.95",2164.95,张孝闽,
2025/2/7,XR43W2502001,福建圣农发展股份有限公司,角接触球轴承,7314 BECBM 70*150*35,615048,个,6,245.0133333,"1,470.08",1470.08,张孝闽,
2025/2/7,XR43W2502001,福建圣农发展股份有限公司,圆柱滚子轴承,NU2314 ECML 70*150*51,615047,个,2,2034.9,"4,069.80",4069.8,张孝闽,
2025/2/7,XR43W2502001,福建圣农发展股份有限公司,内螺纹圆柱销,10m6*20-A,615028,个,2,2.83,5.66,5.66,张孝闽,
2025/2/7,XR43W2502001,福建圣农发展股份有限公司,内六角圆柱头螺钉,M12*30,615027,个,5,0.5,2.50,2.5,张孝闽,
2025/2/7,XR43W2502001,福建圣农发展股份有限公司,滑阀导向块,,230036,个,1,2234.34,"2,234.34",2234.34,张孝闽,
2025/2/7,XR43W2502001,福建圣农发展股份有限公司,转子壳体,,230141,个,1,20514.75,"20,514.75",20514.75,张孝闽,
2025/2/7,XR43W2502001,福建圣农发展股份有限公司,F 转子,,210069,个,1,24957.7,"24,957.70",24957.7,张孝闽,
2025/2/8,XR43M2502008,福建圣农食品有限公司,油过滤器滤芯,XRI2-570AN,01160080,件,5,800,"4,000.00",4000,张孝闽,
2025/2/13,XR43M2502009,福建圣农食品有限公司,制冷剂,"R22(大瓶800KG/瓶,小瓶22.7KG/瓶)",14020053,千克,227,42.2907489,"9,600.00",9600,张孝闽,
2025/2/25,XR43M2502011,福建圣农发展股份有限公司,制冷剂,R507A,14020081,千克,300,53,"15,900.00",15900,张孝闽,
2025/2/25,XR43M2502010,福建圣农食品有限公司,侧轴承160S／L,CS0289-160,0119031499,件,2,3200,"6,400.00",6400,张孝闽,
2025/2/25,XR43M2502010,福建圣农食品有限公司,特氟龙环200，2520机型通用(MYCOM配件),CS06600-200,01020726,个,1,425,425.00,425,张孝闽,
2025/2/25,XR43M2502010,福建圣农食品有限公司,进卸载特氟龙,CS06600-160 CAP-1BE100,19022548,个,2,480,960.00,960,张孝闽,
2025/2/25,XR43M2502010,福建圣农食品有限公司,主轴承 200，2016低段用，2520高段用(MYCOM配件),CS0279-200,01020699,个,4,3577,"14,308.00",14308,张孝闽,
2025/2/25,XR43M2502010,福建圣农食品有限公司,主轴承（低段F）(MYCOM配件),CS02800-1610C1,01020756,个,2,3380,"6,760.00",6760,张孝闽,
2025/2/25,XR43M2502010,福建圣农食品有限公司,侧轴承 200，2016低段用，2520高段用 (MYCOM配件),CS0289-200,01020700,个,4,4215,"16,860.00",16860,张孝闽,
2025/2/25,XR43M2502010,福建圣农食品有限公司,平衡活塞套 2520机型用(MYCOM配件),CS03000-2520C,01020709,个,1,1133,"1,133.00",1133,张孝闽,
2025/2/25,XR43M2502010,福建圣农食品有限公司,平衡活塞 2520机型用(MYCOM配件),CS03300-2520C,01020708,个,1,1950,"1,950.00",1950,张孝闽,
2025/2/25,XR43M2502010,福建圣农食品有限公司,低段M止推轴承(MYCOM配件),CS03800-1612CP,01020761,个,2,3580,"7,160.00",7160,张孝闽,
2025/2/25,XR43M2502010,福建圣农食品有限公司,平衡活塞套 160S／LDH,CS03300-160H,0119031501,件,1,680,680.00,680,张孝闽,
2025/2/25,XR43M2502010,福建圣农食品有限公司,角接触轴承,7313 BECBP,615673,件,4,6272,"25,088.00",25088,张孝闽,
2025/2/25,XR43M2502010,福建圣农食品有限公司,平衡活塞 160S／LDH,CS03000-160H,0119031500,件,1,1080,"1,080.00",1080,张孝闽,
2025/3/4,XR43M2503012,福建圣农食品有限公司,制冷剂,"R22(大瓶800KG/瓶,小瓶22.7KG/瓶)",14020053,千克,113.5,43.17180617,"4,900.00",4900,张孝闽,
2025/3/5,XR43M2503013,福建圣农食品有限公司,SRMTEC冷冻油,S019 208L/桶,600677,升,624,45,"28,080.00",28080,张孝闽,
2025/3/5,XR43M2503014,福建圣农食品有限公司,SRMTEC冷冻油,S019 208L/桶,600677,升,208,45,"9,360.00",9360,张孝闽,
2025/3/10,XR43M2503015,福建圣农食品有限公司,油过滤器滤芯,XRI2-570AN,01160080,件,5,800,"4,000.00",4000,张孝闽,
2025/3/10,XR43M2503016,福建圣农食品有限公司,制冷剂,R507A,14020081,千克,300,52,"15,600.00",15600,张孝闽,
2025/3/10,XR43M2503017,福建圣农食品有限公司,制冷剂,R404A 9.5kg/瓶,14020019,千克,95,54.73684211,"5,200.00",5200,张孝闽,
2025/3/18,XR43M2503018,江西圣农食品有限公司,冰柜把手,FT-1178,02220010,个,1,300,300.00,300,张孝闽,
2025/3/18,XR43M2503019,福建圣农发展股份有限公司,制冷剂,R507A,14020081,千克,300,52,"15,600.00",15600,张孝闽,
2025/3/25,XR43M2503020,圣农发展（政和）有限公司,油过滤器滤芯,XRI2-830AN,01160081,件,4,795,"3,180.00",3180,张孝闽,
2025/3/25,XR43M2503020,圣农发展（政和）有限公司,油过滤器滤芯,XRI2-570AN,01160080,件,3,795,"2,385.00",2385,张孝闽,
2025/3/25,XR43M2503022,福建圣农食品有限公司,联轴器,TL4-Y28×60/Y20×40,02080007,个,2,1153,"2,306.00",2306,张孝闽,
2025/3/25,XR43M2503023,福建圣农食品有限公司,氨泵（帝国）,32P-40NB，详见图纸,02030173,台,2,8500,"17,000.00",17000,张孝闽,
2025/3/26,XR43W2503002,福建圣农发展（浦城）有限公司,活塞导向环,GP6901600,692042,个,1,303,303.00,303,张孝闽,
2025/3/26,XR43W2503002,福建圣农发展（浦城）有限公司,旋转格莱圈,TG4100350,692435,件,1,268,268.00,268,张孝闽,
2025/3/26,XR43W2503002,福建圣农发展（浦城）有限公司,圆柱滚子轴承,NU2216 ECML 80*140*33,615049,个,2,2165,"4,330.00",4330,张孝闽,
2025/3/26,XR43W2503002,福建圣农发展（浦城）有限公司,角接触球轴承,7314 BECBM 70*150*35,615048,个,6,1470,"8,820.00",8820,张孝闽,
2025/3/26,XR43W2503002,福建圣农发展（浦城）有限公司,圆柱滚子轴承,NU2314 ECML 70*150*51,615047,个,2,4069,"8,138.00",8138,张孝闽,
2025/3/26,XR43W2503002,福建圣农发展（浦城）有限公司,骨架油封,100*120*12 HMS5 RG,692034SK,个,1,308,308.00,308,张孝闽,
2025/3/26,XR43W2503002,福建圣农发展（浦城）有限公司,轴封,LY-0125046,600501EB,件,1,19683,"19,683.00",19683,张孝闽,
2025/3/26,XR43W2503002,福建圣农发展（浦城）有限公司,O形圈,16.36*2.21,692565,件,1,2.5,2.50,2.5,张孝闽,
2025/3/26,XR43W2503002,福建圣农发展（浦城）有限公司,O形圈,94.84*3.53,692770,件,1,6.6,6.60,6.6,张孝闽,
2025/3/26,XR43W2503002,福建圣农发展（浦城）有限公司,O形圈,75.79*3.53,692768,件,1,6.8,6.80,6.8,张孝闽,
2025/3/26,XR43W2503002,福建圣农发展（浦城）有限公司,O形圈,6.07*1.63,692049,个,1,8.8,8.80,8.8,张孝闽,
2025/3/26,XR43W2503002,福建圣农发展（浦城）有限公司,O形圈,126.59*3.53,692048,个,1,17.8,17.80,17.8,张孝闽,
2025/3/26,XR43W2503002,福建圣农发展（浦城）有限公司,O形圈,44.04*3.53,692047,个,1,6.3,6.30,6.3,张孝闽,
2025/3/26,XR43W2503002,福建圣农发展（浦城）有限公司,O形圈,148.59*5.33,692045,个,1,21.6,21.60,21.6,张孝闽,
2025/3/26,XR43W2503002,福建圣农发展（浦城）有限公司,O形圈,35*3,692044,个,1,6.3,6.30,6.3,张孝闽,
2025/3/26,XR43W2503002,福建圣农发展（浦城）有限公司,O形圈,26.64*2.62,691238,件,1,3.8,3.80,3.8,张孝闽,
2025/3/26,XR43W2503002,福建圣农发展（浦城）有限公司,O形圈,154.3*3.1,692041,个,2,20,40.00,40,张孝闽,
2025/3/26,XR43W2503002,福建圣农发展（浦城）有限公司,O形圈,39.4*3.1,692040,个,1,6.3,6.30,6.3,张孝闽,
2025/3/26,XR43W2503002,福建圣农发展（浦城）有限公司,O形圈,94.5*2,692039,个,4,10.2,40.80,40.8,张孝闽,
2025/3/26,XR43W2503002,福建圣农发展（浦城）有限公司,O形圈,11.5*1.5,692038,个,1,10.2,10.20,10.2,张孝闽,
2025/3/26,XR43W2503002,福建圣农发展（浦城）有限公司,O形圈,12.37*2.62,692037,个,1,1.3,1.30,1.3,张孝闽,
2025/3/26,XR43W2503002,福建圣农发展（浦城）有限公司,O形圈,319.3*5.7,692036,个,1,150,150.00,150,张孝闽,
2025/3/26,XR43W2503002,福建圣农发展（浦城）有限公司,O形圈,419.3*5.7,692035,个,2,116,232.00,232,张孝闽,
2025/3/26,XR43W2503002,福建圣农发展（浦城）有限公司,O形圈,75.87*2.62,692033,个,1,5,5.00,5,张孝闽,
2025/3/26,XR43W2503002,福建圣农发展（浦城）有限公司,O形圈,134.4*3.1,692032,个,3,20,60.00,60,张孝闽,
2025/3/26,XR43W2503002,福建圣农发展（浦城）有限公司,60°密封管螺纹内六角螺塞,NPT1/4",615018,个,3,15,45.00,45,张孝闽,
2025/3/26,XR43W2503002,福建圣农发展（浦城）有限公司,内六角圆柱头螺钉,M24*45,615116,件,8,34.7,277.60,277.6,张孝闽,
2025/3/26,XR43W2503002,福建圣农发展（浦城）有限公司,内六角圆柱头螺钉,M8*30,614538,件,4,1,4.00,4,张孝闽,
2025/3/26,XR43W2503002,福建圣农发展（浦城）有限公司,方形接口盖,DN32 Φ9x31x52.6,210273,件,1,71.4,71.40,71.4,张孝闽,
2025/3/26,XR43W2503002,福建圣农发展（浦城）有限公司,密封垫,141*175*1.5,290014,个,2,30.6,61.20,61.2,张孝闽,
2025/3/26,XR43W2503002,福建圣农发展（浦城）有限公司,密封垫,169*203*1.5,290010,个,2,43,86.00,86,张孝闽,
2025/3/26,XR43W2503002,福建圣农发展（浦城）有限公司,O形圈,199.3*5.7,692081,件,1,45,45.00,45,张孝闽,
2025/3/26,XR43W2503002,福建圣农发展（浦城）有限公司,密封垫圈,6.7*10*1（爱之福）,692016,个,1,17.85,17.85,17.85,张孝闽,
2025/3/26,XR43W2503002,福建圣农发展（浦城）有限公司,活塞导向环,GP6900350,692050,个,1,71.4,71.40,71.4,张孝闽,
2025/3/26,XR43W2503002,福建圣农发展（浦城）有限公司,杆密封环,RT0200400,692019,个,1,385.05,385.05,385.05,张孝闽,
2025/3/26,XR43W2503002,福建圣农发展（浦城）有限公司,双三角密封环,PDD301600,692046,个,1,2218,"2,218.00",2218,张孝闽,
2025/3/26,XR43W2503002,福建圣农发展（浦城）有限公司,活塞导向环,GP6901600,692042,个,1,303,303.00,303,张孝闽,
2025/3/26,XR43W2503002,福建圣农发展（浦城）有限公司,旋转格莱圈,TG4100350,692435,件,1,268,268.00,268,张孝闽,
2025/3/26,XR43W2503002,福建圣农发展（浦城）有限公司,圆柱滚子轴承,NU2216 ECML 80*140*33,615049,个,2,2165,"4,330.00",4330,张孝闽,
2025/3/26,XR43W2503002,福建圣农发展（浦城）有限公司,角接触球轴承,7314 BECBM 70*150*35,615048,个,6,1470,"8,820.00",8820,张孝闽,
2025/3/26,XR43W2503002,福建圣农发展（浦城）有限公司,圆柱滚子轴承,NU2314 ECML 70*150*51,615047,个,2,4069,"8,138.00",8138,张孝闽,
2025/3/26,XR43W2503002,福建圣农发展（浦城）有限公司,骨架油封,100*120*12 HMS5 RG,692034SK,个,1,308,308.00,308,张孝闽,
2025/3/26,XR43W2503002,福建圣农发展（浦城）有限公司,轴封,LY-0125046,600501EB,件,1,19683,"19,683.00",19683,张孝闽,
2025/3/26,XR43W2503002,福建圣农发展（浦城）有限公司,O形圈,16.36*2.21,692565,件,1,2.5,2.50,2.5,张孝闽,
2025/3/26,XR43W2503002,福建圣农发展（浦城）有限公司,O形圈,94.84*3.53,692770,件,1,6.6,6.60,6.6,张孝闽,
2025/3/26,XR43W2503002,福建圣农发展（浦城）有限公司,O形圈,75.79*3.53,692768,件,1,6.8,6.80,6.8,张孝闽,
2025/3/26,XR43W2503002,福建圣农发展（浦城）有限公司,O形圈,6.07*1.63,692049,个,1,8.8,8.80,8.8,张孝闽,
2025/3/26,XR43W2503002,福建圣农发展（浦城）有限公司,O形圈,126.59*3.53,692048,个,1,17.8,17.80,17.8,张孝闽,
2025/3/26,XR43W2503002,福建圣农发展（浦城）有限公司,O形圈,44.04*3.53,692047,个,1,6.3,6.30,6.3,张孝闽,
2025/3/26,XR43W2503002,福建圣农发展（浦城）有限公司,O形圈,148.59*5.33,692045,个,1,21.6,21.60,21.6,张孝闽,
2025/3/26,XR43W2503002,福建圣农发展（浦城）有限公司,O形圈,35*3,692044,个,1,6.3,6.30,6.3,张孝闽,
2025/3/26,XR43W2503002,福建圣农发展（浦城）有限公司,O形圈,26.64*2.62,691238,件,1,3.8,3.80,3.8,张孝闽,
2025/3/26,XR43W2503002,福建圣农发展（浦城）有限公司,O形圈,154.3*3.1,692041,个,2,20,40.00,40,张孝闽,
2025/3/26,XR43W2503002,福建圣农发展（浦城）有限公司,O形圈,39.4*3.1,692040,个,1,6.3,6.30,6.3,张孝闽,
2025/3/26,XR43W2503002,福建圣农发展（浦城）有限公司,O形圈,94.5*2,692039,个,4,10.2,40.80,40.8,张孝闽,
2025/3/26,XR43W2503002,福建圣农发展（浦城）有限公司,O形圈,11.5*1.5,692038,个,1,10.2,10.20,10.2,张孝闽,
2025/3/26,XR43W2503002,福建圣农发展（浦城）有限公司,O形圈,12.37*2.62,692037,个,1,1.3,1.30,1.3,张孝闽,
2025/3/26,XR43W2503002,福建圣农发展（浦城）有限公司,O形圈,319.3*5.7,692036,个,1,150,150.00,150,张孝闽,
2025/3/26,XR43W2503002,福建圣农发展（浦城）有限公司,O形圈,419.3*5.7,692035,个,2,116,232.00,232,张孝闽,
2025/3/26,XR43W2503002,福建圣农发展（浦城）有限公司,O形圈,75.87*2.62,692033,个,1,5,5.00,5,张孝闽,
2025/3/26,XR43W2503002,福建圣农发展（浦城）有限公司,O形圈,134.4*3.1,692032,个,3,20,60.00,60,张孝闽,
2025/3/26,XR43W2503002,福建圣农发展（浦城）有限公司,内六角圆柱头螺钉,M10*40,615052,个,2,3.3,6.60,6.6,张孝闽,
2025/3/26,XR43W2503002,福建圣农发展（浦城）有限公司,内六角圆柱头螺钉,M16*50,615009,个,2,8.8,17.60,17.6,张孝闽,
2025/3/26,XR43W2503002,福建圣农发展（浦城）有限公司,内六角圆柱头螺钉,M24*45,615116,件,8,35,280.00,280,张孝闽,
2025/3/26,XR43W2503002,福建圣农发展（浦城）有限公司,法兰盖 DN125,DN125,210241,个,1,520,520.00,520,张孝闽,
2025/3/26,XR43W2503002,福建圣农发展（浦城）有限公司,内六角圆柱头螺钉,M8*30,614538,件,4,1,4.00,4,张孝闽,
2025/3/26,XR43W2503002,福建圣农发展（浦城）有限公司,方形接口盖,DN32 Φ9x31x52.6,210273,件,1,71.4,71.40,71.4,张孝闽,
2025/3/26,XR43W2503002,福建圣农发展（浦城）有限公司,内六角圆柱头螺钉,M24*45,615116,件,8,34.7,277.60,277.6,张孝闽,
2025/3/26,XR43W2503002,福建圣农发展（浦城）有限公司,法兰盖 DN150,DN150,210202,个,1,736,736.00,736,张孝闽,
2025/3/26,XR43W2503002,福建圣农发展（浦城）有限公司,60°密封管螺纹内六角螺塞 NPT1/2",,615055,个,4,7.8,31.20,31.2,张孝闽,
2025/3/26,XR43W2503002,福建圣农发展（浦城）有限公司,60°密封管螺纹内六角螺塞,NPT1/4",615018,个,4,15,60.00,60,张孝闽,
2025/3/26,XR43W2503002,福建圣农发展（浦城）有限公司,密封垫,141*175*1.5,290014,个,2,30.6,61.20,61.2,张孝闽,
2025/3/26,XR43W2503002,福建圣农发展（浦城）有限公司,密封垫,169*203*1.5,290010,个,2,43,86.00,86,张孝闽,
2025/3/26,XR43W2503002,福建圣农发展（浦城）有限公司,O形圈,199.3*5.7,692081,件,1,45,45.00,45,张孝闽,
2025/3/26,XR43W2503002,福建圣农发展（浦城）有限公司,密封垫圈,6.7*10*1（爱之福）,692016,个,1,17.85,17.85,17.85,张孝闽,
2025/3/26,XR43W2503002,福建圣农发展（浦城）有限公司,活塞导向环,GP6900350,692050,个,1,71.4,71.40,71.4,张孝闽,
2025/3/26,XR43W2503002,福建圣农发展（浦城）有限公司,杆密封环,RT0200400,692019,个,1,385.05,385.05,385.05,张孝闽,
2025/3/26,XR43W2503002,福建圣农发展（浦城）有限公司,双三角密封环,PDD301600,692046,个,1,2218,"2,218.00",2218,张孝闽,
2025/3/27,XR43M2503024,福建圣农食品有限公司,止推轴 200，2016低段用，2520高段用 (MYCOM配件),CS03800-200P,01020705,个,2,6272,"12,544.00",12544,张孝闽,
2025/3/27,XR43M2503024,福建圣农食品有限公司,侧轴承 200，2016低段用，2520高段用 (MYCOM配件),CS0289-200,01020700,个,2,3577,"7,154.00",7154,张孝闽,
2025/3/27,XR43M2503024,福建圣农食品有限公司,平衡活塞套 2520机型用(MYCOM配件),CS03000-2520C,01020709,个,1,1133,"1,133.00",1133,张孝闽,
2025/3/27,XR43M2503024,福建圣农食品有限公司,平衡活塞 2520机型用(MYCOM配件),CS03300-2520C,01020708,个,1,1950,"1,950.00",1950,张孝闽,
2025/3/27,XR43M2503024,福建圣农食品有限公司,止推轴承 250，2520低段用 (MYCOM配件),CS03800-250P,01020704,个,2,11552,"23,104.00",23104,张孝闽,
2025/3/27,XR43M2503024,福建圣农食品有限公司,主轴承 250，2520低段用 (MYCOM配件),CS0279-250,01020697,个,2,7730,"15,460.00",15460,张孝闽,
2025/3/31,XR43M2503021,福建圣农食品有限公司,主轴承 200，2016低段用，2520高段用(MYCOM配件),CS0279-200,01020699,个,2,4215,"8,430.00",8430,张孝闽,
2025/3/31,XR43M2503021,福建圣农食品有限公司,止推调整垫片 200SL 0．05,CS70100-20005,0119031515,件,2,77.5,155.00,155,张孝闽,
2025/3/31,XR43M2503021,福建圣农食品有限公司,侧轴承 250，2520低段用(MYCOM配件),CS0289-250,01020698,个,2,5446,"10,892.00",10892,张孝闽,
2025/4/2,XR43M2504025,福建圣农食品有限公司,油分滤芯,XRCFET-650/810,01160013,件,3,2100,"6,300.00",6300,张孝闽,
2025/4/8,XR43W2503003,福建圣农食品有限公司,半封闭活塞压缩机,SP6L2700,B20902701000,台,1,28000,"28,000.00",28000,张孝闽,
2025/4/8,XR43W2503003,福建圣农食品有限公司,干燥滤芯,48-DC,01160036,件,3,160,480.00,480,张孝闽,
2025/4/8,XR43W2503003,福建圣农食品有限公司,油过滤器,HCYF 53,01150036,件,2,260,520.00,520,张孝闽,
2025/4/8,XR43W2503003,福建圣农食品有限公司,吸气滤芯,FRE-48W,01160025,件,2,220,440.00,440,张孝闽,
2025/4/8,XR43W2503003,福建圣农食品有限公司,SRMTEC冷冻油,S008 5L/桶,971148,升,30,80,"2,400.00",2400,张孝闽,
2025/4/8,XR43W2503004,江西圣农食品有限公司,上轴承盖,F80,3516040014,件,2,1900,"3,800.00",3800,张孝闽,
2025/4/8,XR43W2503004,江西圣农食品有限公司,双列角接触轴承,3305S-2Z(24×62×25.4),02090537,件,2,400,800.00,800,张孝闽,
2025/4/8,XR43W2503004,江西圣农食品有限公司,深沟球轴承,6215-2R,02090070,件,1,265,265.00,265,张孝闽,
2025/4/8,XR43W2503004,江西圣农食品有限公司,调心滚子轴承,22220,02090123,件,1,500,500.00,500,张孝闽,
2025/4/8,XR43W2503004,江西圣农食品有限公司,等边角钢,∠30×3,08080002,千克,60,26.83333333,"1,610.00",1610,张孝闽,
2025/4/8,XR43W2503004,江西圣农食品有限公司,不锈钢板,δ2.0×1220×2440,08100417,千克,660.4627575,20.98528621,"13,860.00",13860,张孝闽,
2025/4/8,XR43W2503004,江西圣农食品有限公司,高性能极压工业齿轮油（美孚）,GEAR 600  XP320 208L/桶,14040007,升,5,53,265.00,265,张孝闽,
2025/4/8,XR43W2503004,江西圣农食品有限公司,SRMTEC冷冻油,S008 5L/桶,971148,升,30,50,"1,500.00",1500,张孝闽,
2025/4/8,XR43W2503004,江西圣农食品有限公司,干燥滤芯,48-DC,01160036,件,3,80,240.00,240,张孝闽,
2025/4/8,XR43W2503004,江西圣农食品有限公司,油过滤器,HCYF 53,01150036,件,2,265,530.00,530,张孝闽,
2025/4/8,XR43W2503004,江西圣农食品有限公司,吸气滤芯,FRE-48W,01160025,件,2,135,270.00,270,张孝闽,
2025/4/8,XR43W2503004,江西圣农食品有限公司,油封,FB040065(40×65×8),07010019,件,2,0,0.00,,张孝闽,
2025/4/8,XR43W2503004,江西圣农食品有限公司,轴用弹性挡圈,24,02100078,件,2,0,0.00,,张孝闽,
2025/4/8,XR43W2503004,江西圣农食品有限公司,下轴销(S),F60S(2018V1.0),3516030022,件,1,0,0.00,,张孝闽,
2025/4/8,XR43W2503004,江西圣农食品有限公司,上轴销(S),F60S(2018V1.0),3516030021,件,1,0,0.00,,张孝闽,
2025/4/8,XR43W2503004,江西圣农食品有限公司,下轴承盖,F80,3516040016,件,1,4000,"4,000.00",4000,张孝闽,
2025/4/11,XR43M2504026,福建圣农食品有限公司,SRMTEC冷冻油,S008 200L/桶,971041,升,5,50,250.00,250,张孝闽,
2025/4/11,XR43M2504026,福建圣农食品有限公司,彩印马口铁油桶（中文）,5升装，L168mm*W105mm*H310mm，厚度0.28mm,0119030927,个,1,0,0.00,,张孝闽,
2025/4/15,XR43M2504027,福建圣农食品有限公司,制冷剂,R507A,14020081,千克,500,56,"28,000.00",28000,张孝闽,
2025/4/16,XR43M2504028,圣农食品（政和）有限公司,制冷剂,R507A,14020081,千克,150,56,"8,400.00",8400,张孝闽,
2025/4/17,XR43W2504005,福建圣农食品有限公司,压缩机组,SAA2620MS-HALA,3200001961,台,2,412500,"825,000.00",825000,张孝闽,
2025/4/17,XR43W2504007,福建圣农发展股份有限公司,O形圈,129.6*5.7,692263,件,1,88.8,88.80,88.8,张孝闽,
2025/4/17,XR43W2504007,福建圣农发展股份有限公司,密封垫,165*268*1.5,290016,件,1,60,60.00,60,张孝闽,
2025/4/17,XR43W2504007,福建圣农发展股份有限公司,标准型弹簧垫圈,10,613950,件,1,0.2,0.20,0.2,张孝闽,
2025/4/17,XR43W2504007,福建圣农发展股份有限公司,内六角圆柱头螺钉,M8*25,611220,件,4,1,4.00,4,张孝闽,
2025/4/17,XR43W2504007,福建圣农发展股份有限公司,油管盖板,,210283,个,1,155,155.00,155,张孝闽,
2025/4/17,XR43W2504007,福建圣农发展股份有限公司,内六角圆柱头螺钉,M16*30,615117,件,4,4,16.00,16,张孝闽,
2025/4/17,XR43W2504007,福建圣农发展股份有限公司,方形接头盖,φ18x99x99,210288,个,1,235,235.00,235,张孝闽,
2025/4/17,XR43W2504007,福建圣农发展股份有限公司,内六角圆柱头螺钉,M16*30,615117,件,4,4,16.00,16,张孝闽,
2025/4/17,XR43W2504007,福建圣农发展股份有限公司,经济器盖板,,210286,个,1,173,173.00,173,张孝闽,
2025/4/17,XR43W2504007,福建圣农发展股份有限公司,内六角圆柱头螺钉,M24*45,615116,件,8,28,224.00,224,张孝闽,
2025/4/17,XR43W2504007,福建圣农发展股份有限公司,进气端法兰盖 DN125,DN125,210272,件,1,500,500.00,500,张孝闽,
2025/4/17,XR43W2504007,福建圣农发展股份有限公司,全金属六角法兰面锁紧螺母,M10,613250,件,6,2,12.00,12,张孝闽,
2025/4/17,XR43W2504007,福建圣农发展股份有限公司,标准型弹簧垫圈,10,613950,件,6,0.2,1.20,1.2,张孝闽,
2025/4/17,XR43W2504007,福建圣农发展股份有限公司,M转子,,210139,个,1,10000,"10,000.00",10000,张孝闽,
2025/4/17,XR43W2504007,福建圣农发展股份有限公司,F 转子,,210140,个,1,10000,"10,000.00",10000,张孝闽,
2025/4/17,XR43W2504007,福建圣农发展股份有限公司,M转子(1612LS-16),Dm=162   CD=130.25   L/D=1.85,210137,个,1,13500,"13,500.00",13500,张孝闽,
2025/4/17,XR43W2504007,福建圣农发展股份有限公司,F 转子,,210138,个,1,12600,"12,600.00",12600,张孝闽,
2025/4/17,XR43W2504007,福建圣农发展股份有限公司,齿式联轴器,"45/45,Tkn=930Nm",615144,个,1,4500,"4,500.00",4500,张孝闽,
2025/4/17,XR43W2504007,福建圣农发展股份有限公司,接线板 (氟用),,210214,个,1,1253,"1,253.00",1253,张孝闽,
2025/4/17,XR43W2504007,福建圣农发展股份有限公司,异步定频电机(氟用),"115Kw,380V/3P/50Hz",680538,台,1,16000,"16,000.00",16000,张孝闽,
2025/4/17,XR43W2504007,福建圣农发展股份有限公司,密封垫,141*175*1.5,290014,个,2,23,46.00,46,张孝闽,
2025/4/17,XR43W2504007,福建圣农发展股份有限公司,密封垫,43*65*1.5,290023,个,2,4,8.00,8,张孝闽,
2025/4/17,XR43W2504007,福建圣农发展股份有限公司,密封垫,77*109*1.5,290013,件,2,10,20.00,20,张孝闽,
2025/4/17,XR43W2504007,福建圣农发展股份有限公司,双三角密封环,PDD301100,692149,个,1,1046,"1,046.00",1046,张孝闽,
2025/4/17,XR43W2504007,福建圣农发展股份有限公司,电磁阀座垫片,,592731,件,4,5.6,22.40,22.4,张孝闽,
2025/4/17,XR43W2504007,福建圣农发展股份有限公司,内六角平端紧定螺钉,M8*8,615059,个,2,0.6,1.20,1.2,张孝闽,
2025/4/17,XR43W2504007,福建圣农发展股份有限公司,角接触球轴承,7311 BECBM 55*120*29,615001,个,5,730,"3,650.00",3650,张孝闽,
2025/4/17,XR43W2504007,福建圣农发展股份有限公司,角接触球轴承,7308 BECBM 40*90*23,615094,个,6,478,"2,868.00",2868,张孝闽,
2025/4/17,XR43W2504007,福建圣农发展股份有限公司,圆柱滚子轴承,NU2308 ECML 40*90*33,615093,个,2,1283,"2,566.00",2566,张孝闽,
2025/4/17,XR43W2504007,福建圣农发展股份有限公司,圆柱滚子轴承,NU2209 ECPH 45*85*23,615142,个,2,623,"1,246.00",1246,张孝闽,
2025/4/17,XR43W2504007,福建圣农发展股份有限公司,圆柱滚子轴承,NU2210 ECPH 50*90*23,615134,个,1,478,478.00,478,张孝闽,
2025/4/17,XR43W2504007,福建圣农发展股份有限公司,圆柱滚子轴承,NU2311 ECML 55*120*43,615000,个,2,1858,"3,716.00",3716,张孝闽,
2025/4/17,XR43W2504007,福建圣农发展股份有限公司,圆柱滚子轴承,NU214 ECML 70*125*24,615139,个,1,1370,"1,370.00",1370,张孝闽,
2025/4/17,XR43W2504007,福建圣农发展股份有限公司,O形圈,419.3*5.7,692035,个,2,193,386.00,386,张孝闽,
2025/4/17,XR43W2504007,福建圣农发展股份有限公司,O形圈,21.89*2.62,692227,个,1,10,10.00,10,张孝闽,
2025/4/17,XR43W2504007,福建圣农发展股份有限公司,O形圈,254.3*5.7,692440,件,1,68,68.00,68,张孝闽,
2025/4/17,XR43W2504007,福建圣农发展股份有限公司,O形圈,56*2,692077,个,4,16,64.00,64,张孝闽,
2025/4/17,XR43W2504007,福建圣农发展股份有限公司,O形圈,284.3*5.7,692446,件,1,68,68.00,68,张孝闽,
2025/4/17,XR43W2504007,福建圣农发展股份有限公司,O形圈,11.5*1.5,692005,个,1,3,3.00,3,张孝闽,
2025/4/17,XR43W2504007,福建圣农发展股份有限公司,O形圈,249.3*5.7,692122,件,1,100,100.00,100,张孝闽,
2025/4/17,XR43W2504007,福建圣农发展股份有限公司,O形圈,17.5*1.5,692231,件,2,8,16.00,16,张孝闽,
2025/4/17,XR43W2504007,福建圣农发展股份有限公司,O形圈,97.79*5.33,692228,件,1,43,43.00,43,张孝闽,
2025/4/17,XR43W2504007,福建圣农发展股份有限公司,O形圈,35*3,692010,个,1,16,16.00,16,张孝闽,
2025/4/17,XR43W2504007,福建圣农发展股份有限公司,O形圈,359.3*5.7,692223,个,1,186,186.00,186,张孝闽,
2025/4/17,XR43W2504007,福建圣农发展股份有限公司,O形圈,439.3*5.7,692225,个,1,228,228.00,228,张孝闽,
2025/4/17,XR43W2504007,福建圣农发展股份有限公司,O形圈,79.5*2,692055,个,4,6.6,26.40,26.4,张孝闽,
2025/4/17,XR43W2504007,福建圣农发展股份有限公司,O形圈,339.3*5.7,692002,个,2,186,372.00,372,张孝闽,
2025/4/17,XR43W2504007,福建圣农发展股份有限公司,O形圈,13*1.5,692126,件,5,32,160.00,160,张孝闽,
2025/4/17,XR43W2504007,福建圣农发展股份有限公司,O形圈,29.4*3.1,692230,件,4,6.33,25.32,25.32,张孝闽,
2025/4/17,XR43W2504007,福建圣农发展股份有限公司,O形圈,49.4*3.1,692229,件,6,26,156.00,156,张孝闽,
2025/4/17,XR43W2504007,福建圣农发展股份有限公司,O形圈,199.3*5.7,692082,件,1,80,80.00,80,张孝闽,
2025/4/17,XR43W2504007,福建圣农发展股份有限公司,O形圈,354.3*5.7,692442,件,1,68,68.00,68,张孝闽,
2025/4/21,XR43W2504008,福建圣农食品有限公司,油泵,YB64F,AB0813802410,台,2,23500,"47,000.00",47000,张孝闽,
2025/4/25,XR43W2504009,圣农发展（政和）有限公司,温度传感器,AKS11,01200001,件,1,850,850.00,850,张孝闽,
2025/4/25,XR43W2504009,圣农发展（政和）有限公司,电缆线,RVVP3×0.75(棕+黑+灰),03240853,米,300,5,"1,500.00",1500,张孝闽,
2025/4/25,XR43W2504009,圣农发展（政和）有限公司,探头（深圳）,MIC-300-NH3,10990231,台,2,3290,"6,580.00",6580,张孝闽,
2025/4/25,XR43W2504009,圣农发展（政和）有限公司,模拟量输入模块,6ES7 288-3AE04-0AA0,03010273,件,1,800,800.00,800,张孝闽,
2025/4/25,XR43W2504009,圣农发展（政和）有限公司,磁浮子液位计,BFY03-F;4;1;Y;1800;1.15;0;35;4.0;B,01340565,件,1,8500,"8,500.00",8500,张孝闽,
2025/4/25,XR43W2504009,圣农发展（政和）有限公司,可编程控制器,6ES7 288-1SR20-0AA1(旧型号6ES7 288-1SR20-0AA0),03010263,件,1,1600,"1,600.00",1600,张孝闽,
2025/4/25,XR43W2504009,圣农发展（政和）有限公司,截止阀,RVT4-MPT1/4-FPT1/4,01260053,件,1,150,150.00,150,张孝闽,
2025/4/25,XR43W2504009,圣农发展（政和）有限公司,平口单螺口管箍,CF415-3000-NPT1/4×60-20 THD-HCP,06220111,件,1,283,283.00,283,张孝闽,
2025/4/25,XR43W2504009,圣农发展（政和）有限公司,温度传感器,AKS11,01200001,件,1,850,850.00,850,张孝闽,
2025/4/25,XR43W2504009,圣农发展（政和）有限公司,电缆线,RVVP3×0.75(棕+黑+灰),03240853,米,300,5,"1,500.00",1500,张孝闽,
2025/4/25,XR43W2504009,圣农发展（政和）有限公司,联想一体机,【酷2488】23.8英寸/黑色/N5095/8G/256G SSD/集显/无线键鼠套装,0119032547,台,1,6000,"6,000.00",6000,张孝闽,
2025/4/25,XR43W2504009,圣农发展（政和）有限公司,空电箱,P-B6B7A25-C7_n1.0,03302666,件,1,300,300.00,300,张孝闽,
2025/4/25,XR43W2504009,圣农发展（政和）有限公司,探头（深圳）,MIC-300-NH3,10990231,台,2,3290,"6,580.00",6580,张孝闽,
2025/4/25,XR43W2504009,圣农发展（政和）有限公司,模拟量输入模块,6ES7 288-3AE04-0AA0,03010273,件,1,800,800.00,800,张孝闽,
2025/4/25,XR43W2504009,圣农发展（政和）有限公司,磁浮子液位计,BFY03-F;4;1;Y;1800;1.15;0;35;4.0;B,01340565,件,1,8500,"8,500.00",8500,张孝闽,
2025/4/25,XR43W2504009,圣农发展（政和）有限公司,可编程控制器,6ES7 288-1SR20-0AA1(旧型号6ES7 288-1SR20-0AA0),03010263,件,1,1600,"1,600.00",1600,张孝闽,
2025/4/25,XR43W2504009,圣农发展（政和）有限公司,截止阀,RVT4-MPT1/4-FPT1/4,01260053,件,1,150,150.00,150,张孝闽,
2025/4/25,XR43W2504009,圣农发展（政和）有限公司,平口单螺口管箍,CF415-3000-NPT1/4×60-20 THD-HCP,06220111,件,1,283,283.00,283,张孝闽,
2025/4/25,XR43M2504029,江西圣农食品有限公司,丁晴橡胶管,140×180×8,05990289,件,1,330,330.00,330,张孝闽,
2025/4/25,XR43M2504031,圣农发展（政和）有限公司,电加热管,DL-260,0119031336,米,34,50,"1,700.00",1700,张孝闽,
2025/4/25,XR43M2504031,圣农发展（政和）有限公司,电加热管,DL-260,0119031336,米,47,50,"2,350.00",2350,张孝闽,
2025/4/28,XR43M2504032,福建圣农发展股份有限公司,油过滤器滤芯,10μm（新乡原隆），详见图纸,700360MP,件,4,3097.65,"12,390.60",12390.6,张孝闽,
2025/4/29,XR43M2504030,福建圣农食品有限公司,主轴承 200，2016低段用，2520高段用(MYCOM配件),CS0279-200,01020699,个,2,4215,"8,430.00",8430,张孝闽,
2025/4/29,XR43M2504030,福建圣农食品有限公司,平衡活塞 2520机型用(MYCOM配件),CS03300-2520C,01020708,个,1,1133,"1,133.00",1133,张孝闽,
2025/4/29,XR43M2504030,福建圣农食品有限公司,平衡活塞套 2520机型用(MYCOM配件),CS03000-2520C,01020709,个,1,1950,"1,950.00",1950,张孝闽,
2025/4/29,XR43M2504030,福建圣农食品有限公司,角接触球轴承,7317 BECBM 85*180*41,615281,个,2,11552,"23,104.00",23104,张孝闽,
2025/4/29,XR43M2504030,福建圣农食品有限公司,止推调整垫片 200SL 0．05,CS70100-20005,0119031515,件,2,77.5,155.00,155,张孝闽,
2025/4/29,XR43M2504030,福建圣农食品有限公司,主轴承 250，2520低段用 (MYCOM配件),CS0279-250,01020697,个,2,7730,"15,460.00",15460,张孝闽,
2025/4/29,XR43M2504030,福建圣农食品有限公司,侧轴承 250，2520低段用(MYCOM配件),CS0289-250,01020698,个,2,5446,"10,892.00",10892,张孝闽,
2025/4/29,XR43M2504030,福建圣农食品有限公司,角接触轴承,7313 BECBP,615673,件,2,6272,"12,544.00",12544,张孝闽,
2025/4/29,XR43M2504030,福建圣农食品有限公司,侧轴承 200，2016低段用，2520高段用 (MYCOM配件),CS0289-200,01020700,个,2,3577,"7,154.00",7154,张孝闽,
2025/5/7,XR43W2504006,福建圣农发展（浦城）有限公司,乙二醇冷风机,GDS50.2-H6,3022034668,件,15,16800,"252,000.00",252000,张孝闽,
2025/5/7,XR43W2504006,福建圣农发展（浦城）有限公司,外购辅材,,666666666,Pcs,1,68120,"68,120.00",68120,张孝闽,
2025/5/7,XR43W2504006,福建圣农发展（浦城）有限公司,冷库,Cold  storage,80190292,套,1,18500,"18,500.00",18500,张孝闽,
2025/5/7,XR43W2504006,福建圣农发展（浦城）有限公司,乙二醇冷风机,GDS50.3-H6,3022034669,件,2,21940,"43,880.00",43880,张孝闽,
2025/5/8,XR43M2505033,福建圣农食品有限公司,油过滤器滤芯,XRI2-570AN,01160080,件,3,800,"2,400.00",2400,张孝闽,
2025/5/8,XR43M2505033,福建圣农食品有限公司,油过滤器滤芯,XRI2-830AN,01160081,件,3,800,"2,400.00",2400,张孝闽,
2025/5/12,XR43M2505034,福建圣农食品有限公司,制冷剂,"R22(大瓶800KG/瓶,小瓶22.7KG/瓶)",14020053,千克,227,43.17180617,"9,800.00",9800,张孝闽,
2025/5/15,XR43M2505035,圣农发展（政和）有限公司,制冷剂,R507A,14020081,千克,100,56,"5,600.00",5600,张孝闽,
2025/5/19,XR43M2505036,福建圣农发展股份有限公司,触摸屏,DOP-B07S211,0119032570,套,1,6800,"6,800.00",6800,张孝闽,
2025/5/20,XR43M2505038,福建圣农发展（浦城）有限公司,扫冰板2,730×90×100,3001150107,个,2,4500,"9,000.00",9000,张孝闽,
2025/5/20,XR43M2505037,福建圣农食品有限公司,轴封,LY-0126077,600502EB,件,1,27000,"27,000.00",27000,张孝闽,
2025/5/23,XR43M2505039,江西圣农食品有限公司,冰柜把手,FT-1178,02220010,个,2,300,600.00,600,张孝闽,
2025/5/28,XR43M2505040,福建圣农食品有限公司,油过滤器滤芯,XRI2-570AN,01160080,件,5,800,"4,000.00",4000,张孝闽,
2025/5/28,XR43M2505041,福建圣农食品有限公司,制冷剂,"R22(大瓶800KG/瓶,小瓶22.7KG/瓶)",14020053,千克,45.4,43.17180617,"1,960.00",1960,张孝闽,
2025/5/30,XR43W2505010,福建圣农食品有限公司,经济器,ERGC245(2400),3020550860,个,2,12000,"24,000.00",24000,张孝闽,
2025/5/30,XR43W2505010,福建圣农食品有限公司,经济器,ERGC168.3(2000),3020550857,个,1,6000,"6,000.00",6000,张孝闽,
2025/5/30,XR43W2505010,福建圣农食品有限公司,经济器,ERGC219(2400),3020550859,个,2,11000,"22,000.00",22000,张孝闽,
2025/5/30,XR43W2505010,福建圣农食品有限公司,经济器,ERGC219(2000),3020550858,个,1,10000,"10,000.00",10000,张孝闽,
2025/5/30,XR43W2505011,福建圣农发展股份有限公司,蒸发式冷凝器,SECE2700D(标配）,3022011932,件,1,190000,"190,000.00",190000,张孝闽,
2025/5/30,XR43W2505011,福建圣农发展股份有限公司,蒸发式冷凝器,SECE2700(标配）,3022011589,件,1,190000,"190,000.00",190000,张孝闽,
2025/6/4,XR43W2505012,福建圣农食品有限公司,组合式储冰库,2100×1800×1900,3001080814,套,1,20000,"20,000.00",20000,张孝闽,
2025/6/4,XR43W2505012,福建圣农食品有限公司,高性能极压工业齿轮油（美孚）,GEAR 600  XP320 208L/桶,14040007,升,5,50,250.00,250,张孝闽,
2025/6/4,XR43W2505012,福建圣农食品有限公司,SRMTEC冷冻油,S008 5L/桶,971148,升,30,50,"1,500.00",1500,张孝闽,
2025/6/4,XR43W2505012,福建圣农食品有限公司,干燥滤芯,48-DC,01160036,件,3,80,240.00,240,张孝闽,
2025/6/4,XR43W2505012,福建圣农食品有限公司,油过滤器,HCYF 53,01150036,件,2,280,560.00,560,张孝闽,
2025/6/4,XR43W2505012,福建圣农食品有限公司,吸气滤芯,FRE-48W,01160025,件,2,135,270.00,270,张孝闽,
2025/6/4,XR43W2505012,福建圣农食品有限公司,轴用弹性挡圈,∮19,02100030,件,2,0,0.00,,张孝闽,
2025/6/4,XR43W2505012,福建圣农食品有限公司,油封,FB030052(30×52×10),07010069,件,2,0,0.00,,张孝闽,
2025/6/4,XR43W2505012,福建圣农食品有限公司,下轴销(S),F16S(2018V1.0),3516030012,件,1,0,0.00,,张孝闽,
2025/6/4,XR43W2505012,福建圣农食品有限公司,上轴销(S),F16S(2018V1.0),3516030011,件,1,800,800.00,800,张孝闽,
2025/6/4,XR43W2505012,福建圣农食品有限公司,调心滚子轴承,21304S,02090536,件,2,0,0.00,,张孝闽,
2025/6/4,XR43W2505012,福建圣农食品有限公司,制冷剂,R507A,14020081,千克,30,68,"2,040.00",2040,张孝闽,
2025/6/4,XR43W2505012,福建圣农食品有限公司,电缆线(太阳)-耗存,ZCYZ3×2.5（棕黑灰）+1×1.5（黄绿）3+PE,03240948,米,100,12,"1,200.00",1200,张孝闽,
2025/6/4,XR43W2505012,福建圣农食品有限公司,阀门,φ50,05050009,件,2,50,100.00,100,张孝闽,
2025/6/4,XR43W2505012,福建圣农食品有限公司,直接,φ50,05080009,件,8,5,40.00,40,张孝闽,
2025/6/4,XR43W2505012,福建圣农食品有限公司,外牙直接,φ50,05060010,件,4,10,40.00,40,张孝闽,
2025/6/4,XR43W2505012,福建圣农食品有限公司,弯头,φ50,05090014,件,10,5,50.00,50,张孝闽,
2025/6/4,XR43W2505012,福建圣农食品有限公司,管材,PN1.25 φ50×3.0 4m,05040012,条,8,70,560.00,560,张孝闽,
2025/6/4,XR43W2505012,福建圣农食品有限公司,等边角钢,∠30×3,08080002,千克,41.18999997,32.7749454,"1,350.00",1350,张孝闽,
2025/6/4,XR43W2505012,福建圣农食品有限公司,不锈钢板,δ1.2×1220×2440,08100409,千克,285.4424358,36.785,"10,500.00",10500,张孝闽,
2025/6/4,XR43M2506042,福建圣农发展股份有限公司,轴封,LY-0126077,600502EB,件,1,27000,"27,000.00",27000,张孝闽,
2025/6/5,XR43M2506043,福建圣农食品有限公司,轴用弹性挡圈,∮19,02100030,件,2,0,0.00,,张孝闽,
2025/6/5,XR43M2506043,福建圣农食品有限公司,油封,FB030052(30×52×10),07010069,件,2,15,30.00,30,张孝闽,
2025/6/5,XR43M2506043,福建圣农食品有限公司,下轴销(S),F16S(2018V1.0),3516030012,件,1,145,145.00,145,张孝闽,
2025/6/5,XR43M2506043,福建圣农食品有限公司,上轴销(S),F16S(2018V1.0),3516030011,件,1,145,145.00,145,张孝闽,
2025/6/5,XR43M2506043,福建圣农食品有限公司,调心滚子轴承,21304S,02090536,件,2,290,580.00,580,张孝闽,
2025/6/6,XR43W2506013,福建圣农发展（浦城）有限公司,无缝管,φ32×3,08040039,千克,398.0830039,9.696470238,"3,860.00",3860,张孝闽,
2025/6/6,XR43W2506013,福建圣农发展（浦城）有限公司,截止阀,RVY32-D-handwheel,01270052,件,26,350,"9,100.00",9100,张孝闽,
2025/6/6,XR43W2506013,福建圣农发展（浦城）有限公司,无缝管,φ38×3,08040053,千克,67.31399951,10.04248752,676.00,676,张孝闽,
2025/6/6,XR43W2506013,福建圣农发展（浦城）有限公司,截止阀,"RVY10 NPT1/4外,NPT3/8外",01270915,件,26,100,"2,600.00",2600,张孝闽,
2025/6/6,XR43W2506013,福建圣农发展（浦城）有限公司,聚氨酯保温弯头,Φ32W,0119032419,个,22,80,"1,760.00",1760,张孝闽,
2025/6/6,XR43W2506013,福建圣农发展（浦城）有限公司,聚氨酯保温管壳,Φ38L,0119032418,米,67,80,"5,360.00",5360,张孝闽,
2025/6/6,XR43W2506013,福建圣农发展（浦城）有限公司,截止阀,RVY20-D-handwheel,01270050,件,41,200,"8,200.00",8200,张孝闽,
2025/6/6,XR43W2506013,福建圣农发展（浦城）有限公司,截止阀,RVY25-D-handwheel,01270170,件,4,260,"1,040.00",1040,张孝闽,
2025/6/10,XR43M2506046,山东凯新制冷工程有限公司,SRMTEC冷冻油,S019 208L/桶,600677,升,624,35,"21,840.00",21840,张孝闽,
2025/6/10,XR43M2506044,圣农食品（政和）有限公司,SRMTEC冷冻油,S019 208L/桶,600677,升,832,45,"37,440.00",37440,张孝闽,
2025/6/18,XR43M2506047,福建圣农食品有限公司,盐水泵,ES-B11VC-230N1,02030032,件,1,2300,"2,300.00",2300,张孝闽,
2025/6/18,XR43M2506048,江西圣农食品有限公司,SRMTEC冷冻油,S008 5L/桶,971148,升,5,50,250.00,250,张孝闽,
2025/6/19,XR43W2506016,福建圣农发展股份有限公司,压缩机组,SAA2016LS-HALA,3200002026,台,1,320000,"320,000.00",320000,张孝闽,
2025/6/19,XR43W2506017,福建圣农食品有限公司,压缩机组,SAA2016SS-HALA,3200002027,台,2,215000,"430,000.00",430000,张孝闽,
2025/6/20,XR43W2506018,福建圣农食品有限公司,压缩机组,SAA2016LL-HALA,3200002036,台,2,234000,"468,000.00",468000,张孝闽,
2025/6/20,XR43W2506018,福建圣农食品有限公司,压缩机组,SAA20L-HALA,3200002037,台,1,193500,"193,500.00",193500,张孝闽,
2025/6/20,XR43W2506018,福建圣农食品有限公司,压缩机组,SAA16L-HALA,3200002038,台,1,168500,"168,500.00",168500,张孝闽,
2025/6/20,XR43W2506019,福建圣农发展（浦城）有限公司,包装箱托盘,(796*455*588),588092,个,1,100,100.00,100,张孝闽,
2025/6/20,XR43W2506019,福建圣农发展（浦城）有限公司,包装箱箱体(装订式),(796*455*588),588091,个,1,150,150.00,150,张孝闽,
2025/6/20,XR43W2506019,福建圣农发展（浦城）有限公司,SRMTEC冷冻油,S009 200L/桶,973145,升,3,50,150.00,150,张孝闽,
2025/6/20,XR43W2506019,福建圣农发展（浦城）有限公司,六角头螺栓（全牙）,M6*16,611170,件,4,1,4.00,4,张孝闽,
2025/6/20,XR43W2506019,福建圣农发展（浦城）有限公司,带针直接头,NPT1/8"-1/4"SAE,500263,件,2,18,36.00,36,张孝闽,
2025/6/20,XR43W2506019,福建圣农发展（浦城）有限公司,油视镜,4孔,505088,件,1,80,80.00,80,张孝闽,
2025/6/20,XR43W2506019,福建圣农发展（浦城）有限公司,止推轴承套,P4系列,304060,套,1,180,180.00,180,张孝闽,
2025/6/20,XR43W2506019,福建圣农发展（浦城）有限公司,垫片组件,,305161,套,1,350,350.00,350,张孝闽,
2025/6/20,XR43W2506019,福建圣农发展（浦城）有限公司,曲轴,φ45*42,534232,个,1,1600,"1,600.00",1600,张孝闽,
2025/6/20,XR43W2506019,福建圣农发展（浦城）有限公司,电机组件,15Hp 400/3/50-460/3/60 PW D=222.9,583271,台,1,3500,"3,500.00",3500,张孝闽,
2025/6/20,XR43W2506019,福建圣农发展（浦城）有限公司,活塞机连杆,L=90,520673,个,4,70,280.00,280,张孝闽,
2025/6/20,XR43W2506019,福建圣农发展（浦城）有限公司,制冷剂,R507A,14020081,千克,100,58,"5,800.00",5800,张孝闽,
2025/6/20,XR43W2506019,福建圣农发展（浦城）有限公司,吸气滤芯,FRE-48,01160001,件,2,200,400.00,400,张孝闽,
2025/6/20,XR43W2506019,福建圣农发展（浦城）有限公司,干燥滤芯,48-DC,01160036,件,3,150,450.00,450,张孝闽,
2025/6/20,XR43W2506019,福建圣农发展（浦城）有限公司,油过滤器,HCYF 53,01150036,件,2,210,420.00,420,张孝闽,
2025/6/20,XR43W2506019,福建圣农发展（浦城）有限公司,SRMTEC冷冻油,S009  5L/桶,970035,升,30,50,"1,500.00",1500,张孝闽,
2025/6/25,XR43W2506020,福建圣农食品（浦城）有限公司,食品预冷一体机,BGM3027AS02,3027010607,台,2,30000,"60,000.00",60000,张孝闽,
2025/7/2,XR43M2507049,福建圣农食品有限公司,主轴承 200，2016低段用，2520高段用(MYCOM配件),CS0279-200,01020699,个,4,4215,"16,860.00",16860,张孝闽,
2025/7/2,XR43M2507049,福建圣农食品有限公司,平衡活塞 200S／LDH,CS03000-200H,0119031519,件,2,1133,"2,266.00",2266,张孝闽,
2025/7/2,XR43M2507049,福建圣农食品有限公司,平衡活塞套 200S／LDH,CS03300-200H,0119031505,件,2,1950,"3,900.00",3900,张孝闽,
2025/7/2,XR43M2507049,福建圣农食品有限公司,角接触轴承,7313 BECBP,615673,件,8,3136,"25,088.00",25088,张孝闽,
2025/7/2,XR43M2507049,福建圣农食品有限公司,特氟龙环200，2520机型通用(MYCOM配件),CS06600-200,01020726,个,2,425,850.00,850,张孝闽,
2025/7/2,XR43M2507049,福建圣农食品有限公司,侧轴承 200，2016低段用，2520高段用 (MYCOM配件),CS0289-200,01020700,个,4,3577,"14,308.00",14308,张孝闽,
2025/7/14,XR43M2507050,福建圣农食品有限公司,制冷剂,"R22(大瓶800KG/瓶,小瓶22.7KG/瓶)",14020053,千克,454,44.05286344,"20,000.00",20000,张孝闽,
2025/7/16,XR43M2507052,福建圣农发展股份有限公司,油冷却器,ROCAC273(3000),3020510346,个,1,0,0.00,0,张孝闽,
2025/7/18,XR43W2507021,福建圣农食品有限公司,冰库门,1770×840×75,3534000128,个,1,3000,"3,000.00",3000,张孝闽,
2025/7/18,XR43W2507021,福建圣农食品有限公司,冷却塔,LBCM-20,01420006,件,1,8500,"8,500.00",8500,张孝闽,
2025/7/22,XR43W2507022,福建圣农发展（浦城）有限公司,冷库智慧温控系统,ELC-CS-ITCS,80190304,套,1,50000,"50,000.00",50000,张孝闽,
2025/7/22,XR43W2507022,福建圣农发展（浦城）有限公司,安装辅材,,05FW0014,Pcs,1,113000,"113,000.00",113000,张孝闽,
2025/7/22,XR43M2507053,福建圣农食品有限公司,联轴器,TL4-Y28×60/Y20×40,02080007,个,3,1153,"3,459.00",3459,张孝闽,
2025/7/22,XR43M2507054,江西圣农食品有限公司,制冷剂,"R22(大瓶800KG/瓶,小瓶22.7KG/瓶)",14020053,千克,68.1,44.05286344,"3,000.00",3000,张孝闽,
2025/7/22,XR43M2507056,福建圣农食品有限公司,角接触轴承,7313 BECBP,615673,件,4,3136,"12,544.00",12544,张孝闽,
2025/7/22,XR43M2507056,福建圣农食品有限公司,平衡活塞套 200S／LDH,CS03300-200H,0119031505,件,1,1133,"1,133.00",1133,张孝闽,
2025/7/22,XR43M2507056,福建圣农食品有限公司,平衡活塞 200S／LDH,CS03000-200H,0119031519,件,1,1950,"1,950.00",1950,张孝闽,
2025/7/22,XR43M2507056,福建圣农食品有限公司,角接触球轴承,7317 BECBM 85*180*41,615281,个,4,5776,"23,104.00",23104,张孝闽,
2025/7/23,XR43M2507055,圣农食品（政和）有限公司,油过滤器,HCYF 53,01150036,件,1,312,312.00,312,张孝闽,
2025/7/23,XR43M2507055,圣农食品（政和）有限公司,油过滤器,FOK-04,01150614,件,2,300,600.00,600,张孝闽,
2025/7/23,XR43M2507055,圣农食品（政和）有限公司,油过滤器滤芯,XRI2-570AN,01160080,件,1,800,800.00,800,张孝闽,
2025/7/25,XR43M2507052,福建圣农发展股份有限公司,油冷却器,ROCAC273(3000),3020510346,个,1,29000,"29,000.00",29000,张孝闽,
2025/7/29,XR43M2507057,圣农食品（政和）有限公司,双组份丙烯酸聚氨酯面漆,20升/桶(100％亮光雪人蓝),14010013,千克,40,138,"5,520.00",5520,张孝闽,
2025/7/31,XR43M2507062,福建圣农食品（浦城）有限公司,制冷剂,R507A,14020081,千克,200,56,"11,200.00",11200,张孝闽,
2025/7/31,XR43M2507063,福建圣农食品有限公司,库板漆,SN-BH， 白灰/牙白,0114010018,升,5,120,600.00,600,张孝闽,
2025/7/31,XR43M2507064,福建圣农食品（浦城）有限公司,容量位移传感器,205,680505,个,2,5000,"10,000.00",10000,张孝闽,
2025/7/31,XR43M2507064,福建圣农食品（浦城）有限公司,可编程控制器,TM218LDA40DRN,03010202,件,1,4300,"4,300.00",4300,张孝闽,
2025/7/31,XR43M2507059,福建圣农发展股份有限公司,油冷却器,ROCAC273(3000),3020510346,个,1,29000,"29,000.00",29000,张孝闽,
2025/7/31,XR43M2507059,福建圣农发展股份有限公司,油冷却器,ROCGC377(3000),3020550326,个,1,30000,"30,000.00",30000,张孝闽,
2025/7/31,XR43M2507060,福建圣农发展股份有限公司,制冷剂,R507A,14020081,千克,300,55,"16,500.00",16500,张孝闽,
2025/7/31,XR43M2507061,福建圣农发展（浦城）有限公司,制冷剂,R507A,14020081,千克,300,55,"16,500.00",16500,张孝闽,
2025/7/31,XR43M2507051,福建圣农发展（浦城）有限公司,模拟量扩展模块,TM3AI4,03010286,件,6,1160,"6,960.00",6960,张孝闽,
2025/7/31,XR43M2507051,福建圣农发展（浦城）有限公司,半封闭活塞压缩机,SP4HN150E,B20601501100,台,1,14600,"14,600.00",14600,张孝闽,
2025/7/31,XR43M2507051,福建圣农发展（浦城）有限公司,SRMTEC冷冻油,S009  5L/桶,970035,升,30,75,"2,250.00",2250,张孝闽,
2025/7/31,XR43M2507051,福建圣农发展（浦城）有限公司,油过滤器,HCYF 53,01150036,件,2,250,500.00,500,张孝闽,
2025/7/31,XR43M2507051,福建圣农发展（浦城）有限公司,可编程控制器,TM241C40R,03010290,件,2,3700,"7,400.00",7400,张孝闽,
2025/8/4,XR43M2508065,福建圣农发展（浦城）有限公司,油分滤芯,XRCFET-650/810,01160013,件,4,2100,"8,400.00",8400,张孝闽,
2025/8/5,XR43M2507058,福建圣农食品有限公司,联轴器,上海海能传动GR38A-28/25,600767,件,3,800,"2,400.00",2400,张孝闽,
2025/8/5,XR43M2507058,福建圣农食品有限公司,干燥滤芯,48-DC,01160036,件,4,100,400.00,400,张孝闽,
2025/8/5,XR43M2507058,福建圣农食品有限公司,平垫圈,10.5,06120110,件,4,0,0.00,,张孝闽,
2025/8/5,XR43M2507058,福建圣农食品有限公司,弹簧垫圈,10,06130059,件,4,0,0.00,,张孝闽,
2025/8/5,XR43M2507058,福建圣农食品有限公司,小垫圈,10,06120111,件,4,0,0.00,,张孝闽,
2025/8/5,XR43M2507058,福建圣农食品有限公司,六角头螺栓,M10×30,06030505,件,4,0,0.00,,张孝闽,
2025/8/5,XR43M2507058,福建圣农食品有限公司,六角螺母,M10,06140139,件,12,0,0.00,,张孝闽,
2025/8/5,XR43M2507058,福建圣农食品有限公司,风扇连接螺栓,M10*105,518995,个,4,0,0.00,,张孝闽,
2025/8/5,XR43M2507058,福建圣农食品有限公司,风扇支撑架,股份：3009111061,518993,个,2,150,300.00,300,张孝闽,
2025/8/5,XR43M2507058,福建圣农食品有限公司,吸气滤芯,FRE-48W,01160025,件,4,150,600.00,600,张孝闽,
2025/8/5,XR43M2507058,福建圣农食品有限公司,轴流风机,YSWF68L35P4-360GP-300 S,01110178,件,1,1200,"1,200.00",1200,张孝闽,
2025/8/5,XR43M2508066,江西圣农食品有限公司,容量位移传感器,SN-LDS-280-Cap-R(275),680507,个,1,6000,"6,000.00",6000,张孝闽,
2025/8/5,XR43M2508066,江西圣农食品有限公司,油过滤器滤芯,XRI2-570AN,01160080,件,3,800,"2,400.00",2400,张孝闽,
2025/8/11,XR43W2508023,圣农食品（政和）有限公司,止回阀,NRVH 35s 直角 1-5/8,01290029,件,1,1500,"1,500.00",1500,张孝闽,
2025/8/11,XR43W2508023,圣农食品（政和）有限公司,油过滤器,FOK-04; ,01150614,件,1,1000,"1,000.00",1000,张孝闽,
2025/8/11,XR43W2508023,圣农食品（政和）有限公司,吸气滤芯,FRE-48W,01160025,件,3,150,450.00,450,张孝闽,
2025/8/11,XR43W2508023,圣农食品（政和）有限公司,干燥滤芯,FJ-100A,01160026,件,4,150,600.00,600,张孝闽,
2025/8/11,XR43W2508023,圣农食品（政和）有限公司,内径2mm热塑软管,41000100,01990424,米,1.6,100,160.00,160,张孝闽,
2025/8/11,XR43W2508023,圣农食品（政和）有限公司,90°弯接头,2003,01330283,件,2,20,40.00,40,张孝闽,
2025/8/11,XR43W2508023,圣农食品（政和）有限公司,直接头,2001,01330282,件,2,20,40.00,40,张孝闽,
2025/8/11,XR43W2508023,圣农食品（政和）有限公司,带锥螺纹阀,"CAV12 进口1/4""NPT外螺纹,出口1/4""SAE",01260020,件,2,40,80.00,80,张孝闽,
2025/8/11,XR43W2508023,圣农食品（政和）有限公司,半封闭活塞压缩机,SP6H5000,B21005001000,台,1,21760,"21,760.00",21760,张孝闽,
2025/8/11,XR43W2508023,圣农食品（政和）有限公司,包装箱托盘,(906*586*708),588094,个,1,100,100.00,100,张孝闽,
2025/8/11,XR43W2508023,圣农食品（政和）有限公司,包装箱箱体(装订式),(906*586*708),588093,个,1,200,200.00,200,张孝闽,
2025/8/11,XR43W2508023,圣农食品（政和）有限公司,直接头,1/8"NPT-1/4"SAE,500262,件,2,20,40.00,40,张孝闽,
2025/8/11,XR43W2508023,圣农食品（政和）有限公司,六角头螺栓（半牙）,M10*110,611400,个,4,5,20.00,20,张孝闽,
2025/8/11,XR43W2508023,圣农食品（政和）有限公司,密封垫片,,592620,个,1,10,10.00,10,张孝闽,
2025/8/11,XR43W2508023,圣农食品（政和）有限公司,SRMTEC冷冻油,S009 200L/桶,973145,升,4,100,400.00,400,张孝闽,
2025/8/11,XR43W2508023,圣农食品（政和）有限公司,垫片组件,,305168,套,1,400,400.00,400,张孝闽,
2025/8/11,XR43W2508023,圣农食品（政和）有限公司,衬套组,,303219,套,1,300,300.00,300,张孝闽,
2025/8/11,XR43W2508023,圣农食品（政和）有限公司,曲轴,D=45*56,533420,个,1,2700,"2,700.00",2700,张孝闽,
2025/8/11,XR43W2508023,圣农食品（政和）有限公司,活塞机连杆,L=113,502430,个,6,200,"1,200.00",1200,张孝闽,
2025/8/11,XR43W2508024,江西圣农食品有限公司,防尘圈,[22 Kg/m3]95*75*8,290001,个,1,40,40.00,40,张孝闽,
2025/8/11,XR43W2508024,江西圣农食品有限公司,锁紧螺母,YAN 55*1.5,615525,个,1,306,306.00,306,张孝闽,
2025/8/11,XR43W2508024,江西圣农食品有限公司,F 转子,,210138,个,1,16660,"16,660.00",16660,张孝闽,
2025/8/11,XR43W2508024,江西圣农食品有限公司,M转子(1612LS-16),Dm=162   CD=130.25   L/D=1.85,210137,个,1,18100,"18,100.00",18100,张孝闽,
2025/8/11,XR43W2508024,江西圣农食品有限公司,内六角圆柱头螺钉,M8*25,611220,件,12,1,12.00,12,张孝闽,
2025/8/11,XR43W2508024,江西圣农食品有限公司,油管盖板,,210283,个,3,160,480.00,480,张孝闽,
2025/8/11,XR43W2508024,江西圣农食品有限公司,内六角圆柱头螺钉,M16*30,615117,件,4,4,16.00,16,张孝闽,
2025/8/11,XR43W2508024,江西圣农食品有限公司,方形接头盖,φ18x99x99,210288,个,1,236,236.00,236,张孝闽,
2025/8/11,XR43W2508024,江西圣农食品有限公司,内六角圆柱头螺钉,M16*30,615117,件,4,4,16.00,16,张孝闽,
2025/8/11,XR43W2508024,江西圣农食品有限公司,经济器盖板,,210286,个,1,175,175.00,175,张孝闽,
2025/8/11,XR43W2508024,江西圣农食品有限公司,电磁阀底座,,760450ZSH,件,1,330,330.00,330,张孝闽,
2025/8/11,XR43W2508024,江西圣农食品有限公司,电磁阀底座(带弹性销),3W 2/2 32F6250,760450,件,1,750,750.00,750,张孝闽,
2025/8/11,XR43W2508024,江西圣农食品有限公司,60°密封管螺纹内六角螺塞 NPT3/8",,615053,个,2,113,226.00,226,张孝闽,
2025/8/11,XR43W2508024,江西圣农食品有限公司,进气轴承座,,230251,个,1,8000,"8,000.00",8000,张孝闽,
2025/8/11,XR43W2508024,江西圣农食品有限公司,密封垫,165*268*1.5,290016,件,1,80,80.00,80,张孝闽,
2025/8/11,XR43W2508024,江西圣农食品有限公司,密封垫,141*175*1.5,290014,个,2,20,40.00,40,张孝闽,
2025/8/11,XR43W2508024,江西圣农食品有限公司,密封垫,43*65*1.5,290023,个,2,4,8.00,8,张孝闽,
2025/8/11,XR43W2508024,江西圣农食品有限公司,密封垫,77*109*1.5,290013,件,2,10,20.00,20,张孝闽,
2025/8/11,XR43W2508024,江西圣农食品有限公司,双三角密封环,PDD301100,692149,个,1,1000,"1,000.00",1000,张孝闽,
2025/8/11,XR43W2508024,江西圣农食品有限公司,电磁阀座垫片,,592731,件,4,5,20.00,20,张孝闽,
2025/8/11,XR43W2508024,江西圣农食品有限公司,内六角平端紧定螺钉,M8*8,615059,个,2,1,2.00,2,张孝闽,
2025/8/11,XR43W2508024,江西圣农食品有限公司,角接触球轴承,7311 BECBM 55*120*29,615001,个,5,618,"3,090.00",3090,张孝闽,
2025/8/11,XR43W2508024,江西圣农食品有限公司,角接触球轴承,7308 BECBM 40*90*23,615094,个,6,420,"2,520.00",2520,张孝闽,
2025/8/11,XR43W2508024,江西圣农食品有限公司,圆柱滚子轴承,NU2308 ECML 40*90*33,615093,个,2,1000,"2,000.00",2000,张孝闽,
2025/8/11,XR43W2508024,江西圣农食品有限公司,圆柱滚子轴承,NU2209 ECPH 45*85*23,615142,个,2,500,"1,000.00",1000,张孝闽,
2025/8/11,XR43W2508024,江西圣农食品有限公司,圆柱滚子轴承,NU2210 ECPH 50*90*23,615134,个,1,388,388.00,388,张孝闽,
2025/8/11,XR43W2508024,江西圣农食品有限公司,圆柱滚子轴承,NU2311 ECML 55*120*43,615000,个,2,1500,"3,000.00",3000,张孝闽,
2025/8/11,XR43W2508024,江西圣农食品有限公司,圆柱滚子轴承,NU214 ECML 70*125*24,615139,个,1,1113,"1,113.00",1113,张孝闽,
2025/8/11,XR43W2508024,江西圣农食品有限公司,O形圈,21.89*2.62,692227,个,1,18,18.00,18,张孝闽,
2025/8/11,XR43W2508024,江西圣农食品有限公司,O形圈,254.3*5.7,692440,件,1,170,170.00,170,张孝闽,
2025/8/11,XR43W2508024,江西圣农食品有限公司,O形圈,56*2,692077,个,4,7,28.00,28,张孝闽,
2025/8/11,XR43W2508024,江西圣农食品有限公司,O形圈,284.3*5.7,692446,件,1,170,170.00,170,张孝闽,
2025/8/11,XR43W2508024,江西圣农食品有限公司,O形圈,11.5*1.5,692005,个,1,5,5.00,5,张孝闽,
2025/8/11,XR43W2508024,江西圣农食品有限公司,O形圈,249.3*5.7,692122,件,1,133,133.00,133,张孝闽,
2025/8/11,XR43W2508024,江西圣农食品有限公司,O形圈,17.5*1.5,692231,件,2,11,22.00,22,张孝闽,
2025/8/11,XR43W2508024,江西圣农食品有限公司,O形圈,97.79*5.33,692228,件,1,15,15.00,15,张孝闽,
2025/8/11,XR43W2508024,江西圣农食品有限公司,O形圈,35*3,692010,个,1,4,4.00,4,张孝闽,
2025/8/11,XR43W2508024,江西圣农食品有限公司,O形圈,359.3*5.7,692223,个,1,36,36.00,36,张孝闽,
2025/8/11,XR43W2508024,江西圣农食品有限公司,O形圈,439.3*5.7,692225,个,1,435,435.00,435,张孝闽,
2025/8/11,XR43W2508024,江西圣农食品有限公司,O形圈,79.5*2,692055,个,4,26,104.00,104,张孝闽,
2025/8/11,XR43W2508024,江西圣农食品有限公司,O形圈,339.3*5.7,692002,个,2,123,246.00,246,张孝闽,
2025/8/11,XR43W2508024,江西圣农食品有限公司,O形圈,13*1.5,692126,件,5,20,100.00,100,张孝闽,
2025/8/11,XR43W2508024,江西圣农食品有限公司,O形圈,29.4*3.1,692230,件,4,23,92.00,92,张孝闽,
2025/8/11,XR43W2508024,江西圣农食品有限公司,O形圈,49.4*3.1,692229,件,6,6,36.00,36,张孝闽,
2025/8/11,XR43W2508024,江西圣农食品有限公司,O形圈,199.3*5.7,692082,件,1,83,83.00,83,张孝闽,
2025/8/11,XR43W2508024,江西圣农食品有限公司,O形圈,354.3*5.7,692442,件,1,200,200.00,200,张孝闽,
2025/8/11,XR43W2508024,江西圣农食品有限公司,O形圈,129.6*5.7,692263,件,1,15,15.00,15,张孝闽,
2025/8/11,XR43W2508024,江西圣农食品有限公司,卡环垫圈,,210056,个,1,80,80.00,80,张孝闽,
2025/8/11,XR43W2508024,江西圣农食品有限公司,密封垫,300*200*1.5,290022,个,1,86,86.00,86,张孝闽,
2025/8/11,XR43W2508024,江西圣农食品有限公司,密封垫,120*80*1.5,290021,个,2,100,200.00,200,张孝闽,
2025/8/11,XR43W2508024,江西圣农食品有限公司,密封垫,43*75*1.5,290020,个,2,420,840.00,840,张孝闽,
2025/8/11,XR43W2508024,江西圣农食品有限公司,O形圈,199.3*5.7,692081,件,1,45,45.00,45,张孝闽,
2025/8/11,XR43W2508024,江西圣农食品有限公司,密封垫,169*203*1.5,290010,个,2,40,80.00,80,张孝闽,
2025/8/11,XR43W2508024,江西圣农食品有限公司,O形圈,419.3*5.7,692035,个,2,120,240.00,240,张孝闽,
2025/8/11,XR43W2508024,江西圣农食品有限公司,O形圈,399.3*5.7,692068,个,1,180,180.00,180,张孝闽,
2025/8/11,XR43W2508024,江西圣农食品有限公司,O形圈,339.3*5.7,692053,个,1,120,120.00,120,张孝闽,
2025/8/11,XR43W2508024,江西圣农食品有限公司,O形圈,319.3*5.7,692036,个,1,150,150.00,150,张孝闽,
2025/8/11,XR43W2508024,江西圣农食品有限公司,O形圈,259.3*5.7,692054,个,1,200,200.00,200,张孝闽,
2025/8/11,XR43W2508024,江西圣农食品有限公司,O形圈,184.3*3.1,692066,个,4,29,116.00,116,张孝闽,
2025/8/11,XR43W2508024,江西圣农食品有限公司,O形圈,134.4*3.1,692032,个,3,20,60.00,60,张孝闽,
2025/8/11,XR43W2508024,江西圣农食品有限公司,O形圈,119.4*3.1,692056,个,3,30,90.00,90,张孝闽,
2025/8/11,XR43W2508024,江西圣农食品有限公司,O形圈,113.66*5.33,692057,个,2,15,30.00,30,张孝闽,
2025/8/11,XR43W2508024,江西圣农食品有限公司,O形圈,109.4*3.1,692067,个,1,22,22.00,22,张孝闽,
2025/8/11,XR43W2508024,江西圣农食品有限公司,O形圈,104.4*3.1,692051,个,2,23,46.00,46,张孝闽,
2025/8/11,XR43W2508024,江西圣农食品有限公司,O形圈,99.4*3.1,692058,个,1,12,12.00,12,张孝闽,
2025/8/11,XR43W2508024,江西圣农食品有限公司,O形圈,79.5*2,692055,个,8,40,320.00,320,张孝闽,
2025/8/11,XR43W2508024,江西圣农食品有限公司,O形圈,75.87*2.62,692033,个,1,5,5.00,5,张孝闽,
2025/8/11,XR43W2508024,江西圣农食品有限公司,O形圈,56.82*2.62,692052,个,1,9,9.00,9,张孝闽,
2025/8/11,XR43W2508024,江西圣农食品有限公司,O形圈,56*2,692065,个,2,10,20.00,20,张孝闽,
2025/8/11,XR43W2508024,江西圣农食品有限公司,O形圈,44.04*3.53,692047,个,3,6,18.00,18,张孝闽,
2025/8/11,XR43W2508024,江西圣农食品有限公司,O形圈,35*3,692044,个,2,6,12.00,12,张孝闽,
2025/8/11,XR43W2508024,江西圣农食品有限公司,O形圈,12.37*2.62,692037,个,2,1,2.00,2,张孝闽,
2025/8/11,XR43W2508024,江西圣农食品有限公司,O形圈,11.5*1.5,692038,个,1,10,10.00,10,张孝闽,
2025/8/11,XR43W2508024,江西圣农食品有限公司,O形圈,6.07*1.63,692049,个,1,9,9.00,9,张孝闽,
2025/8/11,XR43W2508024,江西圣农食品有限公司,杆密封环,RT0200400,692019,个,3,385,"1,155.00",1155,张孝闽,
2025/8/11,XR43W2508024,江西圣农食品有限公司,双三角密封环,PDD301250,692018,个,2,1500,"3,000.00",3000,张孝闽,
2025/8/11,XR43W2508024,江西圣农食品有限公司,角接触球轴承,7311 BECBM 55*120*29,615001,个,11,1100,"12,100.00",12100,张孝闽,
2025/8/11,XR43W2508024,江西圣农食品有限公司,圆柱滚子轴承,NU2311 ECML 55*120*43,615000,个,4,2250,"9,000.00",9000,张孝闽,
2025/8/11,XR43W2508024,江西圣农食品有限公司,圆柱滚子轴承,NU2216 ECML 80*140*33,615049,个,2,2175,"4,350.00",4350,张孝闽,
2025/8/11,XR43W2508024,江西圣农食品有限公司,圆柱滚子轴承,NU2212 ECML 60*110*28,615002,个,2,1900,"3,800.00",3800,张孝闽,
2025/8/11,XR43W2508024,江西圣农食品有限公司,O形圈,98.02*3.53,692106,件,1,12,12.00,12,张孝闽,
2025/8/11,XR43W2508024,江西圣农食品有限公司,O形圈,117.07*3.53,692772,件,1,12,12.00,12,张孝闽,
2025/8/11,XR43W2508024,江西圣农食品有限公司,骨架油封,100*120*12 HMS5 RG,692034SK,个,1,170,170.00,170,张孝闽,
2025/8/11,XR43W2508024,江西圣农食品有限公司,密封垫圈,6.7*10*1（爱之福）,692016,个,1,9,9.00,9,张孝闽,
2025/8/12,XR43W2508025,福建圣农食品有限公司,膨胀阀,"TEX5-1,1/2F×5/8F S/T",01170481,件,1,500,500.00,500,张孝闽,
2025/8/12,XR43W2508025,福建圣农食品有限公司,干燥滤芯,48-DC,01160036,件,3,100,300.00,300,张孝闽,
2025/8/12,XR43W2508025,福建圣农食品有限公司,油过滤器,HCYF 53,01150036,件,2,300,600.00,600,张孝闽,
2025/8/12,XR43W2508025,福建圣农食品有限公司,吸气滤芯,FRE-48W,01160025,件,2,150,300.00,300,张孝闽,
2025/8/12,XR43W2508025,福建圣农食品有限公司,螺旋冰刀,F100(∮105×1030),3516080026,件,1,10373,"10,373.00",10373,张孝闽,
2025/8/12,XR43W2508025,福建圣农食品有限公司,油封,FB040065(40×65×8),07010019,件,2,0,0.00,,张孝闽,
2025/8/12,XR43W2508025,福建圣农食品有限公司,轴用弹性挡圈,24,02100078,件,2,0,0.00,,张孝闽,
2025/8/12,XR43W2508025,福建圣农食品有限公司,下轴销(S),F60S(2018V1.0),3516030022,件,1,0,0.00,,张孝闽,
2025/8/12,XR43W2508025,福建圣农食品有限公司,上轴销(S),F60S(2018V1.0),3516030021,件,1,900,900.00,900,张孝闽,
2025/8/12,XR43W2508025,福建圣农食品有限公司,双列角接触轴承,3305S-2Z(24×62×25.4),02090537,件,2,0,0.00,,张孝闽,
2025/8/12,XR43W2508026,福建圣农食品有限公司,无缝管,φ108×4; ,08040139,千克,71.813,7.9999443,574.50,574.5,张孝闽,
2025/8/12,XR43W2508026,福建圣农食品有限公司,镀锌等边角钢,∠50×5,08080104,千克,22.62,8,180.96,180.96,张孝闽,
2025/8/12,XR43W2508026,福建圣农食品有限公司,等径三通,CF415-φ108×4-20 TS,06180059,件,1,80,80.00,80,张孝闽,
2025/8/12,XR43M2508068,福建圣农食品有限公司,制冷剂,"R22(大瓶800KG/瓶,小瓶22.7KG/瓶)",14020053,千克,227,44.05286344,"10,000.00",10000,张孝闽,
2025/8/12,XR43M2508069,福建圣农食品有限公司,制冷剂,"R22(大瓶800KG/瓶,小瓶22.7KG/瓶)",14020053,千克,45.4,44.05286344,"2,000.00",2000,张孝闽,
2025/8/12,XR43M2508067,福建圣农食品有限公司,SRMTEC冷冻油,S008 5L/桶,971148,升,10,50,500.00,500,张孝闽,
2025/8/12,XR43M2508070,甘肃圣越农牧发展有限公司,温度传感器,"902050/10-380-1001-2-6-50-118-03-2000/317,858,999",03050126,件,3,300,900.00,900,张孝闽,
2025/8/12,XR43M2508071,江西圣农食品有限公司,SRMTEC冷冻油,S022 208L/桶,600679,升,208,103.8461538,"21,600.00",21600,张孝闽,
2025/8/14,XR43M2508073,福建圣农发展（浦城）有限公司,油分滤芯,XRCFET-650/810;XRCFET-650/810,01160013,件,7,2100,"14,700.00",14700,张孝闽,
2025/8/14,XR43M2508072,福建圣农食品有限公司,螺旋冰刀,F100(∮105×1030),3516080026,件,1,10373,"10,373.00",10373,张孝闽,
2025/8/20,XR43W2508027,金溪冰缘食品有限公司,包装箱,,586996,件,1,455,455.00,455,张孝闽,
2025/8/20,XR43W2508027,金溪冰缘食品有限公司,SRMTEC冷冻油,S002 20L/桶,971126,升,160,110.3,"17,648.00",17648,张孝闽,
2025/8/20,XR43W2508027,金溪冰缘食品有限公司,截止阀,D=67-79,503050,件,1,2000,"2,000.00",2000,张孝闽,
2025/8/20,XR43W2508027,金溪冰缘食品有限公司,阳转子吸气端衬套,,519353,件,1,500,500.00,500,张孝闽,
2025/8/20,XR43W2508027,金溪冰缘食品有限公司,轴承组,,303367,套,1,4731,"4,731.00",4731,张孝闽,
2025/8/20,XR43W2508027,金溪冰缘食品有限公司,密封垫组,,303181SW,套,1,841,841.00,841,张孝闽,
2025/8/20,XR43W2508027,金溪冰缘食品有限公司,托盘,,586995,件,1,325,325.00,325,张孝闽,
2025/9/5,XR43M2509074,福建信禧诺机电设备贸易有限公司,油泵,HJ4195,01020613,件,1,12500,"12,500.00",12500,张孝闽,
2025/9/15,XR43M2509075,福建圣农发展（浦城）有限公司,二位四通换向阀,YSF32L01-RK,01140164,件,2,2500,"5,000.00",5000,张孝闽,
2025/9/17,XR43M2509076,福建圣农食品有限公司,截止止回阀,VCT80-D-cap,01290057,件,1,1000,"1,000.00",1000,张孝闽,
2025/9/19,XR43M2509077,福建圣农食品（浦城）有限公司,上轴销(S),F150S,3516030064,件,1,145,145.00,145,张孝闽,
2025/9/19,XR43M2509077,福建圣农食品（浦城）有限公司,油封,FB040065(40×65×8),07010019,件,2,15,30.00,30,张孝闽,
2025/9/19,XR43M2509077,福建圣农食品（浦城）有限公司,下轴销(S),F150S,3516030065,件,1,145,145.00,145,张孝闽,
2025/9/19,XR43M2509077,福建圣农食品（浦城）有限公司,轴用弹性挡圈,29,02100079,件,2,15,30.00,30,张孝闽,
2025/9/19,XR43M2509077,福建圣农食品（浦城）有限公司,双列角接触轴承,3306S-2Z(29×72×30.2),02090538,件,2,275,550.00,550,张孝闽,
2025/9/30,XR43W2509028,圣农发展（政和）有限公司,蒸发式冷凝器,SECE2700-Z,3022011710,件,1,190000,"190,000.00",190000,张孝闽,
2025/9/30,XR43W2509028,圣农发展（政和）有限公司,电缆线,"ZRYJV 4×6,3+PE(黄+绿+红+黄绿)",03240880,米,465,22,"10,230.00",10230,张孝闽,
2025/9/30,XR43W2509028,圣农发展（政和）有限公司,蒸发式冷凝器,SECE2700,3022012134,件,2,190000,"380,000.00",380000,张孝闽,
2025/9/30,XR43W2509028,圣农发展（政和）有限公司,电缆线,YJV3×10+1×6.0(黄+绿+红+黄绿),03320052,米,30,35,"1,050.00",1050,张孝闽,
2025/9/30,XR43W2509028,圣农发展（政和）有限公司,蒸发冷控制柜,ZFAC ,80210308,套,1,15600,"15,600.00",15600,张孝闽,
2025/9/30,XR43W2509028,圣农发展（政和）有限公司,无缝管,φ25×2.5,08040022,千克,24.96600012,8.65176636,216.00,216,张孝闽,
2025/9/30,XR43W2509028,圣农发展（政和）有限公司,无缝管,φ133×4.5,08040151,千克,427.8299992,5.25909825,"2,250.00",2250,张孝闽,
2025/9/30,XR43W2509028,圣农发展（政和）有限公司,无缝管,φ159×5,08040239,千克,341.8019839,5.00289665,"1,710.00",1710,张孝闽,
2025/9/30,XR43W2509028,圣农发展（政和）有限公司,180°长半径弯头,CF415-DN20Ⅱ-2.5-20 180EL,06160084,个,3,100,300.00,300,张孝闽,
2025/9/30,XR43W2509028,圣农发展（政和）有限公司,180°短半径弯头,CF415-DN100Ⅱ-4-20 180ES,06160404,件,3,200,600.00,600,张孝闽,
2025/9/30,XR43W2509028,圣农发展（政和）有限公司,90°长半径弯头,CF415-DN20Ⅱ-2.5-20 90EL,06160048,件,6,10,60.00,60,张孝闽,
2025/9/30,XR43W2509028,圣农发展（政和）有限公司,90°长半径弯头,CF415-100Ⅱ-4.0-20 90EL,06160247,件,6,100,600.00,600,张孝闽,
2025/9/30,XR43W2509028,圣农发展（政和）有限公司,90°长半径弯头,CF415-DN125Ⅱ-4.5-20 90EL,06160334,件,3,120,360.00,360,张孝闽,
2025/9/30,XR43W2509028,圣农发展（政和）有限公司,90°长半径弯头,CF415-150Ⅱ-5.0-20 90EL,06160031,件,3,150,450.00,450,张孝闽,
2025/9/30,XR43W2509028,圣农发展（政和）有限公司,等径三通,CF415-φ25×2.5-20 TS,06180048,件,3,150,450.00,450,张孝闽,
2025/9/30,XR43W2509028,圣农发展（政和）有限公司,等径三通,CF415-φ133×4.5-20 TS,06180109,件,3,170,510.00,510,张孝闽,
2025/9/30,XR43W2509028,圣农发展（政和）有限公司,等径三通,CF415-φ159×5-20 TS,06180112,件,3,200,600.00,600,张孝闽,
2025/9/30,XR43W2509028,圣农发展（政和）有限公司,安全阀,BA-42B25C DN20,01301254,套,3,300,900.00,900,张孝闽,
2025/9/30,XR43W2509028,圣农发展（政和）有限公司,直通表阀,RVY10-MPT1/2-M20×1.5,01271237,件,3,150,450.00,450,张孝闽,
2025/9/30,XR43W2509028,圣农发展（政和）有限公司,压力表,"YAN-B100,-0.1-2.4Mpa;1/2"" NPT ",01341194,件,3,150,450.00,450,张孝闽,
2025/9/30,XR43W2509028,圣农发展（政和）有限公司,截止阀,STC 20 M ANG-handwheel,01270219,件,6,200,"1,200.00",1200,张孝闽,
2025/9/30,XR43W2509028,圣农发展（政和）有限公司,截止阀,STC 20 M STR-handwheel,01270228,件,3,200,600.00,600,张孝闽,
2025/9/30,XR43W2509028,圣农发展（政和）有限公司,截止阀,RVY150-D-handwheel,01271980,套,3,2000,"6,000.00",6000,张孝闽,
2025/9/30,XR43W2509028,圣农发展（政和）有限公司,蒸发式冷凝器,SECE2700(标配）,3022011589,件,0,#DIV/0!,0.00,,张孝闽,
2025/10/9,XR43M2509078,福建圣农食品有限公司,SRMTEC冷冻油,S008 5L/桶,971148,升,15,50,750.00,750,张孝闽,
2025/10/10,XR43M2510079,福建圣农发展（浦城）有限公司,扫冰板2,900×90×100,3001160259,件,1,1400,"1,400.00",1400,张孝闽,
2025/10/10,XR43M2510079,福建圣农发展（浦城）有限公司,扫冰板4,710×90×100,3001160261,件,1,1200,"1,200.00",1200,张孝闽,
2025/10/10,XR43M2510079,福建圣农发展（浦城）有限公司,扫冰板1,980×90×100,3001160258,件,1,1500,"1,500.00",1500,张孝闽,
2025/10/10,XR43M2510079,福建圣农发展（浦城）有限公司,扫冰板3,830×90×100,3001160260,件,1,1300,"1,300.00",1300,张孝闽,
2025/10/13,XR43W2510030,圣农发展（政和）有限公司,轴封,GA-151300,600502JC,个,1,26780,"26,780.00",26780,张孝闽,
2025/10/13,XR43W2510030,圣农发展（政和）有限公司,O形圈,117.07*3.53,692772,件,1,10,10.00,10,张孝闽,
2025/10/13,XR43W2510030,圣农发展（政和）有限公司,O形圈,98.02*3.53,692106,件,2,5,10.00,10,张孝闽,
2025/10/13,XR43W2510030,圣农发展（政和）有限公司,O形圈,174.3*3.1,692111,件,2,100,200.00,200,张孝闽,
2025/10/14,XR43W2510029,圣农发展（政和）有限公司,截止阀,STC 80 M STR-handwheel,01270226,件,4,1200,"4,800.00",4800,张孝闽,
2025/10/15,XR43M2510081,福建圣农食品有限公司,冷风机出风滤网,735×735×300,3028075440,件,3,1100,"3,300.00",3300,张孝闽,
2025/10/17,XR43M2510080,福建圣农食品有限公司,主轴承（低段M）(MYCOM配件),CS02700-1612C3,01020755,个,1,3380,"3,380.00",3380,张孝闽,
2025/10/17,XR43M2510080,福建圣农食品有限公司,角接触轴承,7313 BECBP,615673,件,2,3200,"6,400.00",6400,张孝闽,
2025/10/17,XR43M2510080,福建圣农食品有限公司,高段侧轴承(MYCOM配件),CS02800-125,01020758,个,2,1820,"3,640.00",3640,张孝闽,
2025/10/17,XR43M2510080,福建圣农食品有限公司,高段主轴承(MYCOM配件),CS02700-125,01020757,个,2,1875,"3,750.00",3750,张孝闽,
2025/10/20,XR43W2510032,圣农发展（政和）有限公司,O形圈,94.84*3.53,692770,件,1,13.5,13.50,13.5,张孝闽,
2025/10/20,XR43W2510032,圣农发展（政和）有限公司,油分滤芯,XRCFET-650/810;XRCFET-650/810,01160013,件,3,2124,"6,372.00",6372,张孝闽,
2025/10/20,XR43W2510032,圣农发展（政和）有限公司,吸气滤芯,XRALZP9-820S,01160097,件,1,2000,"2,000.00",2000,张孝闽,
2025/10/20,XR43W2510032,圣农发展（政和）有限公司,吸气滤芯,XRALZP9-440S,01160095,件,1,1000,"1,000.00",1000,张孝闽,
2025/10/20,XR43W2510032,圣农发展（政和）有限公司,油过滤器滤芯,XRI2-570AN,01160080,件,15,800,"12,000.00",12000,张孝闽,
2025/10/20,XR43W2510032,圣农发展（政和）有限公司,油过滤器滤芯,XRI2-830AN;XRI2-830AN,01160081,件,15,800,"12,000.00",12000,张孝闽,
2025/10/20,XR43W2510032,圣农发展（政和）有限公司,轴封,LY-0125046,600501EB,件,1,18000,"18,000.00",18000,张孝闽,
2025/10/20,XR43W2510032,圣农发展（政和）有限公司,骨架油封,100*120*12 HMS5 RG,692034SK,个,1,363,363.00,363,张孝闽,
2025/10/20,XR43W2510032,圣农发展（政和）有限公司,O形圈,75.79*3.53,692768,件,1,9,9.00,9,张孝闽,
2025/10/20,XR43W2510032,圣农发展（政和）有限公司,O形圈,75.87*2.62,692033,个,1,6,6.00,6,张孝闽,
2025/10/20,XR43W2510032,圣农发展（政和）有限公司,O形圈,134.4*3.1,692032,个,2,24,48.00,48,张孝闽,
2025/10/20,XR43M2510082,福建圣农食品有限公司,角接触球轴承,7209 BECBM 45*85*19,615866,件,4,1500,"6,000.00",6000,张孝闽,
2025/10/20,XR43W2510031,福建圣农食品有限公司,氨气主机（深圳）,MIC-2000-32,10990230,台,1,6000,"6,000.00",6000,张孝闽,
2025/10/20,XR43W2510031,福建圣农食品有限公司,镀锌等边角钢,∠40×4,08080103,千克,187.6799968,5.1150896,960.00,960,张孝闽,
2025/10/20,XR43W2510031,福建圣农食品有限公司,浪管,LNE-PA-Z(AD-34.5),03260127,米,20,16,320.00,320,张孝闽,
2025/10/20,XR43W2510031,福建圣农食品有限公司,浪管,LNE-PA-Z(AD-21.2),03260148,米,60,8,480.00,480,张孝闽,
2025/10/20,XR43W2510031,福建圣农食品有限公司,槽式桥架(鑫马),50×50 镀锌+厚1.2,03190241,米,1,0,0.00,,张孝闽,
2025/10/20,XR43W2510031,福建圣农食品有限公司,防爆声光报警灯,BBJ-1，电压24V，红色，LED信号灯90分贝,0119031214,件,10,300,"3,000.00",3000,张孝闽,
2025/10/20,XR43W2510031,福建圣农食品有限公司,不锈钢水管材料,型号：合同号XR43W2510031,0119033019,批,1,0,0.00,,张孝闽,
2025/10/20,XR43W2510031,福建圣农食品有限公司,电缆线(闳联),TRVV3×2.5,03240702,米,600,7.2,"4,320.00",4320,张孝闽,
2025/10/20,XR43W2510031,福建圣农食品有限公司,网线带电源一体线无氧铜网线 复合300米,4芯0.5无氧铜＋2芯1.0无氧铜,0119031213,捆,2,1350,"2,700.00",2700,张孝闽,
2025/10/20,XR43W2510031,福建圣农食品有限公司,气体预处理在线监测系统,TH1000,19061559,件,6,5500,"33,000.00",33000,张孝闽,
2025/10/20,XR43W2510031,福建圣农食品有限公司,探头（深圳）,MIC-300-NH3,10990231,台,6,3000,"18,000.00",18000,张孝闽,
2025/10/28,XR43M2510083,福建圣农发展（浦城）有限公司,波纹电阻,R.XHG.0500.0R50.A1126A ±3%(250-315KW),03000119,件,9,200,"1,800.00",1800,张孝闽,
2025/10/28,XR43M2510085,福建圣农食品有限公司,SRMTEC冷冻油,S019 208L/桶,600677,升,208,45,"9,360.00",9360,张孝闽,
2025/10/28,XR43M2510086,福建圣农食品有限公司,库板自喷漆,SN-BH-ZP （400ML/瓶） 白灰/牙白,0114010021,罐,20,60,"1,200.00",1200,张孝闽,
2025/10/28,XR43M2510087,福建圣农食品有限公司,库板漆,SN-BH， 白灰/牙白,0114010018,升,40,120,"4,800.00",4800,张孝闽,
2025/10/28,XR43M2510088,圣农发展（政和）有限公司,模拟量扩展模块,TM3TI4(可用TM3TI4G替换),03010242,件,9,1050,"9,450.00",9450,张孝闽,
2025/10/28,XR43M2510088,圣农发展（政和）有限公司,容量位移传感器,SN-LDS-280-Cap(275),680502,个,1,4998,"4,998.00",4998,张孝闽,
2025/10/28,XR43M2510088,圣农发展（政和）有限公司,容量位移传感器,SN-LDS-330-Cap-R(325),680514,个,2,6195.3,"12,390.60",12390.6,张孝闽,
2025/10/30,XR43M2510084,福建圣农发展股份有限公司,油封,FB040065(40×65×8),07010019,件,4,0,0.00,,张孝闽,
2025/10/30,XR43M2510084,福建圣农发展股份有限公司,轴用弹性挡圈,24,02100078,件,4,0,0.00,,张孝闽,
2025/10/30,XR43M2510084,福建圣农发展股份有限公司,下轴销(S),F250S,3516030051,件,2,0,0.00,,张孝闽,
2025/10/30,XR43M2510084,福建圣农发展股份有限公司,上轴销(S),F250S,3516030050,件,2,900,"1,800.00",1800,张孝闽,
2025/10/30,XR43M2510084,福建圣农发展股份有限公司,双列角接触轴承,3305S-2Z(24×62×25.4),02090537,件,4,0,0.00,,张孝闽,
2025/11/3,XR43M2510089,福建圣农食品有限公司,屏蔽电泵,SMTP-750-16DE0.8-A,01020683,件,1,12500,"12,500.00",12500,张孝闽,
2025/11/3,XR43M2510090,金溪冰缘食品有限公司,吸气滤芯,FRE-48,01160001,件,4,100,400.00,400,张孝闽,
2025/11/3,XR43M2510090,金溪冰缘食品有限公司,油过滤器滤芯,XRO2-570AS,01160104,件,2,800,"1,600.00",1600,张孝闽,
2025/11/3,XR43M2510090,金溪冰缘食品有限公司,干燥滤芯,48-DC,01160036,件,6,200,"1,200.00",1200,张孝闽,
2025/11/3,XR43M2510090,金溪冰缘食品有限公司,吸气滤芯,FRE-48W,01160025,件,4,120,480.00,480,张孝闽,
2025/11/5,XR43W2511033,福建圣农食品有限公司,通用串口转换器,USB转485/422串口线,19065051,件,1,1200,"1,200.00",1200,张孝闽,
2025/11/5,XR43W2511033,福建圣农食品有限公司,组态软件,组态王7.50 SP1运行版/无限点/USB加密狗(中英文版),03990835,件,1,13300,"13,300.00",13300,张孝闽,
2025/11/5,XR43W2511033,福建圣农食品有限公司,PCI串口卡,CP-134U-DB9M,19065376,件,1,9000,"9,000.00",9000,张孝闽,
2025/11/7,XR43M2511091,福建圣农发展股份有限公司,制冷剂,R507A,14020081,千克,200,52.5,"10,500.00",10500,张孝闽,
2025/11/7,XR43M2511093,圣农食品（政和）有限公司,SRMTEC冷冻油,S019 208L/桶,600677,升,416,45,"18,720.00",18720,张孝闽,
2025/11/7,XR43M2511094,福建圣农食品有限公司,SRMTEC冷冻油,S019 208L/桶,600677,升,624,45,"28,080.00",28080,张孝闽,
2025/11/7,XR43M2511092,福建圣农食品有限公司,SRMTEC冷冻油,S008 20L/桶,971146,升,20,50,"1,000.00",1000,张孝闽,
2025/11/7,XR43M2511092,福建圣农食品有限公司,角接触球轴承,7209 BECBM 45*85*19,615866,件,4,1500,"6,000.00",6000,张孝闽,
2025/11/7,XR43M2511092,福建圣农食品有限公司,SRMTEC冷冻油,S019 208L/桶,600677,升,416,45,"18,720.00",18720,张孝闽,
2025/11/18,XR43W2511034,福建圣农食品有限公司,无缝管,φ159×5,08040239,千克,455.7359785,7.8993105,"3,600.00",3600,张孝闽,
2025/11/18,XR43W2511034,福建圣农食品有限公司,截止阀,RVT150-D-handwheel,01270213,件,1,1500,"1,500.00",1500,张孝闽,
2025/11/18,XR43W2511034,福建圣农食品有限公司,聚氨酯保温弯头,Φ159W,0119032433,个,6,225,"1,350.00",1350,张孝闽,
2025/11/18,XR43W2511034,福建圣农食品有限公司,聚氨酯保温管壳,Φ159L,0119032432,米,22,230,"5,060.00",5060,张孝闽,
2025/11/18,XR43W2511034,福建圣农食品有限公司,镀锌槽钢,63×40×4.8,08050056,千克,159.1200027,9.0497736,"1,440.00",1440,张孝闽,
2025/11/18,XR43W2511034,福建圣农食品有限公司,等径三通,CF415-φ159×5-20 TS,06180112,件,1,150,150.00,150,张孝闽,
2025/11/18,XR43W2511034,福建圣农食品有限公司,90°长半径弯头,CF415-150Ⅱ-5.0-20 90EL,06160031,件,3,150,450.00,450,张孝闽,
2025/11/19,XR43M2511095,福建圣农食品有限公司,制冷剂,R507A,14020081,千克,80,53,"4,240.00",4240,张孝闽,
2025/11/25,XR43W2511035,福建圣农食品有限公司,轴承组,,303365SW,套,1,2520,"2,520.00",2520,张孝闽,
2025/11/25,XR43W2511035,福建圣农食品有限公司,全金属六角法兰面锁紧螺母,M10,613250,件,6,2,12.00,12,张孝闽,
2025/11/25,XR43W2511035,福建圣农食品有限公司,平垫圈,10 10.5*20*2,613910,件,6,1,6.00,6,张孝闽,
2025/11/25,XR43W2511035,福建圣农食品有限公司,接线板,SB-222A,502190,件,1,600,600.00,600,张孝闽,
2025/11/25,XR43W2511035,福建圣农食品有限公司,吸气过滤器,WX373,503058,件,1,125,125.00,125,张孝闽,
2025/11/25,XR43W2511035,福建圣农食品有限公司,电机组件,80HP 400/3/50-460/3/60 Y/D D=257.1,583761,台,1,9680,"9,680.00",9680,张孝闽,
2025/11/25,XR43W2511035,福建圣农食品有限公司,密封垫组,,302490SW,套,1,1050,"1,050.00",1050,张孝闽,
2025/12/2,XR43M2512096,福建圣农食品有限公司,库板自喷漆,SN-BH-ZP （400ML/瓶） 白灰/牙白,0114010021,罐,24,60,"1,440.00",1440,张孝闽,
2025/12/11,XR43M2512097,圣农发展（政和）有限公司,油过滤器滤芯,XRI2-830AN;XRI2-830AN,01160081,件,8,800,"6,400.00",6400,张孝闽,
2025/12/15,XR43W2511036,福建圣农发展（浦城）有限公司,外购辅材,,666666666,Pcs,1,30000,"30,000.00",30000,张孝闽,
2025/12/15,XR43W2511036,福建圣农发展（浦城）有限公司,吊顶式冷风机,SDAS80.3W-J816/1;SDAS80.3W-J816/1,3022034734,件,1,80000,"80,000.00",80000,张孝闽,
2025/12/23,XR43W2512037,圣农发展（政和）有限公司,SRMTEC冷冻油,S019 208L/桶,600677,升,1248,46,"57,408.00",57408,张孝闽,
2025/12/23,XR43W2512037,圣农发展（政和）有限公司,油分滤芯,XRCFET-650/810;XRCFET-650/810,01160013,件,1,2124,"2,124.00",2124,张孝闽,
2025/12/23,XR43W2512037,圣农发展（政和）有限公司,膨胀阀,"TEA20-20,1/2×1/2",01170128,件,2,2750,"5,500.00",5500,张孝闽,
2025/12/24,XR43M2512098,江西圣农食品有限公司,SRMTEC冷冻油,S008 5L/桶,971148,升,5,50,250.00,250,张孝闽,
2025/12/24,XR43M2512099,福建圣农发展（浦城）有限公司,数字量输出模块,TM3DQ16R,03010493,件,3,650,"1,950.00",1950,张孝闽,
2025/12/24,XR43M2512099,福建圣农发展（浦城）有限公司,数字量输入模块,TM3DI8,03010294,件,1,600,600.00,600,张孝闽,
2025/12/24,XR43M2512099,福建圣农发展（浦城）有限公司,可编程控制器,TM241CE40R,03010289,件,2,6000,"12,000.00",12000,张孝闽,
2025/12/24,XR43M2512099,福建圣农发展（浦城）有限公司,数字量输入模块,TM3DI16,03010522,件,2,600,"1,200.00",1200,张孝闽,
2025/12/29,XR43M2512100,福建圣农发展（浦城）有限公司,O形圈,117.07*3.53,692772,件,1,10,10.00,10,张孝闽,
2025/12/29,XR43M2512100,福建圣农发展（浦城）有限公司,O形圈,98.02*3.53,692106,件,2,5,10.00,10,张孝闽,
2025/12/29,XR43M2512100,福建圣农发展（浦城）有限公司,骨架油封,125*150*12 HMS5 RG,692103SK,个,1,990,990.00,990,张孝闽,
2025/12/29,XR43M2512100,福建圣农发展（浦城）有限公司,O形圈,174.3*3.1,692111,件,2,100,200.00,200,张孝闽,
审核日期,销售合同号,客户,物料名称,规格型号,物料编码,"销售
单位","销售
数量",#VALUE!,价税合计,价税合计（本位币）,销售员,方案号
2026/1/8,XR43M2601001,圣农食品（政和）有限公司,SRMTEC冷冻油,S019 208L/桶,600677,升,628,45,"28,260.00",28260,张孝闽,
2026/1/8,XR43M2601001,圣农食品（政和）有限公司,彩印马口铁油桶（中文）,5升装，L168mm*W105mm*H310mm，厚度0.28mm,0119030927,个,1,0,0.00,,张孝闽,
2026/1/8,XR43M2601001,圣农食品（政和）有限公司,SRMTEC冷冻油,S019 20L/桶,970096,升,20,45,900.00,900,张孝闽,
2026/1/14,XR43M2601002,福建圣农发展股份有限公司,制冷剂,R507A,14020081,千克,500,55.5,"27,750.00",27750,陈宇宁,
2026/1/14,XR43M2601004,圣农食品（政和）有限公司,SRMTEC冷冻油,S019 208L/桶,600677,升,1248,45,"56,160.00",56160,张孝闽,
2026/1/15,XR43M2601005,福建圣农食品有限公司,制冷剂,R507A,14020081,千克,100,56,"5,600.00",5600,张孝闽,
2026/1/19,XR43M2601006,圣农食品（政和）有限公司,自动喷漆罐,100％亮光雪人蓝 400ml/瓶,14000044,瓶,12,41,492.00,492,张孝闽,
2026/1/19,XR43W2601001,福建圣农食品有限公司,双列角接触轴承,3305S-2Z(24×62×25.4),02090537,件,2,0,0.00,,张孝闽,
2026/1/19,XR43W2601001,福建圣农食品有限公司,SRMTEC冷冻油,S008 5L/桶,971148,升,30,50,"1,500.00",1500,张孝闽,
2026/1/19,XR43W2601001,福建圣农食品有限公司,干燥滤芯,48-DC,01160036,件,3,100,300.00,300,张孝闽,
2026/1/19,XR43W2601001,福建圣农食品有限公司,油过滤器,HCYF 53,01150036,件,2,300,600.00,600,张孝闽,
2026/1/19,XR43W2601001,福建圣农食品有限公司,吸气滤芯,FRE-48W,01160025,件,2,150,300.00,300,张孝闽,
2026/1/19,XR43W2601001,福建圣农食品有限公司,油封,FB040065(40×65×8),07010019,件,2,0,0.00,,张孝闽,
2026/1/19,XR43W2601001,福建圣农食品有限公司,轴用弹性挡圈,24,02100078,件,2,0,0.00,,张孝闽,
2026/1/19,XR43W2601001,福建圣农食品有限公司,下轴销(S),F60S(2018V1.0),3516030022,件,1,0,0.00,,张孝闽,
2026/1/19,XR43W2601001,福建圣农食品有限公司,上轴销(S),F60S(2018V1.0),3516030021,件,1,900,900.00,900,张孝闽,
2026/1/19,XR43M2601007,福建圣农食品有限公司,油分滤芯,XRCFET-650/810;XRCFET-650/810,01160013,件,3,2100,"6,300.00",6300,张孝闽,
2026/1/19,XR43M2601008,福建圣农发展（浦城）有限公司,双列角接触轴承,3305S-2Z(24×62×25.4),02090537,件,16,0,0.00,,张孝闽,
2026/1/19,XR43M2601008,福建圣农发展（浦城）有限公司,油封,FB040065(40×65×8),07010019,件,16,0,0.00,,张孝闽,
2026/1/19,XR43M2601008,福建圣农发展（浦城）有限公司,轴用弹性挡圈,24,02100078,件,16,0,0.00,,张孝闽,
2026/1/19,XR43M2601008,福建圣农发展（浦城）有限公司,下轴销(S),F250S,3516030051,件,8,0,0.00,,张孝闽,
2026/1/19,XR43M2601008,福建圣农发展（浦城）有限公司,上轴销(S),F250S,3516030050,件,8,900,"7,200.00",7200,张孝闽,
2026/1/21,XR43M2601009,福建圣农食品有限公司,SRMTEC冷冻油,S019 208L/桶,600677,升,208,45,"9,360.00",9360,张孝闽,
2026/1/21,XR43M2601009,福建圣农食品有限公司,叠片挠性联轴器,TD6-210-00C12，详见图纸,02080021,个,1,3600,"3,600.00",3600,张孝闽,
2026/1/21,XR43M2601009,福建圣农食品有限公司,双列角接触轴承,3305S-2Z(24×62×25.4),02090537,件,2,290,580.00,580,张孝闽,
2026/1/22,XR43M2601011,福建圣农食品有限公司,库板自喷漆,SN-BH-ZP （400ML/瓶） 白灰/牙白,0114010021,罐,24,60,"1,440.00",1440,张孝闽,
2026/1/22,XR43M2601012,福建圣农发展股份有限公司,容量位移传感器,SN-LDS-330-Cap-R(325),680514,个,1,6195.3,"6,195.30",6195.3,张孝闽,
2026/1/23,XR43M2601013,福建圣农食品有限公司,主轴承 200，2016低段用，2520高段用(MYCOM配件),CS0279-200,01020699,个,2,4215,"8,430.00",8430,张孝闽,
2026/1/23,XR43M2601013,福建圣农食品有限公司,平衡活塞套 200S／LDH,CS03300-200H,0119031505,件,1,1133,"1,133.00",1133,张孝闽,
2026/1/23,XR43M2601013,福建圣农食品有限公司,止推轴 200，2016低段用，2520高段用 (MYCOM配件),CS03800-200P,01020705,个,1,6400,"6,400.00",6400,张孝闽,
2026/1/23,XR43M2601013,福建圣农食品有限公司,低段M止推轴承(MYCOM配件),CS03800-1612CP,01020761,个,1,3580,"3,580.00",3580,张孝闽,
2026/1/23,XR43M2601013,福建圣农食品有限公司,角接触球轴承,7214 BECBM 70*125*24,616065,件,2,1790,"3,580.00",3580,张孝闽,
2026/1/23,XR43M2601013,福建圣农食品有限公司,止推轴承 1612普通型，增速型高段用(MYCOM配件),CS03800-125P,01020707,个,2,3000,"6,000.00",6000,张孝闽,
2026/1/23,XR43M2601013,福建圣农食品有限公司,平衡活塞套 2016机型用(MYCOM配件),CS03300-160,01020711,个,1,680,680.00,680,张孝闽,
2026/1/23,XR43M2601013,福建圣农食品有限公司,平衡活塞 1612普通型，增速型高段用(MYCOM配件),CS03000-1612C,01020712,个,1,1080,"1,080.00",1080,张孝闽,
2026/1/23,XR43M2601013,福建圣农食品有限公司,高段侧轴承(MYCOM配件),CS02800-125,01020758,个,2,1820,"3,640.00",3640,张孝闽,
2026/1/23,XR43M2601013,福建圣农食品有限公司,高段主轴承(MYCOM配件),CS02700-125,01020757,个,3,1875,"5,625.00",5625,张孝闽,
2026/1/23,XR43M2601013,福建圣农食品有限公司,平衡活塞 200S／LDH,CS03000-200H,0119031519,件,1,1950,"1,950.00",1950,张孝闽,
2026/1/23,XR43M2601013,福建圣农食品有限公司,增速滚珠轴承(MYCOM配件),CS02800-GR160FS,01020760,个,1,2187,"2,187.00",2187,张孝闽,
2026/1/23,XR43M2601013,福建圣农食品有限公司,主轴承（低段M）(MYCOM配件),CS02700-1612C3,01020755,个,1,3380,"3,380.00",3380,张孝闽,
2026/1/23,XR43M2601013,福建圣农食品有限公司,主轴承160S／L,CS0279-160,0119031498,件,3,3200,"9,600.00",9600,张孝闽,
2026/1/23,XR43M2601013,福建圣农食品有限公司,角接触轴承,7313 BECBP,615673,件,4,3136,"12,544.00",12544,张孝闽,
2026/1/23,XR43M2601013,福建圣农食品有限公司,侧轴承 200，2016低段用，2520高段用 (MYCOM配件),CS0289-200,01020700,个,2,3577,"7,154.00",7154,张孝闽,
2026/1/28,XR43M2601015,圣农发展（政和）有限公司,SRMTEC冷冻油,S019 208L/桶,600677,升,1248,45,"56,160.00",56160,张孝闽,
2026/1/28,XR43M2601014,福建圣农食品有限公司,库板自喷漆,SN-BH-ZP （400ML/瓶） 白灰/牙白,0114010021,罐,48,60,"2,880.00",2880,张孝闽,
2026/2/3,XR43M2602017,福建圣农食品有限公司,油分滤芯,XRCFET-650/810;XRCFET-650/810,01160013,件,4,2100,"8,400.00",8400,张孝闽,
2026/2/4,XR43M2602016,福建圣农食品有限公司,制冷剂,R507A,14020081,千克,100,56,"5,600.00",5600,张孝闽,
2026/2/4,XR43M2602018,福建圣农发展股份有限公司,制冷剂,R507A,14020081,千克,200,56,"11,200.00",11200,张孝闽,
2026/2/10,XR43M2602019,福建圣农发展股份有限公司,模拟量扩展模块,TM3TI4(可用TM3TI4G替换),03010242,件,6,1050,"6,300.00",6300,张孝闽,
2026/2/10,XR43M2602020,甘肃圣越农牧发展有限公司,油过滤器滤芯,XRI2-570AN,01160080,件,5,800,"4,000.00",4000,张孝闽,
2026/2/10,XR43M2602021,福建圣农发展（浦城）有限公司,油泵,GG4195,01020612,件,1,11000,"11,000.00",11000,张孝闽,
2026/2/24,XR43W2602003,福建圣农食品有限公司,蒸发式冷凝器,SECE2700,3022012204,件,2,210000,"420,000.00",420000,张孝闽,YPS20260210002
2026/2/24,XR43W2602004,福建圣农食品有限公司,蒸发式冷凝器,SECE2450,3022012205,件,2,200000,"400,000.00",400000,张孝闽,YPS20260210002
2026/2/26,XR43W2602006,福建圣农食品有限公司,下轴承盒定位板,F250S,3516050459,件,1,2190,"2,190.00",2190,张孝闽,
2026/2/26,XR43W2602006,福建圣农食品有限公司,冰库门,1770*840,0119033230,扇,1,7000,"7,000.00",7000,张孝闽,
2026/2/26,XR43W2602006,福建圣农食品有限公司,SRMTEC冷冻油,S009  5L/桶,970035,升,30,100,"3,000.00",3000,张孝闽,
2026/2/26,XR43W2602006,福建圣农食品有限公司,干燥滤芯,48-DC,01160036,件,3,100,300.00,300,张孝闽,
2026/2/26,XR43W2602006,福建圣农食品有限公司,油过滤器,HCYF 53,01150036,件,2,300,600.00,600,张孝闽,
2026/2/26,XR43W2602006,福建圣农食品有限公司,吸气滤芯,FRE-48W,01160025,件,2,150,300.00,300,张孝闽,
2026/2/26,XR43W2602006,福建圣农食品有限公司,油封,FB040065(40×65×8),07010019,件,4,0,0.00,,张孝闽,
2026/2/26,XR43W2602006,福建圣农食品有限公司,轴用弹性挡圈,24,02100078,件,4,0,0.00,,张孝闽,
2026/2/26,XR43W2602006,福建圣农食品有限公司,下轴销(S),F250S,3516030051,件,2,0,0.00,,张孝闽,
2026/2/26,XR43W2602006,福建圣农食品有限公司,上轴销(S),F250S,3516030050,件,2,900,"1,800.00",1800,张孝闽,
2026/2/26,XR43W2602006,福建圣农食品有限公司,双列角接触轴承,3305S-2Z(24×62×25.4),02090537,件,4,0,0.00,,张孝闽,
2026/3/10,XR43M2603022,江西圣农食品有限公司,半封闭活塞压缩机,SP2H0900 ,B20200904000,台,1,8000,"8,000.00",8000,张孝闽,
2026/3/13,XR43M2603023,福建圣农食品（浦城）有限公司,库板自喷漆,SN-BH-ZP （400ML/瓶） 白灰/牙白,0114010021,罐,48,60,"2,880.00",2880,张孝闽,
2026/3/19,XR43M2603024,福建圣农发展股份有限公司,半封闭活塞压缩机,SP4H3000 ,B20803001000,台,1,26000,"26,000.00",26000,张孝闽,
2026/3/20,XR43W2603007,福建圣农发展（浦城）有限公司,O形圈,134.4*3.1,692032,个,6,20,120.00,120,张孝闽,
2026/3/20,XR43W2603007,福建圣农发展（浦城）有限公司,内六角圆柱头螺钉,M24*45,615116,件,24,35,840.00,840,张孝闽,
2026/3/20,XR43W2603007,福建圣农发展（浦城）有限公司,法兰盖 DN125,DN125,210241,个,2,520,"1,040.00",1040,张孝闽,
2026/3/20,XR43W2603007,福建圣农发展（浦城）有限公司,法兰盖 DN150,DN150,210202,个,2,35,70.00,70,张孝闽,
2026/3/20,XR43W2603007,福建圣农发展（浦城）有限公司,迷宫密封圈,,230032,个,2,735,"1,470.00",1470,张孝闽,
2026/3/20,XR43W2603007,福建圣农发展（浦城）有限公司,密封垫,141*175*1.5,290014,个,4,30,120.00,120,张孝闽,
2026/3/20,XR43W2603007,福建圣农发展（浦城）有限公司,密封垫,169*203*1.5,290010,个,4,40,160.00,160,张孝闽,
2026/3/20,XR43W2603007,福建圣农发展（浦城）有限公司,O形圈,199.3*5.7,692081,件,2,45,90.00,90,张孝闽,
2026/3/20,XR43W2603007,福建圣农发展（浦城）有限公司,密封垫圈,6.7*10*1（爱之福）,692016,个,2,18,36.00,36,张孝闽,
2026/3/20,XR43W2603007,福建圣农发展（浦城）有限公司,活塞导向环,GP6900350,692050,个,2,70,140.00,140,张孝闽,
2026/3/20,XR43W2603007,福建圣农发展（浦城）有限公司,杆密封环,RT0200400,692019,个,2,385,770.00,770,张孝闽,
2026/3/20,XR43W2603007,福建圣农发展（浦城）有限公司,双三角密封环,PDD301600,692046,个,2,2200,"4,400.00",4400,张孝闽,
2026/3/20,XR43W2603007,福建圣农发展（浦城）有限公司,活塞导向环,GP6901600,692042,个,2,300,600.00,600,张孝闽,
2026/3/20,XR43W2603007,福建圣农发展（浦城）有限公司,旋转格莱圈,TG4100350,692435,件,2,260,520.00,520,张孝闽,
2026/3/20,XR43W2603007,福建圣农发展（浦城）有限公司,圆柱滚子轴承,NU2216 ECML 80*140*33,615049,个,4,2165,"8,660.00",8660,张孝闽,
2026/3/20,XR43W2603007,福建圣农发展（浦城）有限公司,角接触球轴承,7314 BECBM 70*150*35,615048,个,12,1470,"17,640.00",17640,张孝闽,
2026/3/20,XR43W2603007,福建圣农发展（浦城）有限公司,圆柱滚子轴承,NU2314 ECML 70*150*51,615047,个,4,4070,"16,280.00",16280,张孝闽,
2026/3/20,XR43W2603007,福建圣农发展（浦城）有限公司,骨架油封,100*120*12 HMS5 RG,692034SK,个,2,300,600.00,600,张孝闽,
2026/3/20,XR43W2603007,福建圣农发展（浦城）有限公司,轴封,SRMTEC XRA120D2 ,600501EB,件,2,19600,"39,200.00",39200,张孝闽,
2026/3/20,XR43W2603007,福建圣农发展（浦城）有限公司,O形圈,16.36*2.21,692565,件,2,4,8.00,8,张孝闽,
2026/3/20,XR43W2603007,福建圣农发展（浦城）有限公司,O形圈,94.84*3.53,692770,件,2,6.6,13.20,13.2,张孝闽,
2026/3/20,XR43W2603007,福建圣农发展（浦城）有限公司,O形圈,75.79*3.53,692768,件,2,6.8,13.60,13.6,张孝闽,
2026/3/20,XR43W2603007,福建圣农发展（浦城）有限公司,O形圈,6.07*1.63,692049,个,2,9,18.00,18,张孝闽,
2026/3/20,XR43W2603007,福建圣农发展（浦城）有限公司,O形圈,126.59*3.53,692048,个,2,18,36.00,36,张孝闽,
2026/3/20,XR43W2603007,福建圣农发展（浦城）有限公司,O形圈,44.04*3.53,692047,个,2,6,12.00,12,张孝闽,
2026/3/20,XR43W2603007,福建圣农发展（浦城）有限公司,O形圈,148.59*5.33,692045,个,2,22,44.00,44,张孝闽,
2026/3/20,XR43W2603007,福建圣农发展（浦城）有限公司,O形圈,35*3,692044,个,2,6,12.00,12,张孝闽,
2026/3/20,XR43W2603007,福建圣农发展（浦城）有限公司,O形圈,26.64*2.62,691238,件,2,4,8.00,8,张孝闽,
2026/3/20,XR43W2603007,福建圣农发展（浦城）有限公司,O形圈,154.3*3.1,692041,个,4,20,80.00,80,张孝闽,
2026/3/20,XR43W2603007,福建圣农发展（浦城）有限公司,O形圈,39.4*3.1,692040,个,2,6,12.00,12,张孝闽,
2026/3/20,XR43W2603007,福建圣农发展（浦城）有限公司,O形圈,94.5*2,692039,个,8,10,80.00,80,张孝闽,
2026/3/20,XR43W2603007,福建圣农发展（浦城）有限公司,O形圈,11.5*1.5,692038,个,2,10,20.00,20,张孝闽,
2026/3/20,XR43W2603007,福建圣农发展（浦城）有限公司,O形圈,12.37*2.62,692037,个,2,1.5,3.00,3,张孝闽,
2026/3/20,XR43W2603007,福建圣农发展（浦城）有限公司,O形圈,319.3*5.7,692036,个,2,150,300.00,300,张孝闽,
2026/3/20,XR43W2603007,福建圣农发展（浦城）有限公司,O形圈,419.3*5.7,692035,个,4,116,464.00,464,张孝闽,
2026/3/20,XR43W2603007,福建圣农发展（浦城）有限公司,O形圈,75.87*2.62,692033,个,2,5.1,10.20,10.2,张孝闽,
2026/3/24,XR43M2601010,福建圣农食品有限公司,双列角接触轴承,3305S-2Z(24×62×25.4),02090537,件,4,290,"1,160.00",1160,张孝闽,
2026/3/24,XR43M2601010,福建圣农食品有限公司,油封,FB040065(40×65×8),07010019,件,4,15,60.00,60,张孝闽,
2026/3/24,XR43M2601010,福建圣农食品有限公司,轴用弹性挡圈,24,02100078,件,4,0,0.00,,张孝闽,
2026/3/24,XR43M2601010,福建圣农食品有限公司,下轴销(S),F60S(2018V1.0),3516030022,件,2,145,290.00,290,张孝闽,
2026/3/24,XR43M2601010,福建圣农食品有限公司,上轴销(S),F60S(2018V1.0),3516030021,件,2,145,290.00,290,张孝闽,
2026/3/25,XR43M2603025,甘肃圣越农牧发展有限公司,施乐百风机,FV90V-4DF.F7.30.G,0119033311,台,2,14500,"29,000.00",29000,张孝闽,
2026/3/25,XR43M2603027,福建圣农发展（浦城）有限公司,深沟球轴承,6215-2R,02090070,件,1,0,0.00,,张孝闽,
2026/3/25,XR43M2603027,福建圣农发展（浦城）有限公司,调心滚子轴承,23220,02090124,件,1,1800,"1,800.00",1800,张孝闽,
2026/3/25,XR43M2603026,福建圣农发展（浦城）有限公司,螺旋冰刀,F80(∮105×790),3516080014,件,2,8500,"17,000.00",17000,张孝闽,
2026/4/1,XR43W2603008,圣农发展（政和）有限公司,蒸发式冷凝器,SECE3000,3022012490,件,2,210000,"420,000.00",420000,张孝闽,XCB20260228008
2026/4/1,XR43W2603008,圣农发展（政和）有限公司,蒸发式冷凝器,SECE2700,3022012134,件,1,195000,"195,000.00",195000,张孝闽,XCB20260228008
2026/4/1,XR43W2603008,圣农发展（政和）有限公司,蒸发冷改造电控系统,ELC_EVAC;ELC_EVAC,80190338,套,1,13300,"13,300.00",13300,张孝闽,XCB20260228008
2026/4/2,XR43W2604009,福建圣农发展股份有限公司,氨气主机（深圳）,MIC-2000-32,10990230,台,2,4200,"8,400.00",8400,张孝闽,
2026/4/2,XR43W2604009,福建圣农发展股份有限公司,防爆声光报警灯,BBJ-1，电压24V，红色，LED信号灯90分贝,0119031214,件,2,300,600.00,600,张孝闽,
2026/4/2,XR43W2604009,福建圣农发展股份有限公司,电缆线,"YC3×2.5+2×1.5,3+N+PE(棕+黑+灰+兰+黄绿)",03241132,米,50,20,"1,000.00",1000,张孝闽,
2026/4/2,XR43W2604009,福建圣农发展股份有限公司,网线带电源一体线无氧铜网线 复合300米,4芯0.5无氧铜＋2芯1.0无氧铜,0119031213,捆,20,400,"8,000.00",8000,张孝闽,
2026/4/2,XR43W2604009,福建圣农发展股份有限公司,在线式氨气检测仪（逸云天）,MIC-300-NH3-A,0119033323,件,20,2000,"40,000.00",40000,张孝闽,
2026/4/14,XR43W2604010,福建圣农发展股份有限公司,SRMTEC冷冻油,S008;5L/桶,971148,升,30,50,"1,500.00",1500,张孝闽,
2026/4/14,XR43W2604010,福建圣农发展股份有限公司,干燥滤芯,48-DC,01160036,件,3,150,450.00,450,张孝闽,
2026/4/14,XR43W2604010,福建圣农发展股份有限公司,油过滤器,HCYF 53,01150036,件,2,200,400.00,400,张孝闽,
2026/4/14,XR43W2604010,福建圣农发展股份有限公司,吸气滤芯,FRE-48W,01160025,件,2,200,400.00,400,张孝闽,
2026/4/14,XR43M2604028,江西圣农食品有限公司,油过滤器滤芯,XRI2-570AN,01160080,件,2,800,"1,600.00",1600,张孝闽,
2026/4/16,XR43M2604029,福建圣农发展（浦城）有限公司,O形圈,134.4*3.1,692032,个,4,100,400.00,400,张孝闽,
2026/4/16,XR43M2604029,福建圣农发展（浦城）有限公司,O形圈,94.84*3.53,692770,件,2,12,24.00,24,张孝闽,
2026/4/16,XR43M2604029,福建圣农发展（浦城）有限公司,O形圈,75.79*3.53,692768,件,2,12,24.00,24,张孝闽,
2026/4/16,XR43M2604029,福建圣农发展（浦城）有限公司,骨架油封,100*120*12 HMS5 RG,692034SK,个,2,160,320.00,320,张孝闽,
2026/4/16,XR43M2604029,福建圣农发展（浦城）有限公司,轴封,SRMTEC XRA120D2 ,600501EB,件,2,19600,"39,200.00",39200,张孝闽,
2026/4/16,XR43M2604029,福建圣农发展（浦城）有限公司,O形圈,75.87*2.62,692033,个,2,16,32.00,32,张孝闽,
2026/4/20,XR43M2604030,福建圣农食品有限公司,SRMTEC冷冻油,S019 208L/桶,600677,升,624,45,"28,080.00",28080,张孝闽,
2026/4/20,XR43W2604011,圣农食品（政和）有限公司,O形圈,174.3*3.1,692111,件,2,90,180.00,180,张孝闽,
2026/4/20,XR43W2604011,圣农食品（政和）有限公司,触摸屏,6AV6 648-0EC11-3AX0,03020682,件,1,3200,"3,200.00",3200,张孝闽,
2026/4/20,XR43W2604011,圣农食品（政和）有限公司,轴封,LY-0126077 ,600502EBJ1,件,1,27000,"27,000.00",27000,张孝闽,
2026/4/20,XR43W2604011,圣农食品（政和）有限公司,骨架油封,125*150*12 HMS5 RG,692103SK,个,1,330,330.00,330,张孝闽,
2026/4/20,XR43W2604011,圣农食品（政和）有限公司,O形圈,117.07*3.53,692772,件,1,10,10.00,10,张孝闽,
2026/4/20,XR43W2604011,圣农食品（政和）有限公司,O形圈,98.02*3.53,692106,件,2,6,12.00,12,张孝闽,
2026/4/21,XR43M2604031,福建圣农食品有限公司,轴流风机,FN045-VDK.4F.V7P1,01111335,件,12,2050,"24,600.00",24600,张孝闽,
2026/4/22,XR43M2604032,福建圣农发展（浦城）有限公司,模拟量扩展模块,TM3TI4(可用TM3TI4G替换),03010242,件,20,1000,"20,000.00",20000,张孝闽,
2026/4/27,XR43M2604033,福建圣农食品有限公司,联轴器,TL4-Y28×60/Y20×40,02080007,个,2,1153,"2,306.00",2306,张孝闽,
2026/4/27,XR43M2604033,福建圣农食品有限公司,SRMTEC冷冻油,S019 208L/桶,600677,升,208,45,"9,360.00",9360,张孝闽,
2026/4/27,XR43M2604034,福建圣农食品有限公司,库板漆,SN-BH， 白灰/牙白,0114010018,升,15,120,"1,800.00",1800,张孝闽,
2026/4/27,XR43M2604035,福建圣农食品有限公司,冰柜把手,FT-1178,02220010,个,2,300,600.00,600,张孝闽,
2026/5/7,XR43M2605037,福建圣农食品（浦城）有限公司,触摸屏,HMIGXU3512,03020594,件,1,3700,"3,700.00",3700,张孝闽,
2026/5/7,XR43M2605038,江西圣农食品有限公司,联轴器,GR38A-28×45/25.4×55,02080126,个,1,1213,"1,213.00",1213,张孝闽,
2026/5/11,XR43M2604036,山东凯新制冷工程有限公司,经济器,ERGC219(2400) ,3020400147,个,5,8600,"43,000.00",43000,张孝闽,
2026/5/11,XR43M2604036,山东凯新制冷工程有限公司,经济器,ERGC219(2000) ,3020550081,个,1,7800,"7,800.00",7800,张孝闽,
2026/5/14,XR43W2605012,福建圣农发展股份有限公司,自动空气分离器,IPS 8,01990901,台,2,160875,"321,750.00",321750,张孝闽,
2026/5/14,XR43W2605012,福建圣农发展股份有限公司,镀锌等边角钢,∠40×4,08080103,千克,46.91999921,5.541347067,260.00,260,张孝闽,
2026/5/14,XR43W2605012,福建圣农发展股份有限公司,等径三通,CF415-φ25×2.5-20 TS,06180048,件,12,10,120.00,120,张孝闽,
2026/5/14,XR43W2605012,福建圣农发展股份有限公司,90°长半径弯头,CF415-DN20Ⅱ-2.5-20 90EL,06160048,件,20,10,200.00,200,张孝闽,
2026/5/14,XR43W2605012,福建圣农发展股份有限公司,无缝管,φ25×2.5,08040022,千克,110.9600005,5.76784424,640.00,640,张孝闽,
2026/5/14,XR43W2605012,福建圣农发展股份有限公司,电缆线,"YC3×4.0+2×2.5,3+N+PE(棕+黑+灰+浅蓝+黄绿)",03241133,米,150,25,"3,750.00",3750,张孝闽,
2026/5/14,XR43W2605012,福建圣农发展股份有限公司,电缆线,RVV2×0.75(红+黑),03240955,米,200,6,"1,200.00",1200,张孝闽,
2026/5/14,XR43W2605012,福建圣农发展股份有限公司,截止阀,STC 20 M STR-handwheel,01270228,件,24,270,"6,480.00",6480,张孝闽,
2026/5/14,XR43W2605012,福建圣农发展股份有限公司,直通式过滤器,FIA20-Y,01150548,件,12,150,"1,800.00",1800,张孝闽,
2026/5/14,XR43W2605012,福建圣农发展股份有限公司,电磁阀线圈,018F6701,01140086,件,12,150,"1,800.00",1800,张孝闽,
2026/5/14,XR43W2605012,福建圣农发展股份有限公司,电磁阀,ICF 20-2-121,01140389,件,12,2500,"30,000.00",30000,张孝闽,
2026/5/14,XR43W2605012,福建圣农发展股份有限公司,液位控制器(Danfoss),SV3(027B2023),01190064,个,2,5000,"10,000.00",10000,张孝闽,
2026/5/14,XR43M2605039,福建圣农食品有限公司,滤芯(西安四星）,G4161-XR(52bar),01160061,个,3,800,"2,400.00",2400,张孝闽,
2026/5/14,XR43M2605039,福建圣农食品有限公司,叠片挠性联轴器,TD6-210-00B34,0119033409,件,1,3600,"3,600.00",3600,张孝闽,
2026/5/14,XR43M2605040,福建圣农食品有限公司,SRMTEC冷冻油,S008;20L/桶,971146,升,200,50,"10,000.00",10000,张孝闽,
2026/5/20,XR43W2605014,江西圣农食品有限公司,干燥滤芯,48-DC,01160036,件,3,100,300.00,300,张孝闽,
2026/5/20,XR43W2605014,江西圣农食品有限公司,油过滤器,HCYF 53,01150036,件,2,300,600.00,600,张孝闽,
2026/5/20,XR43W2605014,江西圣农食品有限公司,吸气滤芯,FRE-48W,01160025,件,2,150,300.00,300,张孝闽,
2026/5/20,XR43W2605014,江西圣农食品有限公司,SRMTEC冷冻油,S008;5L/桶,971148,升,10,50,500.00,500,张孝闽,
2026/5/20,XR43W2605014,江西圣农食品有限公司,制冷剂,R22,14020053,千克,45.4,28.63436123,"1,300.00",1300,张孝闽,
2026/5/20,XR43W2605014,江西圣农食品有限公司,电缆线,RVV2×0.75(红+黑),03240955,米,60,12,720.00,720,张孝闽,
2026/5/20,XR43W2605014,江西圣农食品有限公司,电缆线,"YC3×2.5+2×1.5,3+N+PE(棕+黑+灰+兰+黄绿)",03241132,米,100,21.6,"2,160.00",2160,张孝闽,
2026/5/20,XR43W2605014,江西圣农食品有限公司,电缆线,YJV3×35+2×16(黄+绿+红+蓝+黄绿),03241749,米,60,180,"10,800.00",10800,张孝闽,
2026/5/20,XR43W2605014,江西圣农食品有限公司,镀锌槽钢,100×48×5.3,08050054,千克,8,480,"3,840.00",3840,张孝闽,
2026/5/20,XR43W2605014,江西圣农食品有限公司,聚氨酯保温弯头,Φ25W,0119032415,个,60,10,600.00,600,张孝闽,
2026/5/20,XR43W2605014,江西圣农食品有限公司,聚氨酯保温管壳,Φ25L,0119032414,米,60,50,"3,000.00",3000,张孝闽,
2026/5/20,XR43W2605014,江西圣农食品有限公司,90°长半径弯头,CF415-DN20Ⅱ-2.5-20 90EL,06160048,件,10,40,400.00,400,张孝闽,
2026/5/20,XR43W2605014,江西圣农食品有限公司,90°长半径弯头,CF415-DN50Ⅱ-3.5-20 90EL,06160248,件,10,30,300.00,300,张孝闽,
2026/5/20,XR43W2605014,江西圣农食品有限公司,无缝管,φ25×2.5,08040022,千克,69.35000034,8.074981936,560.00,560,张孝闽,
2026/5/20,XR43W2605014,江西圣农食品有限公司,无缝管,φ57×3,08040224,千克,199.75,8.010012516,"1,600.00",1600,张孝闽,
2026/5/25,XR43W2605015,福建圣农食品有限公司,SRMTEC冷冻油,S002 200L/桶,971039,升,200,125,"25,000.00",25000,张孝闽,
2026/5/25,XR43W2605015,福建圣农食品有限公司,风机皮带轮,2b16,0119033449,件,5,1800,"9,000.00",9000,张孝闽,
2026/5/25,XR43W2605015,福建圣农食品有限公司,蒸发冷风机皮带,2b144,0119033448,件,3,850,"2,550.00",2550,张孝闽,
2026/5/25,XR43W2605015,福建圣农食品有限公司,蒸发冷风机皮带,2b140,0119033447,件,2,800,"1,600.00",1600,张孝闽,
2026/5/25,XR43W2605015,福建圣农食品有限公司,电磁阀线圈,018F6801;018F6801,01140088,件,5,400,"2,000.00",2000,张孝闽,
2026/5/25,XR43W2605015,福建圣农食品有限公司,电磁阀线圈,018F6701,01140086,件,5,150,750.00,750,张孝闽,
2026/5/25,XR43W2605015,福建圣农食品有限公司,电磁阀线圈,230V-50/60HZ IP65,760525,件,5,300,"1,500.00",1500,张孝闽,
2026/5/25,XR43W2605015,福建圣农食品有限公司,油过滤器滤芯,XRO2-570AS,01160104,件,4,700,"2,800.00",2800,张孝闽,
2026/5/25,XR43W2605015,福建圣农食品有限公司,干燥滤芯,FJ-100A,01160026,件,8,150,"1,200.00",1200,张孝闽,
2026/5/25,XR43W2605015,福建圣农食品有限公司,吸气滤芯,FRE-100W,01160003,件,8,200,"1,600.00",1600,张孝闽,
2026/5/27,XR43M2605041,江西圣农食品有限公司,SRMTEC冷冻油,S008;5L/桶,971148,升,10,60,600.00,600,张孝闽,
2026/5/28,XR43M2605042,福建圣农发展（浦城）有限公司,SRMTEC冷冻油,S022;208L/桶,600679,升,624,108.6538462,"67,800.00",67800,张孝闽,
2026/5/29,XR43M2605043,福建圣农食品有限公司,SRMTEC冷冻油,S008;5L/桶,971148,升,20,50,"1,000.00",1000,张孝闽,
2026/5/29,XR43W2605016,福建圣农发展股份有限公司,压缩机组,SAA2016LS-HALA,3200002421,台,1,320000,"320,000.00",320000,谢翰星,XRQT26050155
2026/6/1,XR43M2606044,福建圣农食品有限公司,容量位移传感器,240,680506,个,1,6195,"6,195.00",6195,张孝闽,
2026/6/4,XR43M2606046,福建圣农发展股份有限公司,SRMTEC冷冻油,S019 208L/桶,600677,升,416,44.95192308,"18,700.00",18700,谢翰星,
2026/6/4,XR43M2606045,福建圣农食品（浦城）有限公司,SRMTEC冷冻油,S019 208L/桶,600677,升,416,45,"18,720.00",18720,谢翰星,
2026/6/4,XR43M2606045,福建圣农食品（浦城）有限公司,SRMTEC冷冻油,S009  5L/桶,970035,升,100,85,"8,500.00",8500,谢翰星,
2026/6/4,XR43M2606047,福建圣农食品有限公司,乙二醇,220kg/桶,14990063,桶,3,3031.6,"9,094.80",9094.8,谢翰星,
2026/6/8,XR43M2606048,福建圣农食品有限公司,油过滤器滤芯,XRI2-570AN,01160080,件,8,800,"6,400.00",6400,张孝闽,
2026/6/8,XR43M2606049,福建圣农食品有限公司,SRMTEC冷冻油,S019 208L/桶,600677,升,208,45,"9,360.00",9360,张孝闽,
2026/6/10,XR43M2606050,江西圣农食品有限公司,油过滤器滤芯,XRI2-570AN,01160080,件,4,800,"3,200.00",3200,张孝闽,
2026/6/10,XR43M2606051,福建日圣食品有限公司,制冷剂,R410A,14000017,千克,50,67.5,"3,375.00",3375,张孝闽,
2026/6/10,XR43W2606018,福建圣农发展（浦城）有限公司,防尘圈,[22 Kg/m3]95*75*8,290001,个,1,40,40.00,40,张孝闽,
2026/6/10,XR43W2606018,福建圣农发展（浦城）有限公司,密封垫,141*175*1.5,290014,个,2,30,60.00,60,张孝闽,
2026/6/10,XR43W2606018,福建圣农发展（浦城）有限公司,密封垫,77*109*1.5,290013,件,2,80,160.00,160,张孝闽,
2026/6/10,XR43W2606018,福建圣农发展（浦城）有限公司,轴封,LY-0126077 ,600502EBJ1,件,1,27000,"27,000.00",27000,张孝闽,
2026/6/10,XR43W2606018,福建圣农发展（浦城）有限公司,骨架油封,125*150*12 HMS5 RG,692103SK,个,1,800,800.00,800,张孝闽,
2026/6/10,XR43W2606018,福建圣农发展（浦城）有限公司,角接触球轴承,7314 BECBM 70*150*35,615048,个,6,1400,"8,400.00",8400,张孝闽,
2026/6/10,XR43W2606018,福建圣农发展（浦城）有限公司,圆柱滚子轴承,NU2314 ECML 70*150*51,615047,个,2,4000,"8,000.00",8000,张孝闽,
2026/6/10,XR43W2606018,福建圣农发展（浦城）有限公司,角接触球轴承,7220 BECBM 100*180*34,615109,件,5,1500,"7,500.00",7500,张孝闽,
2026/6/10,XR43W2606018,福建圣农发展（浦城）有限公司,圆柱滚子轴承,NU220 ECML 100*180*34,615108,件,2,2200,"4,400.00",4400,张孝闽,
2026/6/10,XR43W2606018,福建圣农发展（浦城）有限公司,圆柱滚子轴承,NU2220 ECML 100*180*46,615096,件,2,3500,"7,000.00",7000,张孝闽,
2026/6/10,XR43W2606018,福建圣农发展（浦城）有限公司,双三角密封环,PDD301600,692046,个,2,2200,"4,400.00",4400,张孝闽,
2026/6/10,XR43W2606018,福建圣农发展（浦城）有限公司,O形圈,468.76*6.98,692119,件,1,45,45.00,45,张孝闽,
2026/6/10,XR43W2606018,福建圣农发展（浦城）有限公司,O形圈,560*6,692113,件,1,196,196.00,196,张孝闽,
2026/6/10,XR43W2606018,福建圣农发展（浦城）有限公司,O形圈,575*6,692112,件,1,200,200.00,200,张孝闽,
2026/6/10,XR43W2606018,福建圣农发展（浦城）有限公司,O形圈,203*3,692118,件,4,50,200.00,200,张孝闽,
2026/6/10,XR43W2606018,福建圣农发展（浦城）有限公司,O形圈,174.3*3.1,692111,件,4,100,400.00,400,张孝闽,
2026/6/10,XR43W2606018,福建圣农发展（浦城）有限公司,O形圈,154.3*3.1,692041,个,3,20,60.00,60,张孝闽,
2026/6/10,XR43W2606018,福建圣农发展（浦城）有限公司,O形圈,148.59*5.33,692045,个,2,21,42.00,42,张孝闽,
2026/6/10,XR43W2606018,福建圣农发展（浦城）有限公司,O形圈,126.59*3.53,692048,个,1,18,18.00,18,张孝闽,
2026/6/10,XR43W2606018,福建圣农发展（浦城）有限公司,O形圈,124.4*3.1,692108,件,4,30,120.00,120,张孝闽,
2026/6/10,XR43W2606018,福建圣农发展（浦城）有限公司,O形圈,98.02*3.53,692106,件,1,7,7.00,7,张孝闽,
2026/6/10,XR43W2606018,福建圣农发展（浦城）有限公司,O形圈,94.5*2,692039,个,6,9,54.00,54,张孝闽,
2026/6/10,XR43W2606018,福建圣农发展（浦城）有限公司,O形圈,32*3,692109,件,1,5,5.00,5,张孝闽,
2026/6/10,XR43W2606018,福建圣农发展（浦城）有限公司,法兰盖 DN80,DN80,210200,个,1,150,150.00,150,张孝闽,
2026/6/10,XR43W2606018,福建圣农发展（浦城）有限公司,内六角圆柱头螺钉,M16*30,615117,件,16,5,80.00,80,张孝闽,
2026/6/10,XR43W2606018,福建圣农发展（浦城）有限公司,法兰盖 DN40,DN40,210199,个,1,85,85.00,85,张孝闽,
2026/6/10,XR43W2606018,福建圣农发展（浦城）有限公司,内六角圆柱头螺钉,M24*45,615116,件,12,34,408.00,408,张孝闽,
2026/6/10,XR43W2606018,福建圣农发展（浦城）有限公司,法兰盖 DN150,DN150,210202,个,1,730,730.00,730,张孝闽,
2026/6/10,XR43W2606018,福建圣农发展（浦城）有限公司,内六角凹端紧定螺钉,M10*10,615304,个,2,3,6.00,6,张孝闽,
2026/6/10,XR43W2606018,福建圣农发展（浦城）有限公司,内六角圆柱头螺钉,M30*60,615115,件,6,33,198.00,198,张孝闽,
2026/6/10,XR43W2606018,福建圣农发展（浦城）有限公司,60°密封管螺纹内六角螺塞 NPT3/8",,615053,个,5,56,280.00,280,张孝闽,
2026/6/10,XR43W2606018,福建圣农发展（浦城）有限公司,60°密封管螺纹内六角螺塞,NPT1/4",615018,个,6,15,90.00,90,张孝闽,
2026/6/10,XR43W2606018,福建圣农发展（浦城）有限公司,排气壳体,Vi=5.0,230140,个,1,23000,"23,000.00",23000,张孝闽,
2026/6/10,XR43W2606018,福建圣农发展（浦城）有限公司,卡环垫圈,,210171,个,1,55,55.00,55,张孝闽,
2026/6/10,XR43W2606018,福建圣农发展（浦城）有限公司,防尘圈,[22 Kg/m3]125.5*97.2*8,290004,个,1,35,35.00,35,张孝闽,
2026/6/10,XR43W2606018,福建圣农发展（浦城）有限公司,密封垫,273*312*1.5,290015,件,2,70,140.00,140,张孝闽,
2026/6/10,XR43W2606018,福建圣农发展（浦城）有限公司,内六角圆柱头螺钉,M4*14,615014,个,32,0.5,16.00,16,张孝闽,
2026/6/10,XR43W2606018,福建圣农发展（浦城）有限公司,锁紧螺母,SR-M33*1.5P,615004,个,1,130,130.00,130,张孝闽,
2026/6/10,XR43W2606018,福建圣农发展（浦城）有限公司,油管接头,,210025,个,1,110,110.00,110,张孝闽,
2026/6/10,XR43W2606018,福建圣农发展（浦城）有限公司,卡环垫圈,,210056,个,2,78,156.00,156,张孝闽,
2026/6/10,XR43W2606018,福建圣农发展（浦城）有限公司,密封垫,300*200*1.5,290022,个,1,86,86.00,86,张孝闽,
2026/6/10,XR43W2606018,福建圣农发展（浦城）有限公司,密封垫,120*80*1.5,290021,个,2,103,206.00,206,张孝闽,
2026/6/10,XR43W2606018,福建圣农发展（浦城）有限公司,密封垫,43*75*1.5,290020,个,2,418,836.00,836,张孝闽,
2026/6/10,XR43W2606018,福建圣农发展（浦城）有限公司,O形圈,199.3*5.7,692081,件,1,43,43.00,43,张孝闽,
2026/6/10,XR43W2606018,福建圣农发展（浦城）有限公司,密封垫,169*203*1.5,290010,个,2,42,84.00,84,张孝闽,
2026/6/10,XR43W2606018,福建圣农发展（浦城）有限公司,O形圈,419.3*5.7,692035,个,4,116,464.00,464,张孝闽,
2026/6/10,XR43W2606018,福建圣农发展（浦城）有限公司,O形圈,399.3*5.7,692068,个,1,180,180.00,180,张孝闽,
2026/6/10,XR43W2606018,福建圣农发展（浦城）有限公司,O形圈,339.3*5.7,692053,个,1,115,115.00,115,张孝闽,
2026/6/10,XR43W2606018,福建圣农发展（浦城）有限公司,O形圈,319.3*5.7,692036,个,2,150,300.00,300,张孝闽,
2026/6/10,XR43W2606018,福建圣农发展（浦城）有限公司,O形圈,259.3*5.7,692054,个,1,196,196.00,196,张孝闽,
2026/6/10,XR43W2606018,福建圣农发展（浦城）有限公司,O形圈,184.3*3.1,692066,个,4,30,120.00,120,张孝闽,
2026/6/10,XR43W2606018,福建圣农发展（浦城）有限公司,O形圈,134.4*3.1,692032,个,3,20,60.00,60,张孝闽,
2026/6/10,XR43W2606018,福建圣农发展（浦城）有限公司,O形圈,119.4*3.1,692056,个,3,26,78.00,78,张孝闽,
2026/6/10,XR43W2606018,福建圣农发展（浦城）有限公司,O形圈,113.66*5.33,692057,个,2,14,28.00,28,张孝闽,
2026/6/10,XR43W2606018,福建圣农发展（浦城）有限公司,O形圈,109.4*3.1,692067,个,2,21,42.00,42,张孝闽,
2026/6/10,XR43W2606018,福建圣农发展（浦城）有限公司,O形圈,104.4*3.1,692051,个,2,23,46.00,46,张孝闽,
2026/6/10,XR43W2606018,福建圣农发展（浦城）有限公司,O形圈,99.4*3.1,692058,个,1,11,11.00,11,张孝闽,
2026/6/10,XR43W2606018,福建圣农发展（浦城）有限公司,O形圈,79.5*2,692055,个,8,40,320.00,320,张孝闽,
2026/6/10,XR43W2606018,福建圣农发展（浦城）有限公司,O形圈,75.87*2.62,692033,个,2,5,10.00,10,张孝闽,
2026/6/10,XR43W2606018,福建圣农发展（浦城）有限公司,O形圈,56.82*2.62,692052,个,1,9,9.00,9,张孝闽,
2026/6/10,XR43W2606018,福建圣农发展（浦城）有限公司,O形圈,56*2,692065,个,2,10,20.00,20,张孝闽,
2026/6/10,XR43W2606018,福建圣农发展（浦城）有限公司,O形圈,44.04*3.53,692047,个,6,6,36.00,36,张孝闽,
2026/6/10,XR43W2606018,福建圣农发展（浦城）有限公司,O形圈,35*3,692044,个,4,6,24.00,24,张孝闽,
2026/6/10,XR43W2606018,福建圣农发展（浦城）有限公司,O形圈,12.37*2.62,692037,个,4,8.5,34.00,34,张孝闽,
2026/6/10,XR43W2606018,福建圣农发展（浦城）有限公司,O形圈,11.5*1.5,692038,个,2,10,20.00,20,张孝闽,
2026/6/10,XR43W2606018,福建圣农发展（浦城）有限公司,O形圈,6.07*1.63,692049,个,2,9,18.00,18,张孝闽,
2026/6/10,XR43W2606018,福建圣农发展（浦城）有限公司,杆密封环,RT0200400,692019,个,6,385,"2,310.00",2310,张孝闽,
2026/6/10,XR43W2606018,福建圣农发展（浦城）有限公司,双三角密封环,PDD301250,692018,个,2,1500,"3,000.00",3000,张孝闽,
2026/6/10,XR43W2606018,福建圣农发展（浦城）有限公司,角接触球轴承,7311 BECBM 55*120*29 ,615001,个,11,928,"10,208.00",10208,张孝闽,
2026/6/10,XR43W2606018,福建圣农发展（浦城）有限公司,圆柱滚子轴承,NU2311 ECML 55*120*43 ,615000,个,4,2265,"9,060.00",9060,张孝闽,
2026/6/10,XR43W2606018,福建圣农发展（浦城）有限公司,圆柱滚子轴承,NU2216 ECML 80*140*33,615049,个,4,2164,"8,656.00",8656,张孝闽,
2026/6/10,XR43W2606018,福建圣农发展（浦城）有限公司,圆柱滚子轴承,NU2212 ECML 60*110*28 ,615002,个,2,1725,"3,450.00",3450,张孝闽,
2026/6/10,XR43W2606018,福建圣农发展（浦城）有限公司,轴封,SRMTEC XRA120D2 ,600501EB,件,1,20000,"20,000.00",20000,张孝闽,
2026/6/10,XR43W2606018,福建圣农发展（浦城）有限公司,骨架油封,100*120*12 HMS5 RG,692034SK,个,1,170,170.00,170,张孝闽,
2026/6/10,XR43W2606018,福建圣农发展（浦城）有限公司,密封垫圈,6.7*10*1（爱之福）,692016,个,2,9,18.00,18,张孝闽,
2026/6/10,XR43W2606019,福建圣农食品（浦城）有限公司,SRMTEC冷冻油,S009  5L/桶,970035,升,30,100,"3,000.00",3000,张孝闽,
2026/6/10,XR43W2606019,福建圣农食品（浦城）有限公司,制冷剂,R507A,14020081,千克,150,75,"11,250.00",11250,张孝闽,
2026/6/10,XR43W2606019,福建圣农食品（浦城）有限公司,干燥滤芯,48-DC,01160036,件,4,180,720.00,720,张孝闽,
2026/6/10,XR43W2606019,福建圣农食品（浦城）有限公司,油过滤器,HCYF 53,01150036,件,2,260,520.00,520,张孝闽,
2026/6/10,XR43W2606019,福建圣农食品（浦城）有限公司,吸气滤芯,FRE-48W,01160025,件,2,200,400.00,400,张孝闽,
2026/6/10,XR43M2606054,福建圣农食品有限公司,冰柜把手,FT-1178,02220010,个,6,300,"1,800.00",1800,张孝闽,
2026/6/11,XR43M2606053,甘肃圣越农牧发展有限公司,液体超声波流量传感器,M1,01340768,件,4,1500,"6,000.00",6000,张孝闽,
2026/6/11,XR43M2606055,福建圣农食品有限公司,制冷剂,R404A,14020019,千克,95,66.42105263,"6,310.00",6310,张孝闽,
2026/6/11,XR43M2606056,福建圣农发展股份有限公司,制冷剂,R22,14020053,千克,227,30.5,"6,923.50",6923.5,张孝闽,
2026/6/11,XR43M2606056,福建圣农发展股份有限公司,制冷剂,R507A,14020081,千克,200,66.8,"13,360.00",13360,张孝闽,
2026/6/12,XR43M2606052,福建圣农食品有限公司,乙二醇,220kg/桶,14990063,桶,1,3169.4,"3,169.40",3169.4,张孝闽,
2026/6/15,XR43W2606017,福建圣农食品有限公司,压缩机组,SAA2016LL-HALA ,3200002428,台,3,246666.6667,"740,000.00",740000,张孝闽,XRQT26050158
2026/6/15,XR43W2606017,福建圣农食品有限公司,压缩机组,SAA20L-HALA ,3200002437,台,2,260000,"520,000.00",520000,张孝闽,XRQT26050158
2026/6/25,XR43M2606057,福建圣农发展（浦城）有限公司,SRMTEC冷冻油,S009  5L/桶,970035,升,50,85,"4,250.00",4250,张孝闽,
